draw_id,date,n1,n2,n3,n4,n5,n6,special,source
93/001,1993-01-05,1,8,13,24,35,43,33,github:icelam/mark-six-data-visualization
93/002,1993-01-07,6,8,16,21,24,42,37,github:icelam/mark-six-data-visualization
93/003,1993-01-12,5,6,19,25,27,45,39,github:icelam/mark-six-data-visualization
93/004,1993-01-14,2,16,27,29,36,43,35,github:icelam/mark-six-data-visualization
93/005,1993-01-19,3,7,13,18,19,31,23,github:icelam/mark-six-data-visualization
93/006,1993-01-26,19,27,35,39,41,43,16,github:icelam/mark-six-data-visualization
93/007,1993-01-28,10,20,24,31,34,39,29,github:icelam/mark-six-data-visualization
93/008,1993-02-02,1,6,18,19,29,39,41,github:icelam/mark-six-data-visualization
93/009,1993-02-04,4,22,25,30,34,39,26,github:icelam/mark-six-data-visualization
93/010,1993-02-09,4,11,24,31,34,35,40,github:icelam/mark-six-data-visualization
93/011,1993-02-11,18,26,27,28,40,42,20,github:icelam/mark-six-data-visualization
93/012,1993-02-16,4,10,29,30,35,41,31,github:icelam/mark-six-data-visualization
93/013,1993-02-18,1,2,13,18,29,32,26,github:icelam/mark-six-data-visualization
93/014,1993-02-23,8,10,12,22,26,31,25,github:icelam/mark-six-data-visualization
93/015,1993-02-25,23,25,32,39,44,45,17,github:icelam/mark-six-data-visualization
93/016,1993-03-02,14,17,25,32,38,39,20,github:icelam/mark-six-data-visualization
93/017,1993-03-04,1,4,8,10,27,30,14,github:icelam/mark-six-data-visualization
93/018,1993-03-09,1,8,15,37,40,42,13,github:icelam/mark-six-data-visualization
93/019,1993-03-11,4,7,9,11,31,42,14,github:icelam/mark-six-data-visualization
93/020,1993-03-16,8,11,12,22,26,28,9,github:icelam/mark-six-data-visualization
93/021,1993-03-18,11,16,20,36,43,45,41,github:icelam/mark-six-data-visualization
93/022,1993-03-23,3,9,14,26,30,39,16,github:icelam/mark-six-data-visualization
93/023,1993-03-25,11,15,19,21,23,29,39,github:icelam/mark-six-data-visualization
93/024,1993-03-30,7,14,22,24,25,36,23,github:icelam/mark-six-data-visualization
93/025,1993-04-01,2,7,8,10,14,42,3,github:icelam/mark-six-data-visualization
93/026,1993-04-06,4,16,21,34,36,38,43,github:icelam/mark-six-data-visualization
93/027,1993-04-08,21,25,29,30,31,35,23,github:icelam/mark-six-data-visualization
93/028,1993-04-13,4,11,16,27,37,40,19,github:icelam/mark-six-data-visualization
93/029,1993-04-15,2,7,27,34,35,38,14,github:icelam/mark-six-data-visualization
93/030,1993-04-20,1,4,16,22,33,38,37,github:icelam/mark-six-data-visualization
93/031,1993-04-22,5,24,27,32,39,42,8,github:icelam/mark-six-data-visualization
93/032,1993-04-27,1,6,22,23,32,33,35,github:icelam/mark-six-data-visualization
93/033,1993-04-29,6,19,28,32,37,42,2,github:icelam/mark-six-data-visualization
93/034,1993-05-04,17,21,23,24,28,44,9,github:icelam/mark-six-data-visualization
93/035,1993-05-06,3,9,30,38,40,45,23,github:icelam/mark-six-data-visualization
93/036,1993-05-11,2,16,24,25,26,27,21,github:icelam/mark-six-data-visualization
93/037,1993-05-13,6,14,22,23,26,42,18,github:icelam/mark-six-data-visualization
93/038,1993-05-18,7,13,27,40,41,42,24,github:icelam/mark-six-data-visualization
93/039,1993-05-20,21,22,23,28,35,41,16,github:icelam/mark-six-data-visualization
93/040,1993-05-25,1,10,13,35,40,41,39,github:icelam/mark-six-data-visualization
93/041,1993-05-27,8,18,21,42,44,45,2,github:icelam/mark-six-data-visualization
93/042,1993-06-01,3,8,15,20,34,40,27,github:icelam/mark-six-data-visualization
93/043,1993-06-03,1,5,7,12,15,23,19,github:icelam/mark-six-data-visualization
93/044,1993-06-08,1,5,9,11,44,45,4,github:icelam/mark-six-data-visualization
93/045,1993-06-10,2,7,19,21,27,45,43,github:icelam/mark-six-data-visualization
93/046,1993-06-15,5,6,11,29,37,41,25,github:icelam/mark-six-data-visualization
93/047,1993-06-17,12,16,25,27,32,45,6,github:icelam/mark-six-data-visualization
93/048,1993-06-22,2,3,8,17,25,30,6,github:icelam/mark-six-data-visualization
93/049,1993-06-29,12,13,27,32,40,43,28,github:icelam/mark-six-data-visualization
93/050,1993-07-01,3,5,6,22,24,36,20,github:icelam/mark-six-data-visualization
93/051,1993-07-06,12,17,20,23,39,42,33,github:icelam/mark-six-data-visualization
93/052,1993-07-08,7,17,21,31,33,40,20,github:icelam/mark-six-data-visualization
93/053,1993-07-13,6,11,15,17,37,39,21,github:icelam/mark-six-data-visualization
93/054,1993-07-15,9,14,18,26,30,45,41,github:icelam/mark-six-data-visualization
93/055,1993-07-20,1,6,14,34,40,45,36,github:icelam/mark-six-data-visualization
93/056,1993-07-22,2,5,14,15,27,32,40,github:icelam/mark-six-data-visualization
93/057,1993-07-27,18,22,23,29,33,44,43,github:icelam/mark-six-data-visualization
93/058,1993-07-29,12,14,18,20,23,37,16,github:icelam/mark-six-data-visualization
93/059,1993-08-03,4,7,11,36,39,45,32,github:icelam/mark-six-data-visualization
93/060,1993-08-05,1,6,21,26,27,33,18,github:icelam/mark-six-data-visualization
93/061,1993-08-10,2,9,14,16,21,38,34,github:icelam/mark-six-data-visualization
93/062,1993-08-12,1,16,24,28,34,40,14,github:icelam/mark-six-data-visualization
93/063,1993-08-17,9,12,15,22,24,26,8,github:icelam/mark-six-data-visualization
93/064,1993-08-19,8,17,21,35,37,44,11,github:icelam/mark-six-data-visualization
93/065,1993-08-24,3,6,27,32,37,43,15,github:icelam/mark-six-data-visualization
93/066,1993-08-26,3,10,18,21,27,41,22,github:icelam/mark-six-data-visualization
93/067,1993-08-31,9,12,30,32,40,45,10,github:icelam/mark-six-data-visualization
93/068,1993-09-02,1,14,24,29,42,43,22,github:icelam/mark-six-data-visualization
93/069,1993-09-07,11,13,14,15,19,23,4,github:icelam/mark-six-data-visualization
93/070,1993-09-09,3,4,8,12,20,30,40,github:icelam/mark-six-data-visualization
93/071,1993-09-14,5,6,20,26,33,44,38,github:icelam/mark-six-data-visualization
93/072,1993-09-16,9,18,26,30,33,39,8,github:icelam/mark-six-data-visualization
93/073,1993-09-21,7,14,27,31,43,45,4,github:icelam/mark-six-data-visualization
93/074,1993-09-23,2,5,14,16,24,32,9,github:icelam/mark-six-data-visualization
93/075,1993-09-28,5,7,13,18,19,34,11,github:icelam/mark-six-data-visualization
93/076,1993-09-30,2,6,7,16,29,38,3,github:icelam/mark-six-data-visualization
93/077,1993-10-05,5,7,13,14,18,19,17,github:icelam/mark-six-data-visualization
93/078,1993-10-07,6,8,10,14,23,30,36,github:icelam/mark-six-data-visualization
93/079,1993-10-12,9,20,25,27,40,42,10,github:icelam/mark-six-data-visualization
93/080,1993-10-14,14,31,33,36,39,41,9,github:icelam/mark-six-data-visualization
93/081,1993-10-19,1,6,11,20,27,34,9,github:icelam/mark-six-data-visualization
93/082,1993-10-21,10,12,14,18,22,24,36,github:icelam/mark-six-data-visualization
93/083,1993-10-26,8,19,25,26,43,45,34,github:icelam/mark-six-data-visualization
93/084,1993-10-28,1,24,32,37,38,42,30,github:icelam/mark-six-data-visualization
93/085,1993-11-02,2,4,26,30,34,43,20,github:icelam/mark-six-data-visualization
93/086,1993-11-04,2,3,25,28,38,39,32,github:icelam/mark-six-data-visualization
93/087,1993-11-09,6,9,20,29,34,39,18,github:icelam/mark-six-data-visualization
93/088,1993-11-11,4,8,17,27,40,43,5,github:icelam/mark-six-data-visualization
93/089,1993-11-16,16,17,32,36,41,43,20,github:icelam/mark-six-data-visualization
93/090,1993-11-18,20,24,34,35,37,42,32,github:icelam/mark-six-data-visualization
93/091,1993-11-23,16,20,25,30,40,42,45,github:icelam/mark-six-data-visualization
93/092,1993-11-25,8,12,18,19,37,43,7,github:icelam/mark-six-data-visualization
93/093,1993-11-30,3,7,8,13,28,41,19,github:icelam/mark-six-data-visualization
93/094,1993-12-02,3,13,23,29,36,37,7,github:icelam/mark-six-data-visualization
93/095,1993-12-07,22,24,29,34,35,42,26,github:icelam/mark-six-data-visualization
93/096,1993-12-09,3,5,12,14,23,28,8,github:icelam/mark-six-data-visualization
93/097,1993-12-14,3,8,19,27,32,38,26,github:icelam/mark-six-data-visualization
93/098,1993-12-16,7,17,18,20,24,28,32,github:icelam/mark-six-data-visualization
93/099,1993-12-23,2,16,17,21,24,32,20,github:icelam/mark-six-data-visualization
93/100,1993-12-28,3,5,12,27,28,39,9,github:icelam/mark-six-data-visualization
93/101,1993-12-30,14,16,23,26,32,33,10,github:icelam/mark-six-data-visualization
94/001,1994-01-04,25,29,32,35,36,37,45,github:icelam/mark-six-data-visualization
94/002,1994-01-06,11,13,20,32,36,41,45,github:icelam/mark-six-data-visualization
94/003,1994-01-11,6,8,20,39,41,42,14,github:icelam/mark-six-data-visualization
94/004,1994-01-13,13,15,17,32,33,35,29,github:icelam/mark-six-data-visualization
94/005,1994-01-18,9,12,29,36,40,41,14,github:icelam/mark-six-data-visualization
94/006,1994-01-20,3,7,20,27,28,34,11,github:icelam/mark-six-data-visualization
94/007,1994-01-25,2,6,10,13,17,29,22,github:icelam/mark-six-data-visualization
94/008,1994-01-27,3,5,16,33,35,43,20,github:icelam/mark-six-data-visualization
94/009,1994-02-01,4,6,25,33,37,41,35,github:icelam/mark-six-data-visualization
94/010,1994-02-03,12,13,15,22,34,42,32,github:icelam/mark-six-data-visualization
94/011,1994-02-08,3,9,12,19,24,33,5,github:icelam/mark-six-data-visualization
94/012,1994-02-15,8,10,12,15,27,32,42,github:icelam/mark-six-data-visualization
94/013,1994-02-17,2,7,22,26,42,43,45,github:icelam/mark-six-data-visualization
94/014,1994-02-22,10,13,14,24,31,38,17,github:icelam/mark-six-data-visualization
94/015,1994-02-24,13,28,32,37,39,42,1,github:icelam/mark-six-data-visualization
94/016,1994-03-01,9,17,30,31,36,41,18,github:icelam/mark-six-data-visualization
94/017,1994-03-03,1,4,19,24,27,39,30,github:icelam/mark-six-data-visualization
94/018,1994-03-08,8,26,30,32,39,42,12,github:icelam/mark-six-data-visualization
94/019,1994-03-10,6,7,18,31,37,44,43,github:icelam/mark-six-data-visualization
94/020,1994-03-15,1,5,6,30,32,34,2,github:icelam/mark-six-data-visualization
94/021,1994-03-17,3,10,21,24,34,39,31,github:icelam/mark-six-data-visualization
94/022,1994-03-22,7,8,11,24,27,41,19,github:icelam/mark-six-data-visualization
94/023,1994-03-24,4,18,19,30,36,45,2,github:icelam/mark-six-data-visualization
94/024,1994-03-29,6,17,28,32,39,43,37,github:icelam/mark-six-data-visualization
94/025,1994-03-31,1,5,10,17,23,27,15,github:icelam/mark-six-data-visualization
94/026,1994-04-07,24,26,27,28,30,42,14,github:icelam/mark-six-data-visualization
94/027,1994-04-12,4,13,27,30,40,41,19,github:icelam/mark-six-data-visualization
94/028,1994-04-14,7,12,18,20,30,31,38,github:icelam/mark-six-data-visualization
94/029,1994-04-19,15,18,22,29,39,44,19,github:icelam/mark-six-data-visualization
94/030,1994-04-21,1,5,12,19,24,32,23,github:icelam/mark-six-data-visualization
94/031,1994-04-26,2,4,22,23,25,37,10,github:icelam/mark-six-data-visualization
94/032,1994-04-28,6,13,20,27,29,40,24,github:icelam/mark-six-data-visualization
94/033,1994-05-03,4,6,10,24,25,38,37,github:icelam/mark-six-data-visualization
94/034,1994-05-05,3,6,14,20,26,33,28,github:icelam/mark-six-data-visualization
94/035,1994-05-10,8,10,20,33,40,42,12,github:icelam/mark-six-data-visualization
94/036,1994-05-12,3,18,30,31,32,33,45,github:icelam/mark-six-data-visualization
94/037,1994-05-17,10,11,16,18,32,38,12,github:icelam/mark-six-data-visualization
94/038,1994-05-19,1,2,18,36,38,42,15,github:icelam/mark-six-data-visualization
94/039,1994-05-24,3,6,9,26,39,41,22,github:icelam/mark-six-data-visualization
94/040,1994-05-26,3,14,17,33,34,40,29,github:icelam/mark-six-data-visualization
94/041,1994-05-31,10,12,15,21,28,40,27,github:icelam/mark-six-data-visualization
94/042,1994-06-02,9,29,32,35,37,39,8,github:icelam/mark-six-data-visualization
94/043,1994-06-07,14,24,25,26,27,39,31,github:icelam/mark-six-data-visualization
94/044,1994-06-09,8,13,20,21,22,43,19,github:icelam/mark-six-data-visualization
94/045,1994-06-14,3,7,8,11,16,23,21,github:icelam/mark-six-data-visualization
94/046,1994-06-16,4,5,13,16,37,40,7,github:icelam/mark-six-data-visualization
94/047,1994-06-21,1,4,18,37,38,40,42,github:icelam/mark-six-data-visualization
94/048,1994-06-23,2,12,14,16,20,43,13,github:icelam/mark-six-data-visualization
94/049,1994-06-28,2,6,7,16,32,42,11,github:icelam/mark-six-data-visualization
94/050,1994-06-30,8,16,20,22,37,45,40,github:icelam/mark-six-data-visualization
94/051,1994-07-05,21,22,26,29,30,33,4,github:icelam/mark-six-data-visualization
94/052,1994-07-07,16,20,22,23,24,25,44,github:icelam/mark-six-data-visualization
94/053,1994-07-12,10,12,15,17,34,35,5,github:icelam/mark-six-data-visualization
94/054,1994-07-14,3,4,12,19,21,37,45,github:icelam/mark-six-data-visualization
94/055,1994-07-19,6,8,19,20,30,39,17,github:icelam/mark-six-data-visualization
94/056,1994-07-21,3,4,16,18,24,32,23,github:icelam/mark-six-data-visualization
94/057,1994-07-26,4,11,26,30,33,45,1,github:icelam/mark-six-data-visualization
94/058,1994-07-28,3,7,21,24,39,45,18,github:icelam/mark-six-data-visualization
94/059,1994-08-02,6,11,19,29,33,36,20,github:icelam/mark-six-data-visualization
94/060,1994-08-04,1,2,5,14,19,30,23,github:icelam/mark-six-data-visualization
94/061,1994-08-09,4,14,25,33,38,44,12,github:icelam/mark-six-data-visualization
94/062,1994-08-11,1,13,17,20,28,32,44,github:icelam/mark-six-data-visualization
94/063,1994-08-16,5,23,25,31,32,44,30,github:icelam/mark-six-data-visualization
94/064,1994-08-18,12,19,23,24,29,44,4,github:icelam/mark-six-data-visualization
94/065,1994-08-23,2,10,22,30,33,38,43,github:icelam/mark-six-data-visualization
94/066,1994-08-25,7,13,19,21,37,38,24,github:icelam/mark-six-data-visualization
94/067,1994-08-30,1,13,22,26,36,45,9,github:icelam/mark-six-data-visualization
94/068,1994-09-01,3,10,15,20,38,40,9,github:icelam/mark-six-data-visualization
94/069,1994-09-06,1,6,17,20,23,30,28,github:icelam/mark-six-data-visualization
94/070,1994-09-08,1,14,16,17,26,33,12,github:icelam/mark-six-data-visualization
94/071,1994-09-13,12,16,17,23,26,35,34,github:icelam/mark-six-data-visualization
94/072,1994-09-15,4,7,10,19,42,44,11,github:icelam/mark-six-data-visualization
94/073,1994-09-20,12,13,18,22,34,40,33,github:icelam/mark-six-data-visualization
94/074,1994-09-22,2,10,18,22,26,45,4,github:icelam/mark-six-data-visualization
94/075,1994-09-27,11,17,18,30,39,42,37,github:icelam/mark-six-data-visualization
94/076,1994-09-29,10,21,23,27,38,40,36,github:icelam/mark-six-data-visualization
94/077,1994-10-04,6,10,14,25,26,30,9,github:icelam/mark-six-data-visualization
94/078,1994-10-06,4,8,11,20,28,31,16,github:icelam/mark-six-data-visualization
94/079,1994-10-11,5,8,13,23,27,44,31,github:icelam/mark-six-data-visualization
94/080,1994-10-14,1,11,19,27,31,33,34,github:icelam/mark-six-data-visualization
94/081,1994-10-18,7,12,20,37,38,41,31,github:icelam/mark-six-data-visualization
94/082,1994-10-20,4,7,17,18,29,45,13,github:icelam/mark-six-data-visualization
94/083,1994-10-25,1,8,40,41,42,43,35,github:icelam/mark-six-data-visualization
94/084,1994-10-27,1,8,16,23,36,37,14,github:icelam/mark-six-data-visualization
94/085,1994-11-01,2,10,20,22,31,32,40,github:icelam/mark-six-data-visualization
94/086,1994-11-03,3,10,15,18,31,37,21,github:icelam/mark-six-data-visualization
94/087,1994-11-08,9,14,18,19,22,29,5,github:icelam/mark-six-data-visualization
94/088,1994-11-10,9,20,29,39,42,44,4,github:icelam/mark-six-data-visualization
94/089,1994-11-15,2,12,26,27,40,45,10,github:icelam/mark-six-data-visualization
94/090,1994-11-17,3,9,10,17,27,41,14,github:icelam/mark-six-data-visualization
94/091,1994-11-22,1,6,31,37,44,45,28,github:icelam/mark-six-data-visualization
94/092,1994-11-24,3,9,17,22,27,38,29,github:icelam/mark-six-data-visualization
94/093,1994-11-29,19,20,29,30,35,43,11,github:icelam/mark-six-data-visualization
94/094,1994-12-01,5,12,21,24,31,35,42,github:icelam/mark-six-data-visualization
94/095,1994-12-06,4,10,21,28,29,35,19,github:icelam/mark-six-data-visualization
94/096,1994-12-08,4,14,15,16,17,33,19,github:icelam/mark-six-data-visualization
94/097,1994-12-13,11,21,29,33,40,41,15,github:icelam/mark-six-data-visualization
94/098,1994-12-15,10,14,15,16,23,29,3,github:icelam/mark-six-data-visualization
94/099,1994-12-20,6,7,9,15,35,43,13,github:icelam/mark-six-data-visualization
94/100,1994-12-23,1,3,6,10,27,30,7,github:icelam/mark-six-data-visualization
94/101,1994-12-29,3,11,15,25,35,36,10,github:icelam/mark-six-data-visualization
95/001,1995-01-03,10,11,22,27,38,39,43,github:icelam/mark-six-data-visualization
95/002,1995-01-05,4,17,23,27,32,45,29,github:icelam/mark-six-data-visualization
95/003,1995-01-10,5,6,24,26,27,43,7,github:icelam/mark-six-data-visualization
95/004,1995-01-12,5,9,19,20,32,44,39,github:icelam/mark-six-data-visualization
95/005,1995-01-17,5,10,11,14,22,28,20,github:icelam/mark-six-data-visualization
95/006,1995-01-19,2,11,21,41,42,45,28,github:icelam/mark-six-data-visualization
95/007,1995-01-24,14,16,22,29,36,41,37,github:icelam/mark-six-data-visualization
95/008,1995-01-26,1,22,24,28,39,42,38,github:icelam/mark-six-data-visualization
95/009,1995-02-03,8,9,16,21,24,33,35,github:icelam/mark-six-data-visualization
95/010,1995-02-07,10,11,26,27,33,35,3,github:icelam/mark-six-data-visualization
95/011,1995-02-09,3,4,5,9,15,22,32,github:icelam/mark-six-data-visualization
95/012,1995-02-14,5,11,13,15,35,36,2,github:icelam/mark-six-data-visualization
95/013,1995-02-16,2,3,9,14,22,44,5,github:icelam/mark-six-data-visualization
95/014,1995-02-21,7,18,23,25,38,44,36,github:icelam/mark-six-data-visualization
95/015,1995-02-23,6,8,10,34,39,41,4,github:icelam/mark-six-data-visualization
95/016,1995-02-28,14,27,33,38,43,44,31,github:icelam/mark-six-data-visualization
95/017,1995-03-02,9,24,28,31,35,39,32,github:icelam/mark-six-data-visualization
95/018,1995-03-07,3,4,5,15,38,45,14,github:icelam/mark-six-data-visualization
95/019,1995-03-09,1,4,12,19,41,44,2,github:icelam/mark-six-data-visualization
95/020,1995-03-14,16,23,26,27,33,40,35,github:icelam/mark-six-data-visualization
95/021,1995-03-16,9,12,20,33,36,42,43,github:icelam/mark-six-data-visualization
95/022,1995-03-21,19,26,30,35,36,45,17,github:icelam/mark-six-data-visualization
95/023,1995-03-23,7,10,11,22,33,41,1,github:icelam/mark-six-data-visualization
95/024,1995-03-28,4,13,15,21,26,27,40,github:icelam/mark-six-data-visualization
95/025,1995-03-30,18,19,22,31,39,40,35,github:icelam/mark-six-data-visualization
95/026,1995-04-04,6,17,33,37,38,44,4,github:icelam/mark-six-data-visualization
95/027,1995-04-06,2,21,25,28,32,43,33,github:icelam/mark-six-data-visualization
95/028,1995-04-11,3,13,18,21,30,35,22,github:icelam/mark-six-data-visualization
95/029,1995-04-13,2,4,22,27,28,44,12,github:icelam/mark-six-data-visualization
95/030,1995-04-18,2,3,7,34,38,43,15,github:icelam/mark-six-data-visualization
95/031,1995-04-20,3,5,21,26,37,40,15,github:icelam/mark-six-data-visualization
95/032,1995-04-25,1,4,30,32,34,36,31,github:icelam/mark-six-data-visualization
95/033,1995-04-27,1,10,20,24,30,42,25,github:icelam/mark-six-data-visualization
95/034,1995-05-02,1,3,14,18,23,25,29,github:icelam/mark-six-data-visualization
95/035,1995-05-04,2,3,4,7,34,43,11,github:icelam/mark-six-data-visualization
95/036,1995-05-09,3,7,10,15,27,42,23,github:icelam/mark-six-data-visualization
95/037,1995-05-11,8,17,32,35,39,44,27,github:icelam/mark-six-data-visualization
95/038,1995-05-16,7,14,19,26,28,34,45,github:icelam/mark-six-data-visualization
95/039,1995-05-18,4,9,10,15,37,44,38,github:icelam/mark-six-data-visualization
95/040,1995-05-23,3,15,32,34,35,37,41,github:icelam/mark-six-data-visualization
95/041,1995-05-25,11,21,27,36,42,45,7,github:icelam/mark-six-data-visualization
95/042,1995-05-30,2,8,13,22,42,44,41,github:icelam/mark-six-data-visualization
95/043,1995-06-01,4,8,15,22,24,29,26,github:icelam/mark-six-data-visualization
95/044,1995-06-06,9,10,21,24,27,41,23,github:icelam/mark-six-data-visualization
95/045,1995-06-08,8,16,18,21,23,32,33,github:icelam/mark-six-data-visualization
95/046,1995-06-13,15,20,27,37,40,41,39,github:icelam/mark-six-data-visualization
95/047,1995-06-15,14,20,24,36,38,44,42,github:icelam/mark-six-data-visualization
95/048,1995-06-20,4,7,9,16,18,24,13,github:icelam/mark-six-data-visualization
95/049,1995-06-22,14,20,33,34,36,44,10,github:icelam/mark-six-data-visualization
95/050,1995-06-27,4,16,21,37,39,43,40,github:icelam/mark-six-data-visualization
95/051,1995-06-29,1,2,5,12,24,45,19,github:icelam/mark-six-data-visualization
95/052,1995-07-04,8,26,27,37,39,45,34,github:icelam/mark-six-data-visualization
95/053,1995-07-06,2,10,15,19,43,44,11,github:icelam/mark-six-data-visualization
95/054,1995-07-11,13,30,35,36,40,45,34,github:icelam/mark-six-data-visualization
95/055,1995-07-13,4,7,8,21,23,24,30,github:icelam/mark-six-data-visualization
95/056,1995-07-18,5,6,15,16,17,40,30,github:icelam/mark-six-data-visualization
95/057,1995-07-20,9,14,19,23,41,44,18,github:icelam/mark-six-data-visualization
95/058,1995-07-25,1,2,13,15,30,31,37,github:icelam/mark-six-data-visualization
95/059,1995-07-27,16,19,29,30,36,37,10,github:icelam/mark-six-data-visualization
95/060,1995-08-01,16,18,20,21,22,35,23,github:icelam/mark-six-data-visualization
95/061,1995-08-03,5,7,8,10,20,42,38,github:icelam/mark-six-data-visualization
95/062,1995-08-08,12,36,38,41,44,45,1,github:icelam/mark-six-data-visualization
95/063,1995-08-10,5,6,28,31,35,42,36,github:icelam/mark-six-data-visualization
95/064,1995-08-15,1,6,7,17,37,42,5,github:icelam/mark-six-data-visualization
95/065,1995-08-17,6,19,22,35,37,40,45,github:icelam/mark-six-data-visualization
95/066,1995-08-22,10,15,18,19,20,23,26,github:icelam/mark-six-data-visualization
95/067,1995-08-24,2,15,22,23,24,36,16,github:icelam/mark-six-data-visualization
95/068,1995-08-29,3,9,14,22,34,44,40,github:icelam/mark-six-data-visualization
95/069,1995-09-05,2,17,22,25,36,45,39,github:icelam/mark-six-data-visualization
95/070,1995-09-07,4,8,10,13,31,39,14,github:icelam/mark-six-data-visualization
95/071,1995-09-12,6,14,16,19,28,31,7,github:icelam/mark-six-data-visualization
95/072,1995-09-14,2,11,14,16,23,27,28,github:icelam/mark-six-data-visualization
95/073,1995-09-19,8,18,34,35,37,39,4,github:icelam/mark-six-data-visualization
95/074,1995-09-21,19,25,28,34,39,42,33,github:icelam/mark-six-data-visualization
95/075,1995-09-26,1,23,24,29,31,38,25,github:icelam/mark-six-data-visualization
95/076,1995-09-28,1,18,20,27,31,37,19,github:icelam/mark-six-data-visualization
95/077,1995-10-03,2,14,23,26,34,38,43,github:icelam/mark-six-data-visualization
95/078,1995-10-05,1,8,15,31,34,35,9,github:icelam/mark-six-data-visualization
95/079,1995-10-10,8,10,23,31,39,44,17,github:icelam/mark-six-data-visualization
95/080,1995-10-12,12,19,27,29,31,35,1,github:icelam/mark-six-data-visualization
95/081,1995-10-17,1,5,14,17,37,45,24,github:icelam/mark-six-data-visualization
95/082,1995-10-19,8,19,26,28,29,40,43,github:icelam/mark-six-data-visualization
95/083,1995-10-24,6,14,29,33,35,39,34,github:icelam/mark-six-data-visualization
95/084,1995-10-26,4,19,26,30,33,39,22,github:icelam/mark-six-data-visualization
95/085,1995-10-31,11,12,18,26,27,40,20,github:icelam/mark-six-data-visualization
95/086,1995-11-02,4,9,21,23,25,45,42,github:icelam/mark-six-data-visualization
95/087,1995-11-07,2,9,14,20,21,30,45,github:icelam/mark-six-data-visualization
95/088,1995-11-09,1,16,17,19,21,36,41,github:icelam/mark-six-data-visualization
95/089,1995-11-14,7,14,19,25,33,43,44,github:icelam/mark-six-data-visualization
95/090,1995-11-16,1,7,10,13,34,38,12,github:icelam/mark-six-data-visualization
95/091,1995-11-21,15,18,34,36,40,43,19,github:icelam/mark-six-data-visualization
95/092,1995-11-23,2,14,16,33,36,37,12,github:icelam/mark-six-data-visualization
95/093,1995-11-28,2,4,12,18,30,39,44,github:icelam/mark-six-data-visualization
95/094,1995-11-30,3,16,17,25,27,31,43,github:icelam/mark-six-data-visualization
95/095,1995-12-05,5,6,12,13,28,35,20,github:icelam/mark-six-data-visualization
95/096,1995-12-07,1,11,28,29,33,42,9,github:icelam/mark-six-data-visualization
95/097,1995-12-12,5,24,35,39,41,42,45,github:icelam/mark-six-data-visualization
95/098,1995-12-14,5,17,18,36,37,40,42,github:icelam/mark-six-data-visualization
95/099,1995-12-19,1,16,26,28,39,41,37,github:icelam/mark-six-data-visualization
95/100,1995-12-21,5,10,16,25,33,34,6,github:icelam/mark-six-data-visualization
95/101,1995-12-29,3,5,8,22,25,28,15,github:icelam/mark-six-data-visualization
96/001,1996-01-02,4,7,24,29,31,32,42,github:icelam/mark-six-data-visualization
96/002,1996-01-04,6,8,9,10,30,36,40,github:icelam/mark-six-data-visualization
96/003,1996-01-09,2,6,10,21,27,37,13,github:icelam/mark-six-data-visualization
96/004,1996-01-11,12,13,31,33,36,39,14,github:icelam/mark-six-data-visualization
96/005,1996-01-16,1,16,17,28,29,40,31,github:icelam/mark-six-data-visualization
96/006,1996-01-18,8,16,31,35,36,44,25,github:icelam/mark-six-data-visualization
96/007,1996-01-23,4,6,13,21,24,26,31,github:icelam/mark-six-data-visualization
96/008,1996-01-25,5,6,17,20,25,34,44,github:icelam/mark-six-data-visualization
96/009,1996-01-30,13,19,27,30,33,40,38,github:icelam/mark-six-data-visualization
96/010,1996-02-01,12,32,34,40,41,43,29,github:icelam/mark-six-data-visualization
96/011,1996-02-06,8,12,16,19,24,40,23,github:icelam/mark-six-data-visualization
96/012,1996-02-08,5,6,14,19,23,32,41,github:icelam/mark-six-data-visualization
96/013,1996-02-13,11,23,24,32,33,38,26,github:icelam/mark-six-data-visualization
96/014,1996-02-15,2,3,17,20,25,43,1,github:icelam/mark-six-data-visualization
96/015,1996-02-22,6,22,26,28,33,41,25,github:icelam/mark-six-data-visualization
96/016,1996-02-27,2,17,26,34,36,42,20,github:icelam/mark-six-data-visualization
96/017,1996-02-29,8,12,22,32,37,42,14,github:icelam/mark-six-data-visualization
96/018,1996-03-05,13,19,25,36,41,44,39,github:icelam/mark-six-data-visualization
96/019,1996-03-07,11,13,17,19,22,26,40,github:icelam/mark-six-data-visualization
96/020,1996-03-12,4,12,14,21,31,34,7,github:icelam/mark-six-data-visualization
96/021,1996-03-14,15,25,28,31,36,40,18,github:icelam/mark-six-data-visualization
96/022,1996-03-19,14,23,32,35,39,44,20,github:icelam/mark-six-data-visualization
96/023,1996-03-21,8,16,23,28,30,41,17,github:icelam/mark-six-data-visualization
96/024,1996-03-26,10,13,19,23,36,40,1,github:icelam/mark-six-data-visualization
96/025,1996-03-28,8,10,21,23,32,33,34,github:icelam/mark-six-data-visualization
96/026,1996-04-02,2,15,18,24,34,37,42,github:icelam/mark-six-data-visualization
96/027,1996-04-05,9,23,25,29,31,41,45,github:icelam/mark-six-data-visualization
96/028,1996-04-09,11,13,22,26,29,34,20,github:icelam/mark-six-data-visualization
96/029,1996-04-11,25,34,37,43,44,45,24,github:icelam/mark-six-data-visualization
96/030,1996-04-16,5,15,38,39,40,43,23,github:icelam/mark-six-data-visualization
96/031,1996-04-18,5,7,11,15,28,35,23,github:icelam/mark-six-data-visualization
96/032,1996-04-23,1,4,7,25,29,40,26,github:icelam/mark-six-data-visualization
96/033,1996-04-25,10,12,20,22,42,45,29,github:icelam/mark-six-data-visualization
96/034,1996-04-30,7,16,18,20,34,35,38,github:icelam/mark-six-data-visualization
96/035,1996-05-02,1,7,10,14,27,40,45,github:icelam/mark-six-data-visualization
96/036,1996-05-07,3,4,14,25,33,42,1,github:icelam/mark-six-data-visualization
96/037,1996-05-09,1,26,31,40,41,43,28,github:icelam/mark-six-data-visualization
96/038,1996-05-14,5,9,13,23,36,40,3,github:icelam/mark-six-data-visualization
96/039,1996-05-16,13,14,17,21,29,31,35,github:icelam/mark-six-data-visualization
96/040,1996-05-21,7,14,19,21,33,38,18,github:icelam/mark-six-data-visualization
96/041,1996-05-23,3,12,17,28,29,43,8,github:icelam/mark-six-data-visualization
96/042,1996-05-28,7,16,21,25,35,42,8,github:icelam/mark-six-data-visualization
96/043,1996-05-30,17,20,24,25,32,43,1,github:icelam/mark-six-data-visualization
96/044,1996-06-04,4,8,21,24,33,37,19,github:icelam/mark-six-data-visualization
96/045,1996-06-06,2,7,11,15,16,25,40,github:icelam/mark-six-data-visualization
96/046,1996-06-11,7,8,9,13,15,17,4,github:icelam/mark-six-data-visualization
96/047,1996-06-13,5,16,22,27,31,46,47,github:icelam/mark-six-data-visualization
96/048,1996-06-18,3,14,20,24,26,40,44,github:icelam/mark-six-data-visualization
96/049,1996-06-21,5,9,16,18,20,35,46,github:icelam/mark-six-data-visualization
96/050,1996-06-25,1,11,15,24,33,43,14,github:icelam/mark-six-data-visualization
96/051,1996-06-27,6,7,15,20,26,44,42,github:icelam/mark-six-data-visualization
96/052,1996-07-02,2,6,20,42,46,47,5,github:icelam/mark-six-data-visualization
96/053,1996-07-04,2,26,33,40,43,45,46,github:icelam/mark-six-data-visualization
96/054,1996-07-09,8,24,36,39,44,45,12,github:icelam/mark-six-data-visualization
96/055,1996-07-11,16,17,22,30,36,41,39,github:icelam/mark-six-data-visualization
96/056,1996-07-13,9,11,26,37,45,46,13,github:icelam/mark-six-data-visualization
96/057,1996-07-16,6,7,21,23,24,32,12,github:icelam/mark-six-data-visualization
96/058,1996-07-18,3,6,13,15,32,44,40,github:icelam/mark-six-data-visualization
96/059,1996-07-23,10,12,15,25,27,38,11,github:icelam/mark-six-data-visualization
96/060,1996-07-25,8,14,28,33,41,43,42,github:icelam/mark-six-data-visualization
96/061,1996-07-30,5,6,19,30,36,44,43,github:icelam/mark-six-data-visualization
96/062,1996-08-01,5,19,22,33,34,42,12,github:icelam/mark-six-data-visualization
96/063,1996-08-03,4,6,19,40,43,46,47,github:icelam/mark-six-data-visualization
96/064,1996-08-06,1,16,22,25,26,47,5,github:icelam/mark-six-data-visualization
96/065,1996-08-08,1,10,19,27,36,37,21,github:icelam/mark-six-data-visualization
96/066,1996-08-13,2,3,5,17,32,42,39,github:icelam/mark-six-data-visualization
96/067,1996-08-15,13,26,28,35,36,38,39,github:icelam/mark-six-data-visualization
96/068,1996-08-20,7,9,10,31,43,45,30,github:icelam/mark-six-data-visualization
96/069,1996-08-22,14,21,36,39,46,47,16,github:icelam/mark-six-data-visualization
96/070,1996-08-27,4,6,18,20,22,44,46,github:icelam/mark-six-data-visualization
96/071,1996-08-29,7,21,30,31,43,45,12,github:icelam/mark-six-data-visualization
96/072,1996-09-03,3,12,16,20,22,25,38,github:icelam/mark-six-data-visualization
96/073,1996-09-05,12,24,27,28,30,33,5,github:icelam/mark-six-data-visualization
96/074,1996-09-10,2,22,25,30,36,37,14,github:icelam/mark-six-data-visualization
96/075,1996-09-12,9,23,26,30,31,40,13,github:icelam/mark-six-data-visualization
96/076,1996-09-17,8,10,14,17,27,45,9,github:icelam/mark-six-data-visualization
96/077,1996-09-19,5,11,12,36,40,42,31,github:icelam/mark-six-data-visualization
96/078,1996-09-24,7,17,23,24,30,32,11,github:icelam/mark-six-data-visualization
96/079,1996-09-26,6,10,28,29,38,43,13,github:icelam/mark-six-data-visualization
96/080,1996-10-01,10,20,29,32,33,47,31,github:icelam/mark-six-data-visualization
96/081,1996-10-03,15,16,17,23,24,26,7,github:icelam/mark-six-data-visualization
96/082,1996-10-08,3,14,17,24,35,45,7,github:icelam/mark-six-data-visualization
96/083,1996-10-10,3,9,10,17,42,43,16,github:icelam/mark-six-data-visualization
96/084,1996-10-15,2,18,26,32,33,36,40,github:icelam/mark-six-data-visualization
96/085,1996-10-17,5,9,12,22,26,36,2,github:icelam/mark-six-data-visualization
96/086,1996-10-22,20,27,29,30,37,38,34,github:icelam/mark-six-data-visualization
96/087,1996-10-24,14,19,21,30,44,46,34,github:icelam/mark-six-data-visualization
96/088,1996-10-29,4,14,26,33,37,38,1,github:icelam/mark-six-data-visualization
96/089,1996-10-31,3,4,5,8,10,15,18,github:icelam/mark-six-data-visualization
96/090,1996-11-05,2,5,11,15,32,37,41,github:icelam/mark-six-data-visualization
96/091,1996-11-07,8,9,10,15,44,46,16,github:icelam/mark-six-data-visualization
96/092,1996-11-12,3,5,23,29,39,41,13,github:icelam/mark-six-data-visualization
96/093,1996-11-14,6,7,8,29,42,47,34,github:icelam/mark-six-data-visualization
96/094,1996-11-19,1,2,26,39,40,46,7,github:icelam/mark-six-data-visualization
96/095,1996-11-21,4,12,18,27,30,32,31,github:icelam/mark-six-data-visualization
96/096,1996-11-26,9,11,14,18,23,29,46,github:icelam/mark-six-data-visualization
96/097,1996-11-28,4,20,23,31,35,45,22,github:icelam/mark-six-data-visualization
96/098,1996-12-03,1,4,15,16,20,40,30,github:icelam/mark-six-data-visualization
96/099,1996-12-05,9,12,21,25,30,43,26,github:icelam/mark-six-data-visualization
96/100,1996-12-10,11,14,22,23,25,36,6,github:icelam/mark-six-data-visualization
96/101,1996-12-12,2,25,28,30,40,41,31,github:icelam/mark-six-data-visualization
96/102,1996-12-17,11,19,23,29,37,45,7,github:icelam/mark-six-data-visualization
96/103,1996-12-19,2,4,9,16,37,47,24,github:icelam/mark-six-data-visualization
96/104,1996-12-23,9,11,14,20,40,43,45,github:icelam/mark-six-data-visualization
96/105,1996-12-28,22,25,33,35,46,47,5,github:icelam/mark-six-data-visualization
96/106,1996-12-31,9,14,15,21,24,40,46,github:icelam/mark-six-data-visualization
97/001,1997-01-02,16,26,28,30,33,38,47,github:icelam/mark-six-data-visualization
97/002,1997-01-07,2,5,13,38,39,42,8,github:icelam/mark-six-data-visualization
97/003,1997-01-09,9,14,20,24,29,44,33,github:icelam/mark-six-data-visualization
97/004,1997-01-14,12,17,26,27,33,45,44,github:icelam/mark-six-data-visualization
97/005,1997-01-16,2,12,16,37,38,42,22,github:icelam/mark-six-data-visualization
97/006,1997-01-21,2,28,39,44,45,46,3,github:icelam/mark-six-data-visualization
97/007,1997-01-23,12,14,20,29,36,41,10,github:icelam/mark-six-data-visualization
97/008,1997-01-28,5,12,14,27,33,37,11,github:icelam/mark-six-data-visualization
97/009,1997-01-30,4,8,12,13,34,47,14,github:icelam/mark-six-data-visualization
97/010,1997-02-04,29,34,37,39,40,43,32,github:icelam/mark-six-data-visualization
97/011,1997-02-11,8,10,14,27,28,29,17,github:icelam/mark-six-data-visualization
97/012,1997-02-13,2,11,25,26,30,34,37,github:icelam/mark-six-data-visualization
97/013,1997-02-18,1,5,14,27,29,39,44,github:icelam/mark-six-data-visualization
97/014,1997-02-20,9,14,16,24,29,35,17,github:icelam/mark-six-data-visualization
97/015,1997-02-25,4,8,9,36,39,41,7,github:icelam/mark-six-data-visualization
97/016,1997-02-27,20,24,28,29,32,34,4,github:icelam/mark-six-data-visualization
97/017,1997-03-04,7,19,21,24,32,39,46,github:icelam/mark-six-data-visualization
97/018,1997-03-06,1,9,16,18,36,40,6,github:icelam/mark-six-data-visualization
97/019,1997-03-11,7,21,23,26,32,34,3,github:icelam/mark-six-data-visualization
97/020,1997-03-13,3,8,9,21,34,36,12,github:icelam/mark-six-data-visualization
97/021,1997-03-18,6,9,15,21,28,43,17,github:icelam/mark-six-data-visualization
97/022,1997-03-20,1,22,23,39,45,46,26,github:icelam/mark-six-data-visualization
97/023,1997-03-25,15,24,26,28,32,44,11,github:icelam/mark-six-data-visualization
97/024,1997-03-27,2,29,35,40,41,46,45,github:icelam/mark-six-data-visualization
97/025,1997-04-01,4,9,16,25,36,46,12,github:icelam/mark-six-data-visualization
97/026,1997-04-03,3,5,10,18,22,43,12,github:icelam/mark-six-data-visualization
97/027,1997-04-08,6,13,18,21,25,39,5,github:icelam/mark-six-data-visualization
97/028,1997-04-10,1,3,9,10,36,42,47,github:icelam/mark-six-data-visualization
97/029,1997-04-15,2,4,13,18,22,45,25,github:icelam/mark-six-data-visualization
97/030,1997-04-17,1,2,3,8,40,46,18,github:icelam/mark-six-data-visualization
97/031,1997-04-22,5,10,16,22,30,37,14,github:icelam/mark-six-data-visualization
97/032,1997-04-24,10,16,21,22,31,47,12,github:icelam/mark-six-data-visualization
97/033,1997-04-29,4,15,17,19,29,39,33,github:icelam/mark-six-data-visualization
97/034,1997-05-01,12,19,31,35,41,43,4,github:icelam/mark-six-data-visualization
97/035,1997-05-06,1,27,32,35,37,41,5,github:icelam/mark-six-data-visualization
97/036,1997-05-08,3,7,10,15,37,38,42,github:icelam/mark-six-data-visualization
97/037,1997-05-13,7,10,11,14,16,21,17,github:icelam/mark-six-data-visualization
97/038,1997-05-15,14,15,16,28,30,44,33,github:icelam/mark-six-data-visualization
97/039,1997-05-20,1,11,14,27,30,32,38,github:icelam/mark-six-data-visualization
97/040,1997-05-22,5,9,23,27,28,42,22,github:icelam/mark-six-data-visualization
97/041,1997-05-27,2,4,8,19,36,37,44,github:icelam/mark-six-data-visualization
97/042,1997-05-29,6,15,22,29,36,40,35,github:icelam/mark-six-data-visualization
97/043,1997-06-03,6,24,25,35,39,47,43,github:icelam/mark-six-data-visualization
97/044,1997-06-05,14,25,31,35,42,46,45,github:icelam/mark-six-data-visualization
97/045,1997-06-10,31,34,37,42,44,45,35,github:icelam/mark-six-data-visualization
97/046,1997-06-12,7,8,17,26,39,45,22,github:icelam/mark-six-data-visualization
97/047,1997-06-17,12,20,27,31,38,40,47,github:icelam/mark-six-data-visualization
97/048,1997-06-19,3,16,18,22,38,45,5,github:icelam/mark-six-data-visualization
97/049,1997-06-24,10,11,19,28,37,38,34,github:icelam/mark-six-data-visualization
97/050,1997-06-26,17,30,32,38,39,42,4,github:icelam/mark-six-data-visualization
97/051,1997-07-05,1,4,7,9,17,18,40,github:icelam/mark-six-data-visualization
97/052,1997-07-08,3,14,18,26,28,41,23,github:icelam/mark-six-data-visualization
97/053,1997-07-10,5,10,16,19,20,30,34,github:icelam/mark-six-data-visualization
97/054,1997-07-15,6,23,26,34,35,42,27,github:icelam/mark-six-data-visualization
97/055,1997-07-17,1,12,17,19,22,34,15,github:icelam/mark-six-data-visualization
97/056,1997-07-19,1,3,10,14,33,45,30,github:icelam/mark-six-data-visualization
97/057,1997-07-22,3,13,19,35,37,46,39,github:icelam/mark-six-data-visualization
97/058,1997-07-24,6,10,17,25,28,34,9,github:icelam/mark-six-data-visualization
97/059,1997-07-29,14,15,17,37,40,45,39,github:icelam/mark-six-data-visualization
97/060,1997-07-31,2,15,16,22,28,36,14,github:icelam/mark-six-data-visualization
97/061,1997-08-05,12,16,27,33,34,37,43,github:icelam/mark-six-data-visualization
97/062,1997-08-07,16,21,24,32,37,45,29,github:icelam/mark-six-data-visualization
97/063,1997-08-12,2,9,22,26,30,36,38,github:icelam/mark-six-data-visualization
97/064,1997-08-14,3,8,28,32,42,43,41,github:icelam/mark-six-data-visualization
97/065,1997-08-16,2,4,5,27,29,40,9,github:icelam/mark-six-data-visualization
97/066,1997-08-19,19,31,35,37,38,42,18,github:icelam/mark-six-data-visualization
97/067,1997-08-21,12,18,24,30,34,35,20,github:icelam/mark-six-data-visualization
97/068,1997-08-26,3,17,22,29,34,38,14,github:icelam/mark-six-data-visualization
97/069,1997-08-28,3,15,16,19,32,33,26,github:icelam/mark-six-data-visualization
97/070,1997-08-30,8,10,18,26,42,45,14,github:icelam/mark-six-data-visualization
97/071,1997-09-02,6,9,28,30,42,47,35,github:icelam/mark-six-data-visualization
97/072,1997-09-04,2,6,14,26,33,42,40,github:icelam/mark-six-data-visualization
97/073,1997-09-09,2,7,18,29,42,45,10,github:icelam/mark-six-data-visualization
97/074,1997-09-11,1,27,37,43,44,47,22,github:icelam/mark-six-data-visualization
97/075,1997-09-15,6,9,14,15,31,47,42,github:icelam/mark-six-data-visualization
97/076,1997-09-18,5,8,19,28,32,33,44,github:icelam/mark-six-data-visualization
97/077,1997-09-23,9,10,14,30,32,41,37,github:icelam/mark-six-data-visualization
97/078,1997-09-25,1,15,27,34,42,46,33,github:icelam/mark-six-data-visualization
97/079,1997-09-30,6,24,28,31,38,45,13,github:icelam/mark-six-data-visualization
97/080,1997-10-04,8,22,24,26,37,43,6,github:icelam/mark-six-data-visualization
97/081,1997-10-07,8,12,24,26,29,42,6,github:icelam/mark-six-data-visualization
97/082,1997-10-09,5,8,14,25,31,32,18,github:icelam/mark-six-data-visualization
97/083,1997-10-14,6,11,18,24,27,29,7,github:icelam/mark-six-data-visualization
97/084,1997-10-16,7,13,21,27,35,41,38,github:icelam/mark-six-data-visualization
97/085,1997-10-21,14,16,24,25,35,38,29,github:icelam/mark-six-data-visualization
97/086,1997-10-23,14,23,25,29,35,41,8,github:icelam/mark-six-data-visualization
97/087,1997-10-28,2,4,14,32,34,41,5,github:icelam/mark-six-data-visualization
97/088,1997-10-30,7,15,23,26,29,34,18,github:icelam/mark-six-data-visualization
97/089,1997-11-03,3,5,24,37,38,45,6,github:icelam/mark-six-data-visualization
97/090,1997-11-06,14,16,24,25,27,33,47,github:icelam/mark-six-data-visualization
97/091,1997-11-11,7,17,29,35,36,47,44,github:icelam/mark-six-data-visualization
97/092,1997-11-13,9,18,20,24,37,39,35,github:icelam/mark-six-data-visualization
97/093,1997-11-18,3,12,24,33,40,46,1,github:icelam/mark-six-data-visualization
97/094,1997-11-20,7,14,30,35,41,42,20,github:icelam/mark-six-data-visualization
97/095,1997-11-25,1,2,5,19,26,40,24,github:icelam/mark-six-data-visualization
97/096,1997-11-27,8,11,13,40,42,44,36,github:icelam/mark-six-data-visualization
97/097,1997-12-02,19,22,27,28,29,46,21,github:icelam/mark-six-data-visualization
97/098,1997-12-04,9,13,17,18,22,41,26,github:icelam/mark-six-data-visualization
97/099,1997-12-09,21,25,36,42,43,45,47,github:icelam/mark-six-data-visualization
97/100,1997-12-11,3,17,21,23,34,37,1,github:icelam/mark-six-data-visualization
97/101,1997-12-16,4,7,14,20,30,47,9,github:icelam/mark-six-data-visualization
97/102,1997-12-18,5,8,12,16,40,47,22,github:icelam/mark-six-data-visualization
97/103,1997-12-23,9,13,22,34,36,43,35,github:icelam/mark-six-data-visualization
97/104,1997-12-30,14,19,24,30,36,45,23,github:icelam/mark-six-data-visualization
98/001,1998-01-02,5,10,22,35,37,39,25,github:icelam/mark-six-data-visualization
98/002,1998-01-06,9,15,31,32,41,47,14,github:icelam/mark-six-data-visualization
98/003,1998-01-08,4,8,11,32,33,35,3,github:icelam/mark-six-data-visualization
98/004,1998-01-13,1,25,26,33,43,44,18,github:icelam/mark-six-data-visualization
98/005,1998-01-15,3,4,11,22,27,43,37,github:icelam/mark-six-data-visualization
98/006,1998-01-20,13,19,25,34,35,45,24,github:icelam/mark-six-data-visualization
98/007,1998-01-22,1,13,20,26,31,45,40,github:icelam/mark-six-data-visualization
98/008,1998-01-26,4,11,22,29,30,45,25,github:icelam/mark-six-data-visualization
98/009,1998-01-31,9,13,14,16,17,30,39,github:icelam/mark-six-data-visualization
98/010,1998-02-03,3,11,17,25,28,43,26,github:icelam/mark-six-data-visualization
98/011,1998-02-06,2,8,9,15,17,37,28,github:icelam/mark-six-data-visualization
98/012,1998-02-10,1,6,28,30,31,33,22,github:icelam/mark-six-data-visualization
98/013,1998-02-12,11,15,24,25,26,32,30,github:icelam/mark-six-data-visualization
98/014,1998-02-17,29,30,32,35,37,44,21,github:icelam/mark-six-data-visualization
98/015,1998-02-19,12,19,25,27,32,34,1,github:icelam/mark-six-data-visualization
98/016,1998-02-24,2,19,23,26,27,46,30,github:icelam/mark-six-data-visualization
98/017,1998-02-26,1,10,12,23,33,42,39,github:icelam/mark-six-data-visualization
98/018,1998-03-03,1,16,17,20,22,40,34,github:icelam/mark-six-data-visualization
98/019,1998-03-05,20,22,23,41,43,46,8,github:icelam/mark-six-data-visualization
98/020,1998-03-10,5,22,24,26,29,47,1,github:icelam/mark-six-data-visualization
98/021,1998-03-12,19,25,30,36,37,40,14,github:icelam/mark-six-data-visualization
98/022,1998-03-17,2,14,15,24,34,43,25,github:icelam/mark-six-data-visualization
98/023,1998-03-19,2,17,19,34,45,47,12,github:icelam/mark-six-data-visualization
98/024,1998-03-24,1,15,22,28,34,46,14,github:icelam/mark-six-data-visualization
98/025,1998-03-26,5,11,15,18,36,37,39,github:icelam/mark-six-data-visualization
98/026,1998-03-31,6,7,12,44,45,46,23,github:icelam/mark-six-data-visualization
98/027,1998-04-02,15,17,19,21,33,37,2,github:icelam/mark-six-data-visualization
98/028,1998-04-07,2,6,16,22,24,31,32,github:icelam/mark-six-data-visualization
98/029,1998-04-10,7,13,25,28,32,46,17,github:icelam/mark-six-data-visualization
98/030,1998-04-14,3,7,30,35,38,47,39,github:icelam/mark-six-data-visualization
98/031,1998-04-16,1,22,23,34,42,47,39,github:icelam/mark-six-data-visualization
98/032,1998-04-21,11,12,20,27,42,45,25,github:icelam/mark-six-data-visualization
98/033,1998-04-23,5,24,26,29,32,38,19,github:icelam/mark-six-data-visualization
98/034,1998-04-28,11,22,23,30,42,45,39,github:icelam/mark-six-data-visualization
98/035,1998-04-30,4,13,17,23,33,41,9,github:icelam/mark-six-data-visualization
98/036,1998-05-05,11,24,37,38,43,46,18,github:icelam/mark-six-data-visualization
98/037,1998-05-07,4,12,19,27,34,39,42,github:icelam/mark-six-data-visualization
98/038,1998-05-12,2,12,15,16,26,30,24,github:icelam/mark-six-data-visualization
98/039,1998-05-14,2,6,24,33,34,39,26,github:icelam/mark-six-data-visualization
98/040,1998-05-19,13,17,25,26,37,38,16,github:icelam/mark-six-data-visualization
98/041,1998-05-21,2,7,12,15,28,31,19,github:icelam/mark-six-data-visualization
98/042,1998-05-26,1,15,18,32,36,43,31,github:icelam/mark-six-data-visualization
98/043,1998-05-29,3,5,7,20,37,46,16,github:icelam/mark-six-data-visualization
98/044,1998-06-02,4,16,19,33,34,47,39,github:icelam/mark-six-data-visualization
98/045,1998-06-04,1,3,7,8,12,39,34,github:icelam/mark-six-data-visualization
98/046,1998-06-09,11,18,23,29,35,39,36,github:icelam/mark-six-data-visualization
98/047,1998-06-11,22,23,24,28,29,39,38,github:icelam/mark-six-data-visualization
98/048,1998-06-16,5,13,18,23,33,41,37,github:icelam/mark-six-data-visualization
98/049,1998-06-18,3,5,12,29,36,45,40,github:icelam/mark-six-data-visualization
98/050,1998-06-23,7,19,27,33,35,43,9,github:icelam/mark-six-data-visualization
98/051,1998-06-25,4,5,15,36,38,39,46,github:icelam/mark-six-data-visualization
98/052,1998-06-27,4,12,13,21,28,42,41,github:icelam/mark-six-data-visualization
98/053,1998-06-30,2,5,9,29,32,43,47,github:icelam/mark-six-data-visualization
98/054,1998-07-02,11,25,31,35,44,47,30,github:icelam/mark-six-data-visualization
98/055,1998-07-04,4,29,30,35,43,45,25,github:icelam/mark-six-data-visualization
98/056,1998-07-07,1,6,22,30,32,45,16,github:icelam/mark-six-data-visualization
98/057,1998-07-09,9,20,22,28,39,45,19,github:icelam/mark-six-data-visualization
98/058,1998-07-11,3,8,12,28,35,39,37,github:icelam/mark-six-data-visualization
98/059,1998-07-14,5,8,12,23,24,44,31,github:icelam/mark-six-data-visualization
98/060,1998-07-16,2,13,24,25,26,27,23,github:icelam/mark-six-data-visualization
98/061,1998-07-18,20,22,30,32,35,36,33,github:icelam/mark-six-data-visualization
98/062,1998-07-21,2,3,22,24,25,41,27,github:icelam/mark-six-data-visualization
98/063,1998-07-23,1,3,5,14,18,23,25,github:icelam/mark-six-data-visualization
98/064,1998-07-25,3,17,24,34,35,40,15,github:icelam/mark-six-data-visualization
98/065,1998-07-28,1,16,28,32,36,38,14,github:icelam/mark-six-data-visualization
98/066,1998-07-30,16,22,25,26,40,46,44,github:icelam/mark-six-data-visualization
98/067,1998-08-01,2,15,21,28,36,41,3,github:icelam/mark-six-data-visualization
98/068,1998-08-04,1,14,27,31,35,42,5,github:icelam/mark-six-data-visualization
98/069,1998-08-06,16,17,26,30,34,35,13,github:icelam/mark-six-data-visualization
98/070,1998-08-08,12,15,17,29,46,47,23,github:icelam/mark-six-data-visualization
98/071,1998-08-11,10,15,18,35,38,39,12,github:icelam/mark-six-data-visualization
98/072,1998-08-13,18,19,20,23,43,47,40,github:icelam/mark-six-data-visualization
98/073,1998-08-15,27,28,40,42,43,47,34,github:icelam/mark-six-data-visualization
98/074,1998-08-18,4,7,14,18,19,34,20,github:icelam/mark-six-data-visualization
98/075,1998-08-20,14,21,23,39,42,46,37,github:icelam/mark-six-data-visualization
98/076,1998-08-22,1,12,15,17,21,22,29,github:icelam/mark-six-data-visualization
98/077,1998-08-25,5,24,33,34,36,44,42,github:icelam/mark-six-data-visualization
98/078,1998-08-27,2,17,20,22,29,33,25,github:icelam/mark-six-data-visualization
98/079,1998-08-29,6,8,13,35,45,47,9,github:icelam/mark-six-data-visualization
98/080,1998-09-01,5,11,14,26,31,40,13,github:icelam/mark-six-data-visualization
98/081,1998-09-03,8,9,12,23,26,34,47,github:icelam/mark-six-data-visualization
98/082,1998-09-08,4,5,12,40,44,46,35,github:icelam/mark-six-data-visualization
98/083,1998-09-10,4,12,39,41,42,43,31,github:icelam/mark-six-data-visualization
98/084,1998-09-15,3,14,15,21,32,37,29,github:icelam/mark-six-data-visualization
98/085,1998-09-17,12,17,19,31,37,38,20,github:icelam/mark-six-data-visualization
98/086,1998-09-22,5,20,22,30,31,33,19,github:icelam/mark-six-data-visualization
98/087,1998-09-24,11,15,17,19,39,47,28,github:icelam/mark-six-data-visualization
98/088,1998-09-29,3,8,9,17,27,44,25,github:icelam/mark-six-data-visualization
98/089,1998-10-06,9,18,21,31,40,47,34,github:icelam/mark-six-data-visualization
98/090,1998-10-08,11,12,30,37,41,45,2,github:icelam/mark-six-data-visualization
98/091,1998-10-13,1,8,15,27,38,40,14,github:icelam/mark-six-data-visualization
98/092,1998-10-15,4,5,6,17,34,37,2,github:icelam/mark-six-data-visualization
98/093,1998-10-20,1,11,18,19,21,34,12,github:icelam/mark-six-data-visualization
98/094,1998-10-22,2,13,14,20,28,43,31,github:icelam/mark-six-data-visualization
98/095,1998-10-27,7,11,25,33,34,42,45,github:icelam/mark-six-data-visualization
98/096,1998-10-29,18,28,29,31,35,40,34,github:icelam/mark-six-data-visualization
98/097,1998-11-02,10,22,26,27,32,41,13,github:icelam/mark-six-data-visualization
98/098,1998-11-05,2,9,24,27,30,32,19,github:icelam/mark-six-data-visualization
98/099,1998-11-10,29,34,36,42,44,45,26,github:icelam/mark-six-data-visualization
98/100,1998-11-12,19,23,31,42,45,46,8,github:icelam/mark-six-data-visualization
98/101,1998-11-17,1,7,23,32,33,38,41,github:icelam/mark-six-data-visualization
98/102,1998-11-19,1,5,6,7,8,13,32,github:icelam/mark-six-data-visualization
98/103,1998-11-24,10,17,23,34,40,41,24,github:icelam/mark-six-data-visualization
98/104,1998-11-26,1,6,8,10,32,41,38,github:icelam/mark-six-data-visualization
98/105,1998-12-01,1,11,26,33,34,36,16,github:icelam/mark-six-data-visualization
98/106,1998-12-03,4,6,7,32,44,47,37,github:icelam/mark-six-data-visualization
98/107,1998-12-08,8,13,31,33,35,41,47,github:icelam/mark-six-data-visualization
98/108,1998-12-10,4,13,27,30,42,43,5,github:icelam/mark-six-data-visualization
98/109,1998-12-15,3,7,33,34,35,40,16,github:icelam/mark-six-data-visualization
98/110,1998-12-17,11,12,15,26,38,47,25,github:icelam/mark-six-data-visualization
98/111,1998-12-21,4,12,22,24,27,39,18,github:icelam/mark-six-data-visualization
98/112,1998-12-24,6,25,30,38,39,41,5,github:icelam/mark-six-data-visualization
98/113,1998-12-29,9,17,25,27,28,44,13,github:icelam/mark-six-data-visualization
98/114,1998-12-31,4,11,30,31,33,40,9,github:icelam/mark-six-data-visualization
99/001,1999-01-05,1,12,19,25,26,38,47,github:icelam/mark-six-data-visualization
99/002,1999-01-07,8,18,32,33,38,45,41,github:icelam/mark-six-data-visualization
99/003,1999-01-12,2,8,10,16,34,40,13,github:icelam/mark-six-data-visualization
99/004,1999-01-14,22,28,31,32,33,35,27,github:icelam/mark-six-data-visualization
99/005,1999-01-19,8,11,20,22,30,47,15,github:icelam/mark-six-data-visualization
99/006,1999-01-21,22,28,34,36,39,46,40,github:icelam/mark-six-data-visualization
99/007,1999-01-26,6,8,16,20,32,36,1,github:icelam/mark-six-data-visualization
99/008,1999-01-28,14,17,18,30,38,39,6,github:icelam/mark-six-data-visualization
99/009,1999-02-02,13,17,27,42,43,44,34,github:icelam/mark-six-data-visualization
99/010,1999-02-04,7,12,22,24,38,45,35,github:icelam/mark-six-data-visualization
99/011,1999-02-09,4,7,18,22,29,36,28,github:icelam/mark-six-data-visualization
99/012,1999-02-12,4,11,23,32,33,45,12,github:icelam/mark-six-data-visualization
99/013,1999-02-20,4,5,25,37,46,47,33,github:icelam/mark-six-data-visualization
99/014,1999-02-23,2,13,19,29,33,39,11,github:icelam/mark-six-data-visualization
99/015,1999-02-25,1,6,11,13,17,19,42,github:icelam/mark-six-data-visualization
99/016,1999-03-02,8,11,21,23,32,33,36,github:icelam/mark-six-data-visualization
99/017,1999-03-04,2,3,8,18,29,38,21,github:icelam/mark-six-data-visualization
99/018,1999-03-09,5,9,38,39,45,46,23,github:icelam/mark-six-data-visualization
99/019,1999-03-11,2,3,5,11,20,21,8,github:icelam/mark-six-data-visualization
99/020,1999-03-16,10,20,25,31,36,46,29,github:icelam/mark-six-data-visualization
99/021,1999-03-18,15,23,25,27,30,44,43,github:icelam/mark-six-data-visualization
99/022,1999-03-23,2,18,22,25,26,31,43,github:icelam/mark-six-data-visualization
99/023,1999-03-25,5,25,31,36,44,45,42,github:icelam/mark-six-data-visualization
99/024,1999-03-30,11,13,15,20,33,45,35,github:icelam/mark-six-data-visualization
99/025,1999-04-01,12,13,28,31,33,42,10,github:icelam/mark-six-data-visualization
99/026,1999-04-06,7,12,15,17,19,37,27,github:icelam/mark-six-data-visualization
99/027,1999-04-09,5,8,10,28,30,41,36,github:icelam/mark-six-data-visualization
99/028,1999-04-13,7,12,17,26,35,36,33,github:icelam/mark-six-data-visualization
99/029,1999-04-15,3,7,8,10,25,41,2,github:icelam/mark-six-data-visualization
99/030,1999-04-20,9,11,15,16,19,40,47,github:icelam/mark-six-data-visualization
99/031,1999-04-22,4,5,26,28,36,41,47,github:icelam/mark-six-data-visualization
99/032,1999-04-27,5,13,31,33,37,39,34,github:icelam/mark-six-data-visualization
99/033,1999-04-29,12,16,22,32,37,44,7,github:icelam/mark-six-data-visualization
99/034,1999-05-04,11,17,21,28,35,38,3,github:icelam/mark-six-data-visualization
99/035,1999-05-06,1,4,11,18,23,45,7,github:icelam/mark-six-data-visualization
99/036,1999-05-11,8,10,13,21,28,40,7,github:icelam/mark-six-data-visualization
99/037,1999-05-13,6,7,27,36,41,44,5,github:icelam/mark-six-data-visualization
99/038,1999-05-18,19,21,26,33,37,42,40,github:icelam/mark-six-data-visualization
99/039,1999-05-20,3,8,9,11,17,32,14,github:icelam/mark-six-data-visualization
99/040,1999-05-25,5,13,22,28,34,39,14,github:icelam/mark-six-data-visualization
99/041,1999-05-27,9,12,25,33,37,41,28,github:icelam/mark-six-data-visualization
99/042,1999-06-01,8,12,16,17,20,26,21,github:icelam/mark-six-data-visualization
99/043,1999-06-03,8,15,17,22,25,39,36,github:icelam/mark-six-data-visualization
99/044,1999-06-08,16,17,26,29,31,46,24,github:icelam/mark-six-data-visualization
99/045,1999-06-10,5,23,33,37,44,47,29,github:icelam/mark-six-data-visualization
99/046,1999-06-15,3,6,14,26,29,31,45,github:icelam/mark-six-data-visualization
99/047,1999-06-17,14,19,26,34,43,44,12,github:icelam/mark-six-data-visualization
99/048,1999-06-22,6,11,14,22,38,40,18,github:icelam/mark-six-data-visualization
99/049,1999-06-24,4,11,24,25,38,39,43,github:icelam/mark-six-data-visualization
99/050,1999-06-29,9,14,19,23,33,39,10,github:icelam/mark-six-data-visualization
99/051,1999-07-03,8,18,26,42,44,47,32,github:icelam/mark-six-data-visualization
99/052,1999-07-06,1,5,11,14,17,18,26,github:icelam/mark-six-data-visualization
99/053,1999-07-08,4,7,29,35,45,46,8,github:icelam/mark-six-data-visualization
99/054,1999-07-10,2,5,7,13,30,33,26,github:icelam/mark-six-data-visualization
99/055,1999-07-13,16,19,26,43,44,47,21,github:icelam/mark-six-data-visualization
99/056,1999-07-15,7,8,31,32,33,46,45,github:icelam/mark-six-data-visualization
99/057,1999-07-17,22,35,39,41,46,47,27,github:icelam/mark-six-data-visualization
99/058,1999-07-20,8,17,27,31,36,43,11,github:icelam/mark-six-data-visualization
99/059,1999-07-22,6,12,18,22,25,38,35,github:icelam/mark-six-data-visualization
99/060,1999-07-24,7,8,16,31,35,45,32,github:icelam/mark-six-data-visualization
99/061,1999-07-27,15,22,25,26,35,47,19,github:icelam/mark-six-data-visualization
99/062,1999-07-29,8,14,25,27,36,38,44,github:icelam/mark-six-data-visualization
99/063,1999-07-31,13,19,23,28,35,40,43,github:icelam/mark-six-data-visualization
99/064,1999-08-03,4,13,20,29,35,37,34,github:icelam/mark-six-data-visualization
99/065,1999-08-05,2,6,12,18,19,31,14,github:icelam/mark-six-data-visualization
99/066,1999-08-07,18,21,23,24,28,39,6,github:icelam/mark-six-data-visualization
99/067,1999-08-10,9,13,16,29,31,32,10,github:icelam/mark-six-data-visualization
99/068,1999-08-12,7,15,16,24,44,47,22,github:icelam/mark-six-data-visualization
99/069,1999-08-14,5,15,24,37,41,44,22,github:icelam/mark-six-data-visualization
99/070,1999-08-17,13,16,31,34,36,45,40,github:icelam/mark-six-data-visualization
99/071,1999-08-19,8,11,25,28,29,42,34,github:icelam/mark-six-data-visualization
99/072,1999-08-21,11,17,25,31,38,40,5,github:icelam/mark-six-data-visualization
99/073,1999-08-24,11,12,13,26,28,43,34,github:icelam/mark-six-data-visualization
99/074,1999-08-26,4,6,20,29,30,36,27,github:icelam/mark-six-data-visualization
99/075,1999-08-28,7,10,21,35,41,42,38,github:icelam/mark-six-data-visualization
99/076,1999-08-31,6,14,27,29,33,44,24,github:icelam/mark-six-data-visualization
99/077,1999-09-02,6,14,17,18,34,47,12,github:icelam/mark-six-data-visualization
99/078,1999-09-07,4,10,30,43,45,46,27,github:icelam/mark-six-data-visualization
99/079,1999-09-09,1,8,12,15,38,42,31,github:icelam/mark-six-data-visualization
99/080,1999-09-14,19,22,24,28,30,34,36,github:icelam/mark-six-data-visualization
99/081,1999-09-21,4,15,17,38,42,47,25,github:icelam/mark-six-data-visualization
99/082,1999-09-23,5,17,26,32,44,46,38,github:icelam/mark-six-data-visualization
99/083,1999-09-28,5,6,21,24,43,45,33,github:icelam/mark-six-data-visualization
99/084,1999-09-30,2,12,18,27,36,38,15,github:icelam/mark-six-data-visualization
99/085,1999-10-05,3,13,41,44,45,47,9,github:icelam/mark-six-data-visualization
99/086,1999-10-07,3,7,8,28,33,41,46,github:icelam/mark-six-data-visualization
99/087,1999-10-12,7,18,26,31,33,36,6,github:icelam/mark-six-data-visualization
99/088,1999-10-14,6,17,23,33,36,39,9,github:icelam/mark-six-data-visualization
99/089,1999-10-19,1,16,27,30,37,41,42,github:icelam/mark-six-data-visualization
99/090,1999-10-21,7,15,23,25,32,34,6,github:icelam/mark-six-data-visualization
99/091,1999-10-26,2,19,30,42,44,46,33,github:icelam/mark-six-data-visualization
99/092,1999-10-28,14,15,17,28,41,44,35,github:icelam/mark-six-data-visualization
99/093,1999-11-01,3,13,20,29,35,42,23,github:icelam/mark-six-data-visualization
99/094,1999-11-05,2,8,30,33,36,42,34,github:icelam/mark-six-data-visualization
99/095,1999-11-09,1,30,31,32,37,42,17,github:icelam/mark-six-data-visualization
99/096,1999-11-11,6,9,20,21,30,35,13,github:icelam/mark-six-data-visualization
99/097,1999-11-16,5,9,10,18,28,38,4,github:icelam/mark-six-data-visualization
99/098,1999-11-19,5,9,19,25,27,47,44,github:icelam/mark-six-data-visualization
99/099,1999-11-23,13,15,21,27,40,45,46,github:icelam/mark-six-data-visualization
99/100,1999-11-25,2,7,8,9,17,29,24,github:icelam/mark-six-data-visualization
99/101,1999-11-30,6,7,23,28,45,47,30,github:icelam/mark-six-data-visualization
99/102,1999-12-02,8,14,15,17,33,39,6,github:icelam/mark-six-data-visualization
99/103,1999-12-07,24,31,33,39,40,47,3,github:icelam/mark-six-data-visualization
99/104,1999-12-09,1,3,5,9,20,31,15,github:icelam/mark-six-data-visualization
99/105,1999-12-14,3,14,15,21,23,31,38,github:icelam/mark-six-data-visualization
99/106,1999-12-16,4,16,19,39,46,47,38,github:icelam/mark-six-data-visualization
99/107,1999-12-21,1,9,26,43,45,46,38,github:icelam/mark-six-data-visualization
99/108,1999-12-23,12,24,30,31,32,41,28,github:icelam/mark-six-data-visualization
99/109,1999-12-28,10,14,16,26,29,40,21,github:icelam/mark-six-data-visualization
99/110,1999-12-30,19,20,28,38,43,44,35,github:icelam/mark-six-data-visualization
00/001,2000-01-04,6,21,24,27,35,39,44,github:icelam/mark-six-data-visualization
00/002,2000-01-06,8,21,23,25,31,36,11,github:icelam/mark-six-data-visualization
00/003,2000-01-11,1,5,18,19,25,44,14,github:icelam/mark-six-data-visualization
00/004,2000-01-13,10,25,27,28,39,47,13,github:icelam/mark-six-data-visualization
00/005,2000-01-18,8,30,32,36,37,38,10,github:icelam/mark-six-data-visualization
00/006,2000-01-20,13,25,27,36,40,45,12,github:icelam/mark-six-data-visualization
00/007,2000-01-25,3,5,10,12,31,39,40,github:icelam/mark-six-data-visualization
00/008,2000-01-27,10,17,28,33,38,46,41,github:icelam/mark-six-data-visualization
00/009,2000-02-01,4,14,25,29,38,44,23,github:icelam/mark-six-data-visualization
00/010,2000-02-03,1,7,13,17,23,42,37,github:icelam/mark-six-data-visualization
00/011,2000-02-08,2,20,21,23,28,32,4,github:icelam/mark-six-data-visualization
00/012,2000-02-10,2,29,32,42,44,47,40,github:icelam/mark-six-data-visualization
00/013,2000-02-15,4,14,17,21,36,45,10,github:icelam/mark-six-data-visualization
00/014,2000-02-17,1,8,13,18,33,47,35,github:icelam/mark-six-data-visualization
00/015,2000-02-22,10,18,26,27,39,47,23,github:icelam/mark-six-data-visualization
00/016,2000-02-24,5,22,25,33,43,47,10,github:icelam/mark-six-data-visualization
00/017,2000-02-29,1,3,11,15,23,40,22,github:icelam/mark-six-data-visualization
00/018,2000-03-02,11,12,13,14,35,44,19,github:icelam/mark-six-data-visualization
00/019,2000-03-07,2,15,18,34,38,39,13,github:icelam/mark-six-data-visualization
00/020,2000-03-09,16,17,29,30,34,39,20,github:icelam/mark-six-data-visualization
00/021,2000-03-14,10,28,32,34,42,45,23,github:icelam/mark-six-data-visualization
00/022,2000-03-16,20,21,39,40,44,45,9,github:icelam/mark-six-data-visualization
00/023,2000-03-21,10,19,25,27,31,44,40,github:icelam/mark-six-data-visualization
00/024,2000-03-23,3,6,11,14,27,28,19,github:icelam/mark-six-data-visualization
00/025,2000-03-28,12,15,18,24,29,35,14,github:icelam/mark-six-data-visualization
00/026,2000-03-30,5,28,29,31,42,46,38,github:icelam/mark-six-data-visualization
00/027,2000-04-03,5,20,23,28,38,45,17,github:icelam/mark-six-data-visualization
00/028,2000-04-06,2,9,12,20,41,46,25,github:icelam/mark-six-data-visualization
00/029,2000-04-11,2,13,18,33,43,44,1,github:icelam/mark-six-data-visualization
00/030,2000-04-13,3,7,16,21,34,41,32,github:icelam/mark-six-data-visualization
00/031,2000-04-18,13,18,25,28,36,44,3,github:icelam/mark-six-data-visualization
00/032,2000-04-20,4,20,25,30,35,38,15,github:icelam/mark-six-data-visualization
00/033,2000-04-25,3,8,13,23,33,41,47,github:icelam/mark-six-data-visualization
00/034,2000-04-27,8,26,35,38,40,41,4,github:icelam/mark-six-data-visualization
00/035,2000-05-02,19,20,29,34,41,45,37,github:icelam/mark-six-data-visualization
00/036,2000-05-04,1,11,25,35,39,46,2,github:icelam/mark-six-data-visualization
00/037,2000-05-09,4,5,8,9,18,46,37,github:icelam/mark-six-data-visualization
00/038,2000-05-12,1,12,21,22,26,32,31,github:icelam/mark-six-data-visualization
00/039,2000-05-16,3,6,7,19,27,44,43,github:icelam/mark-six-data-visualization
00/040,2000-05-18,14,15,19,41,45,46,44,github:icelam/mark-six-data-visualization
00/041,2000-05-23,24,30,33,38,41,46,8,github:icelam/mark-six-data-visualization
00/042,2000-05-25,5,6,9,11,25,40,43,github:icelam/mark-six-data-visualization
00/043,2000-05-30,8,9,15,23,32,38,36,github:icelam/mark-six-data-visualization
00/044,2000-06-01,19,30,31,39,40,41,42,github:icelam/mark-six-data-visualization
00/045,2000-06-06,17,18,20,28,31,41,21,github:icelam/mark-six-data-visualization
00/046,2000-06-09,1,8,15,19,29,36,33,github:icelam/mark-six-data-visualization
00/047,2000-06-13,7,9,28,32,33,34,46,github:icelam/mark-six-data-visualization
00/048,2000-06-15,5,6,24,33,36,45,1,github:icelam/mark-six-data-visualization
00/049,2000-06-20,4,13,24,27,39,41,34,github:icelam/mark-six-data-visualization
00/050,2000-06-22,6,19,24,28,32,47,27,github:icelam/mark-six-data-visualization
00/051,2000-06-27,22,29,31,35,36,44,3,github:icelam/mark-six-data-visualization
00/052,2000-06-29,7,17,21,24,26,46,11,github:icelam/mark-six-data-visualization
00/053,2000-07-01,3,4,13,21,29,38,34,github:icelam/mark-six-data-visualization
00/054,2000-07-04,8,11,13,19,25,42,29,github:icelam/mark-six-data-visualization
00/055,2000-07-06,10,12,14,28,32,46,31,github:icelam/mark-six-data-visualization
00/056,2000-07-08,7,10,12,15,33,36,38,github:icelam/mark-six-data-visualization
00/057,2000-07-11,12,13,25,29,32,46,18,github:icelam/mark-six-data-visualization
00/058,2000-07-13,5,13,24,25,31,33,2,github:icelam/mark-six-data-visualization
00/059,2000-07-15,6,8,22,31,36,39,30,github:icelam/mark-six-data-visualization
00/060,2000-07-18,6,18,23,26,32,33,11,github:icelam/mark-six-data-visualization
00/061,2000-07-20,6,8,9,16,17,20,36,github:icelam/mark-six-data-visualization
00/062,2000-07-22,5,6,8,19,23,42,36,github:icelam/mark-six-data-visualization
00/063,2000-07-25,14,30,33,34,39,41,9,github:icelam/mark-six-data-visualization
00/064,2000-07-27,27,28,33,36,45,46,4,github:icelam/mark-six-data-visualization
00/065,2000-07-29,21,30,35,36,40,43,22,github:icelam/mark-six-data-visualization
00/066,2000-08-01,5,14,20,25,39,41,16,github:icelam/mark-six-data-visualization
00/067,2000-08-03,4,15,18,19,38,40,36,github:icelam/mark-six-data-visualization
00/068,2000-08-05,1,7,11,17,18,25,44,github:icelam/mark-six-data-visualization
00/069,2000-08-08,4,9,19,23,29,44,36,github:icelam/mark-six-data-visualization
00/070,2000-08-10,1,15,30,34,37,40,33,github:icelam/mark-six-data-visualization
00/071,2000-08-13,12,19,21,26,30,39,28,github:icelam/mark-six-data-visualization
00/072,2000-08-15,15,17,18,22,30,47,8,github:icelam/mark-six-data-visualization
00/073,2000-08-17,7,12,17,27,30,33,32,github:icelam/mark-six-data-visualization
00/074,2000-08-19,3,4,16,25,31,33,36,github:icelam/mark-six-data-visualization
00/075,2000-08-22,4,6,18,23,24,46,7,github:icelam/mark-six-data-visualization
00/076,2000-08-24,19,22,23,32,44,45,3,github:icelam/mark-six-data-visualization
00/077,2000-08-26,4,13,17,28,45,46,31,github:icelam/mark-six-data-visualization
00/078,2000-08-29,4,6,8,10,12,25,16,github:icelam/mark-six-data-visualization
00/079,2000-08-31,12,16,24,27,41,46,4,github:icelam/mark-six-data-visualization
00/080,2000-09-05,22,23,24,25,32,43,39,github:icelam/mark-six-data-visualization
00/081,2000-09-08,6,7,28,29,30,45,26,github:icelam/mark-six-data-visualization
00/082,2000-09-12,15,17,23,27,31,43,6,github:icelam/mark-six-data-visualization
00/083,2000-09-16,16,20,21,24,26,28,9,github:icelam/mark-six-data-visualization
00/084,2000-09-19,6,12,15,35,38,39,47,github:icelam/mark-six-data-visualization
00/085,2000-09-22,9,15,24,29,32,34,6,github:icelam/mark-six-data-visualization
00/086,2000-09-26,1,13,15,24,38,44,28,github:icelam/mark-six-data-visualization
00/087,2000-09-28,3,15,17,30,33,46,1,github:icelam/mark-six-data-visualization
00/088,2000-10-03,2,3,9,33,40,41,26,github:icelam/mark-six-data-visualization
00/089,2000-10-05,13,15,37,39,42,43,22,github:icelam/mark-six-data-visualization
00/090,2000-10-10,10,17,19,26,30,44,14,github:icelam/mark-six-data-visualization
00/091,2000-10-12,22,30,32,35,38,47,11,github:icelam/mark-six-data-visualization
00/092,2000-10-17,2,9,12,18,41,44,24,github:icelam/mark-six-data-visualization
00/093,2000-10-19,3,8,9,17,34,36,38,github:icelam/mark-six-data-visualization
00/094,2000-10-24,2,4,10,16,25,43,38,github:icelam/mark-six-data-visualization
00/095,2000-10-26,9,16,22,26,30,47,10,github:icelam/mark-six-data-visualization
00/096,2000-10-31,1,14,26,27,40,42,17,github:icelam/mark-six-data-visualization
00/097,2000-11-02,5,6,16,21,25,33,19,github:icelam/mark-six-data-visualization
00/098,2000-11-06,6,9,10,23,35,36,5,github:icelam/mark-six-data-visualization
00/099,2000-11-09,3,11,22,29,34,39,46,github:icelam/mark-six-data-visualization
00/100,2000-11-14,9,10,14,34,40,44,45,github:icelam/mark-six-data-visualization
00/101,2000-11-16,5,10,11,24,31,33,36,github:icelam/mark-six-data-visualization
00/102,2000-11-21,3,11,14,26,39,44,2,github:icelam/mark-six-data-visualization
00/103,2000-11-23,4,22,24,30,33,41,5,github:icelam/mark-six-data-visualization
00/104,2000-11-28,6,7,9,14,29,33,47,github:icelam/mark-six-data-visualization
00/105,2000-11-30,1,4,9,18,19,23,45,github:icelam/mark-six-data-visualization
00/106,2000-12-05,1,2,8,9,20,47,25,github:icelam/mark-six-data-visualization
00/107,2000-12-07,5,11,23,24,39,41,3,github:icelam/mark-six-data-visualization
00/108,2000-12-12,8,16,21,24,32,44,30,github:icelam/mark-six-data-visualization
00/109,2000-12-14,10,19,24,33,35,36,39,github:icelam/mark-six-data-visualization
00/110,2000-12-19,1,4,11,22,30,39,35,github:icelam/mark-six-data-visualization
00/111,2000-12-22,4,12,14,26,27,35,25,github:icelam/mark-six-data-visualization
00/112,2000-12-28,5,34,37,39,42,43,4,github:icelam/mark-six-data-visualization
01/001,2001-01-02,13,20,35,38,44,45,5,github:icelam/mark-six-data-visualization
01/002,2001-01-04,6,16,18,19,29,37,25,github:icelam/mark-six-data-visualization
01/003,2001-01-09,2,9,14,26,35,39,11,github:icelam/mark-six-data-visualization
01/004,2001-01-11,3,8,11,14,24,41,30,github:icelam/mark-six-data-visualization
01/005,2001-01-16,5,12,15,30,43,44,19,github:icelam/mark-six-data-visualization
01/006,2001-01-19,10,20,35,43,45,46,28,github:icelam/mark-six-data-visualization
01/007,2001-01-22,4,21,22,37,42,45,9,github:icelam/mark-six-data-visualization
01/008,2001-01-30,4,27,38,42,43,47,19,github:icelam/mark-six-data-visualization
01/009,2001-02-01,11,18,24,30,34,37,23,github:icelam/mark-six-data-visualization
01/010,2001-02-06,8,28,29,45,46,47,13,github:icelam/mark-six-data-visualization
01/011,2001-02-08,7,12,13,17,36,42,27,github:icelam/mark-six-data-visualization
01/012,2001-02-13,9,12,14,22,29,43,8,github:icelam/mark-six-data-visualization
01/013,2001-02-15,18,21,23,28,30,32,1,github:icelam/mark-six-data-visualization
01/014,2001-02-20,5,9,18,20,41,44,14,github:icelam/mark-six-data-visualization
01/015,2001-02-22,2,11,16,29,40,46,47,github:icelam/mark-six-data-visualization
01/016,2001-02-27,1,10,24,25,43,47,34,github:icelam/mark-six-data-visualization
01/017,2001-03-01,1,13,18,37,39,40,34,github:icelam/mark-six-data-visualization
01/018,2001-03-06,9,19,20,28,29,35,15,github:icelam/mark-six-data-visualization
01/019,2001-03-08,8,13,20,27,37,38,45,github:icelam/mark-six-data-visualization
01/020,2001-03-13,7,19,26,36,37,42,33,github:icelam/mark-six-data-visualization
01/021,2001-03-15,3,8,9,26,31,43,23,github:icelam/mark-six-data-visualization
01/022,2001-03-20,11,18,20,26,28,47,10,github:icelam/mark-six-data-visualization
01/023,2001-03-22,9,11,13,23,30,44,32,github:icelam/mark-six-data-visualization
01/024,2001-03-27,5,9,19,32,39,45,13,github:icelam/mark-six-data-visualization
01/025,2001-03-29,4,7,10,11,21,45,38,github:icelam/mark-six-data-visualization
01/026,2001-04-03,7,10,25,27,33,41,19,github:icelam/mark-six-data-visualization
01/027,2001-04-06,14,33,36,37,39,44,40,github:icelam/mark-six-data-visualization
01/028,2001-04-10,3,12,15,18,23,34,42,github:icelam/mark-six-data-visualization
01/029,2001-04-12,12,15,27,36,37,46,22,github:icelam/mark-six-data-visualization
01/030,2001-04-17,4,6,28,30,36,39,10,github:icelam/mark-six-data-visualization
01/031,2001-04-19,5,7,18,19,46,47,43,github:icelam/mark-six-data-visualization
01/032,2001-04-24,14,18,26,27,33,41,35,github:icelam/mark-six-data-visualization
01/033,2001-04-26,1,14,21,36,42,46,26,github:icelam/mark-six-data-visualization
01/034,2001-05-01,8,19,25,32,41,46,27,github:icelam/mark-six-data-visualization
01/035,2001-05-03,3,20,28,37,41,42,9,github:icelam/mark-six-data-visualization
01/036,2001-05-08,3,5,15,17,34,37,40,github:icelam/mark-six-data-visualization
01/037,2001-05-10,1,13,24,29,34,47,20,github:icelam/mark-six-data-visualization
01/038,2001-05-15,1,11,14,26,39,46,18,github:icelam/mark-six-data-visualization
01/039,2001-05-17,10,11,19,23,39,44,17,github:icelam/mark-six-data-visualization
01/040,2001-05-22,5,7,10,12,18,39,45,github:icelam/mark-six-data-visualization
01/041,2001-05-24,6,24,36,37,41,45,9,github:icelam/mark-six-data-visualization
01/042,2001-05-29,1,12,13,29,37,40,32,github:icelam/mark-six-data-visualization
01/043,2001-05-31,9,10,12,18,31,37,14,github:icelam/mark-six-data-visualization
01/044,2001-06-05,4,16,19,25,34,44,33,github:icelam/mark-six-data-visualization
01/045,2001-06-07,8,19,32,37,44,45,40,github:icelam/mark-six-data-visualization
01/046,2001-06-12,2,8,14,21,26,27,24,github:icelam/mark-six-data-visualization
01/047,2001-06-14,1,20,22,33,35,45,11,github:icelam/mark-six-data-visualization
01/048,2001-06-19,1,8,14,29,33,44,5,github:icelam/mark-six-data-visualization
01/049,2001-06-21,11,23,29,33,36,45,20,github:icelam/mark-six-data-visualization
01/050,2001-06-26,14,15,19,24,32,39,47,github:icelam/mark-six-data-visualization
01/051,2001-06-28,12,16,23,27,35,38,19,github:icelam/mark-six-data-visualization
01/052,2001-07-03,4,11,15,28,29,40,16,github:icelam/mark-six-data-visualization
01/053,2001-07-05,7,17,21,26,40,45,37,github:icelam/mark-six-data-visualization
01/054,2001-07-07,2,4,20,21,22,39,27,github:icelam/mark-six-data-visualization
01/055,2001-07-10,9,15,31,33,38,41,44,github:icelam/mark-six-data-visualization
01/056,2001-07-12,2,24,25,32,35,45,1,github:icelam/mark-six-data-visualization
01/057,2001-07-14,1,2,13,14,21,47,42,github:icelam/mark-six-data-visualization
01/058,2001-07-17,9,26,28,33,35,46,32,github:icelam/mark-six-data-visualization
01/059,2001-07-19,1,5,9,23,30,41,4,github:icelam/mark-six-data-visualization
01/060,2001-07-21,3,12,24,33,34,45,40,github:icelam/mark-six-data-visualization
01/061,2001-07-24,9,16,21,25,32,33,38,github:icelam/mark-six-data-visualization
01/062,2001-07-26,4,5,6,21,25,27,16,github:icelam/mark-six-data-visualization
01/063,2001-07-28,13,21,25,32,33,37,20,github:icelam/mark-six-data-visualization
01/064,2001-07-31,2,8,17,20,32,46,15,github:icelam/mark-six-data-visualization
01/065,2001-08-02,5,16,20,28,31,38,15,github:icelam/mark-six-data-visualization
01/066,2001-08-04,3,8,10,12,35,37,2,github:icelam/mark-six-data-visualization
01/067,2001-08-07,2,9,14,28,45,46,15,github:icelam/mark-six-data-visualization
01/068,2001-08-09,18,24,27,28,32,36,39,github:icelam/mark-six-data-visualization
01/069,2001-08-11,1,7,14,16,18,47,40,github:icelam/mark-six-data-visualization
01/070,2001-08-14,2,10,21,28,29,44,30,github:icelam/mark-six-data-visualization
01/071,2001-08-16,2,8,10,11,15,21,7,github:icelam/mark-six-data-visualization
01/072,2001-08-18,7,20,21,22,24,34,19,github:icelam/mark-six-data-visualization
01/073,2001-08-21,4,18,31,32,37,40,15,github:icelam/mark-six-data-visualization
01/074,2001-08-23,1,10,13,14,27,35,2,github:icelam/mark-six-data-visualization
01/075,2001-08-25,1,4,8,12,29,34,18,github:icelam/mark-six-data-visualization
01/076,2001-08-28,5,18,28,31,37,45,36,github:icelam/mark-six-data-visualization
01/077,2001-08-30,2,6,7,13,22,26,35,github:icelam/mark-six-data-visualization
01/078,2001-09-04,16,21,28,33,39,46,3,github:icelam/mark-six-data-visualization
01/079,2001-09-06,4,14,17,36,38,47,42,github:icelam/mark-six-data-visualization
01/080,2001-09-11,8,9,15,23,27,34,36,github:icelam/mark-six-data-visualization
01/081,2001-09-13,6,13,15,24,34,44,31,github:icelam/mark-six-data-visualization
01/082,2001-09-18,7,8,9,33,36,37,12,github:icelam/mark-six-data-visualization
01/083,2001-09-20,6,12,14,19,21,29,45,github:icelam/mark-six-data-visualization
01/084,2001-09-25,7,20,27,29,32,44,33,github:icelam/mark-six-data-visualization
01/085,2001-09-28,7,18,27,36,40,43,28,github:icelam/mark-six-data-visualization
01/086,2001-10-02,2,3,12,30,33,36,7,github:icelam/mark-six-data-visualization
01/087,2001-10-04,2,20,31,35,39,45,24,github:icelam/mark-six-data-visualization
01/088,2001-10-09,21,28,29,30,34,39,40,github:icelam/mark-six-data-visualization
01/089,2001-10-11,1,2,6,32,34,42,41,github:icelam/mark-six-data-visualization
01/090,2001-10-16,7,9,20,21,39,43,34,github:icelam/mark-six-data-visualization
01/091,2001-10-18,6,20,21,32,38,41,33,github:icelam/mark-six-data-visualization
01/092,2001-10-23,6,7,13,16,21,46,17,github:icelam/mark-six-data-visualization
01/093,2001-10-26,4,19,31,32,41,43,30,github:icelam/mark-six-data-visualization
01/094,2001-10-30,12,18,22,28,32,38,29,github:icelam/mark-six-data-visualization
01/095,2001-11-01,12,20,25,29,40,41,11,github:icelam/mark-six-data-visualization
01/096,2001-11-05,3,6,12,18,27,30,38,github:icelam/mark-six-data-visualization
01/097,2001-11-08,1,3,9,37,38,42,2,github:icelam/mark-six-data-visualization
01/098,2001-11-13,10,21,29,31,38,41,26,github:icelam/mark-six-data-visualization
01/099,2001-11-15,9,17,31,32,37,46,27,github:icelam/mark-six-data-visualization
01/100,2001-11-20,3,12,18,24,34,43,41,github:icelam/mark-six-data-visualization
01/101,2001-11-22,1,13,20,23,33,38,3,github:icelam/mark-six-data-visualization
01/102,2001-11-27,2,8,30,35,37,44,1,github:icelam/mark-six-data-visualization
01/103,2001-11-29,3,30,37,40,41,44,19,github:icelam/mark-six-data-visualization
01/104,2001-12-04,2,11,15,32,33,41,40,github:icelam/mark-six-data-visualization
01/105,2001-12-06,11,16,32,35,38,39,12,github:icelam/mark-six-data-visualization
01/106,2001-12-11,12,20,21,29,32,47,9,github:icelam/mark-six-data-visualization
01/107,2001-12-13,3,9,14,16,36,41,43,github:icelam/mark-six-data-visualization
01/108,2001-12-18,6,10,19,29,30,36,1,github:icelam/mark-six-data-visualization
01/109,2001-12-20,13,26,27,32,40,43,41,github:icelam/mark-six-data-visualization
01/110,2001-12-27,2,3,21,25,33,46,7,github:icelam/mark-six-data-visualization
02/001,2002-01-03,3,11,13,14,18,21,22,github:icelam/mark-six-data-visualization
02/002,2002-01-08,12,17,21,35,36,43,14,github:icelam/mark-six-data-visualization
02/003,2002-01-10,10,21,28,32,40,42,45,github:icelam/mark-six-data-visualization
02/004,2002-01-15,4,11,13,27,29,35,42,github:icelam/mark-six-data-visualization
02/005,2002-01-17,14,16,31,36,42,43,39,github:icelam/mark-six-data-visualization
02/006,2002-01-22,6,9,26,31,34,44,37,github:icelam/mark-six-data-visualization
02/007,2002-01-24,1,13,16,28,38,45,17,github:icelam/mark-six-data-visualization
02/008,2002-01-29,9,12,21,29,31,33,47,github:icelam/mark-six-data-visualization
02/009,2002-01-31,2,23,27,30,39,44,26,github:icelam/mark-six-data-visualization
02/010,2002-02-05,1,9,18,21,38,45,35,github:icelam/mark-six-data-visualization
02/011,2002-02-08,12,15,27,37,44,45,33,github:icelam/mark-six-data-visualization
02/012,2002-02-15,1,6,8,17,32,47,40,github:icelam/mark-six-data-visualization
02/013,2002-02-19,1,7,8,19,30,37,16,github:icelam/mark-six-data-visualization
02/014,2002-02-21,11,15,31,32,33,43,1,github:icelam/mark-six-data-visualization
02/015,2002-02-26,18,22,29,31,37,41,13,github:icelam/mark-six-data-visualization
02/016,2002-02-28,8,10,17,24,27,38,12,github:icelam/mark-six-data-visualization
02/017,2002-03-05,3,7,15,19,28,29,1,github:icelam/mark-six-data-visualization
02/018,2002-03-07,24,30,36,37,39,41,14,github:icelam/mark-six-data-visualization
02/019,2002-03-12,1,8,16,23,33,40,11,github:icelam/mark-six-data-visualization
02/020,2002-03-14,8,15,18,21,39,45,28,github:icelam/mark-six-data-visualization
02/021,2002-03-19,13,19,26,33,38,46,9,github:icelam/mark-six-data-visualization
02/022,2002-03-21,2,32,34,39,40,45,20,github:icelam/mark-six-data-visualization
02/023,2002-03-26,7,10,14,21,29,30,43,github:icelam/mark-six-data-visualization
02/024,2002-03-28,7,21,26,36,41,46,13,github:icelam/mark-six-data-visualization
02/025,2002-04-02,3,6,13,24,31,37,27,github:icelam/mark-six-data-visualization
02/026,2002-04-04,1,10,11,19,27,37,31,github:icelam/mark-six-data-visualization
02/027,2002-04-09,11,17,18,24,32,38,5,github:icelam/mark-six-data-visualization
02/028,2002-04-11,2,6,8,32,44,45,4,github:icelam/mark-six-data-visualization
02/029,2002-04-16,1,10,12,19,24,39,3,github:icelam/mark-six-data-visualization
02/030,2002-04-18,3,7,16,21,34,45,39,github:icelam/mark-six-data-visualization
02/031,2002-04-23,11,16,22,31,34,41,35,github:icelam/mark-six-data-visualization
02/032,2002-04-25,2,4,13,22,29,42,23,github:icelam/mark-six-data-visualization
02/033,2002-04-30,7,15,26,29,34,42,22,github:icelam/mark-six-data-visualization
02/034,2002-05-02,10,20,26,31,36,40,47,github:icelam/mark-six-data-visualization
02/035,2002-05-07,3,4,5,6,37,46,9,github:icelam/mark-six-data-visualization
02/036,2002-05-09,2,5,9,15,17,44,39,github:icelam/mark-six-data-visualization
02/037,2002-05-14,2,13,16,30,39,40,15,github:icelam/mark-six-data-visualization
02/038,2002-05-16,3,10,20,30,36,38,40,github:icelam/mark-six-data-visualization
02/039,2002-05-21,7,14,35,41,44,45,27,github:icelam/mark-six-data-visualization
02/040,2002-05-23,9,12,31,36,41,43,28,github:icelam/mark-six-data-visualization
02/041,2002-05-28,12,14,22,25,27,40,24,github:icelam/mark-six-data-visualization
02/042,2002-05-30,2,15,33,34,35,44,21,github:icelam/mark-six-data-visualization
02/043,2002-06-04,4,8,15,24,41,45,28,github:icelam/mark-six-data-visualization
02/044,2002-06-06,3,8,12,13,32,42,11,github:icelam/mark-six-data-visualization
02/045,2002-06-11,7,25,29,31,36,43,34,github:icelam/mark-six-data-visualization
02/046,2002-06-13,1,9,13,30,31,47,2,github:icelam/mark-six-data-visualization
02/047,2002-06-18,32,33,36,41,42,43,17,github:icelam/mark-six-data-visualization
02/048,2002-06-20,1,3,6,17,29,34,32,github:icelam/mark-six-data-visualization
02/049,2002-06-25,11,12,19,34,35,39,8,github:icelam/mark-six-data-visualization
02/050,2002-06-27,6,12,29,32,39,44,24,github:icelam/mark-six-data-visualization
02/051,2002-06-29,5,10,13,22,35,41,34,github:icelam/mark-six-data-visualization
02/052,2002-07-02,4,26,31,33,36,38,28,github:icelam/mark-six-data-visualization
02/053,2002-07-04,5,32,34,38,39,49,8,github:icelam/mark-six-data-visualization
02/054,2002-07-06,10,20,21,33,40,44,34,github:icelam/mark-six-data-visualization
02/055,2002-07-09,10,20,26,28,35,48,13,github:icelam/mark-six-data-visualization
02/056,2002-07-11,14,19,23,36,44,46,7,github:icelam/mark-six-data-visualization
02/057,2002-07-13,9,24,25,27,36,38,41,github:icelam/mark-six-data-visualization
02/058,2002-07-16,7,13,14,20,29,32,28,github:icelam/mark-six-data-visualization
02/059,2002-07-18,11,22,24,28,29,38,20,github:icelam/mark-six-data-visualization
02/060,2002-07-20,1,11,29,33,36,44,37,github:icelam/mark-six-data-visualization
02/061,2002-07-23,9,12,25,31,43,44,5,github:icelam/mark-six-data-visualization
02/062,2002-07-25,1,5,6,31,39,46,44,github:icelam/mark-six-data-visualization
02/063,2002-07-27,1,23,25,32,43,44,30,github:icelam/mark-six-data-visualization
02/064,2002-07-30,6,22,25,26,27,45,36,github:icelam/mark-six-data-visualization
02/065,2002-08-01,3,7,11,22,28,36,18,github:icelam/mark-six-data-visualization
02/066,2002-08-03,9,10,11,15,19,28,37,github:icelam/mark-six-data-visualization
02/067,2002-08-06,5,10,24,32,39,49,1,github:icelam/mark-six-data-visualization
02/068,2002-08-08,5,15,26,27,28,35,2,github:icelam/mark-six-data-visualization
02/069,2002-08-10,5,28,29,31,44,46,45,github:icelam/mark-six-data-visualization
02/070,2002-08-13,7,14,26,32,41,49,12,github:icelam/mark-six-data-visualization
02/071,2002-08-15,4,23,24,25,38,40,37,github:icelam/mark-six-data-visualization
02/072,2002-08-17,10,17,36,43,45,47,33,github:icelam/mark-six-data-visualization
02/073,2002-08-20,2,6,16,26,36,41,8,github:icelam/mark-six-data-visualization
02/074,2002-08-22,1,3,8,25,43,46,21,github:icelam/mark-six-data-visualization
02/075,2002-08-24,2,7,12,19,23,49,4,github:icelam/mark-six-data-visualization
02/076,2002-08-27,22,24,28,33,36,39,41,github:icelam/mark-six-data-visualization
02/077,2002-08-29,3,7,31,32,35,47,15,github:icelam/mark-six-data-visualization
02/078,2002-08-31,3,4,23,25,31,44,35,github:icelam/mark-six-data-visualization
02/079,2002-09-03,10,37,40,42,43,46,30,github:icelam/mark-six-data-visualization
02/080,2002-09-05,15,22,34,40,41,47,10,github:icelam/mark-six-data-visualization
02/081,2002-09-10,8,14,16,22,37,46,36,github:icelam/mark-six-data-visualization
02/082,2002-09-12,11,23,32,33,43,48,2,github:icelam/mark-six-data-visualization
02/083,2002-09-17,5,13,19,27,29,35,40,github:icelam/mark-six-data-visualization
02/084,2002-09-20,15,19,25,34,38,44,5,github:icelam/mark-six-data-visualization
02/085,2002-09-24,1,10,34,41,47,48,19,github:icelam/mark-six-data-visualization
02/086,2002-09-26,10,12,15,17,34,42,29,github:icelam/mark-six-data-visualization
02/087,2002-09-30,7,15,24,41,47,49,25,github:icelam/mark-six-data-visualization
02/088,2002-10-03,6,10,11,32,35,46,22,github:icelam/mark-six-data-visualization
02/089,2002-10-08,5,9,20,30,32,42,2,github:icelam/mark-six-data-visualization
02/090,2002-10-10,5,9,18,25,47,48,17,github:icelam/mark-six-data-visualization
02/091,2002-10-15,1,12,14,33,36,37,13,github:icelam/mark-six-data-visualization
02/092,2002-10-17,5,7,16,37,42,44,38,github:icelam/mark-six-data-visualization
02/093,2002-10-22,1,13,18,30,32,46,19,github:icelam/mark-six-data-visualization
02/094,2002-10-24,8,12,19,22,29,41,1,github:icelam/mark-six-data-visualization
02/095,2002-10-29,8,10,14,25,43,44,41,github:icelam/mark-six-data-visualization
02/096,2002-10-31,2,3,8,22,27,28,45,github:icelam/mark-six-data-visualization
02/097,2002-11-04,1,3,12,23,31,48,34,github:icelam/mark-six-data-visualization
02/098,2002-11-07,6,7,29,32,42,46,1,github:icelam/mark-six-data-visualization
02/099,2002-11-12,5,8,9,26,33,38,28,github:icelam/mark-six-data-visualization
02/100,2002-11-14,2,6,14,25,45,49,42,github:icelam/mark-six-data-visualization
02/101,2002-11-19,3,15,22,23,42,47,18,github:icelam/mark-six-data-visualization
02/102,2002-11-21,4,16,18,25,29,41,21,github:icelam/mark-six-data-visualization
02/103,2002-11-26,19,21,40,42,46,47,33,github:icelam/mark-six-data-visualization
02/104,2002-11-28,17,19,26,31,37,43,38,github:icelam/mark-six-data-visualization
02/105,2002-12-03,9,11,14,17,24,28,46,github:icelam/mark-six-data-visualization
02/106,2002-12-05,11,21,27,31,37,44,1,github:icelam/mark-six-data-visualization
02/107,2002-12-10,5,36,37,38,46,49,17,github:icelam/mark-six-data-visualization
02/108,2002-12-12,7,15,16,23,31,35,8,github:icelam/mark-six-data-visualization
02/109,2002-12-17,6,18,39,40,41,42,9,github:icelam/mark-six-data-visualization
02/110,2002-12-20,13,18,23,24,26,33,15,github:icelam/mark-six-data-visualization
02/111,2002-12-23,1,11,18,19,39,40,42,github:icelam/mark-six-data-visualization
02/112,2002-12-27,10,14,22,34,40,43,4,github:icelam/mark-six-data-visualization
02/113,2002-12-31,10,18,19,28,40,44,24,github:icelam/mark-six-data-visualization
03/001,2003-01-02,5,6,16,23,26,27,46,github:icelam/mark-six-data-visualization
03/002,2003-01-07,9,10,12,26,38,43,15,github:icelam/mark-six-data-visualization
03/003,2003-01-09,8,17,21,22,23,49,24,github:icelam/mark-six-data-visualization
03/004,2003-01-14,7,11,13,28,32,33,20,github:icelam/mark-six-data-visualization
03/005,2003-01-16,2,34,36,39,40,42,29,github:icelam/mark-six-data-visualization
03/006,2003-01-21,16,20,21,43,44,49,6,github:icelam/mark-six-data-visualization
03/007,2003-01-23,6,14,23,27,36,38,49,github:icelam/mark-six-data-visualization
03/008,2003-01-28,5,10,25,30,41,46,48,github:icelam/mark-six-data-visualization
03/009,2003-01-30,4,5,6,7,8,28,23,github:icelam/mark-six-data-visualization
03/010,2003-02-04,7,12,20,27,28,43,46,github:icelam/mark-six-data-visualization
03/011,2003-02-06,4,11,18,26,31,46,16,github:icelam/mark-six-data-visualization
03/012,2003-02-11,11,22,23,28,38,40,29,github:icelam/mark-six-data-visualization
03/013,2003-02-13,4,8,12,24,39,40,18,github:icelam/mark-six-data-visualization
03/014,2003-02-18,10,16,19,20,40,49,24,github:icelam/mark-six-data-visualization
03/015,2003-02-20,1,13,16,24,41,48,35,github:icelam/mark-six-data-visualization
03/016,2003-02-25,13,19,23,28,42,45,15,github:icelam/mark-six-data-visualization
03/017,2003-02-27,4,9,12,21,25,34,36,github:icelam/mark-six-data-visualization
03/018,2003-03-04,9,32,33,38,42,44,43,github:icelam/mark-six-data-visualization
03/019,2003-03-06,15,20,35,40,45,48,30,github:icelam/mark-six-data-visualization
03/020,2003-03-11,10,20,22,31,35,39,17,github:icelam/mark-six-data-visualization
03/021,2003-03-13,2,3,20,21,43,49,32,github:icelam/mark-six-data-visualization
03/022,2003-03-18,8,10,22,23,24,35,33,github:icelam/mark-six-data-visualization
03/023,2003-03-20,13,14,21,23,39,42,36,github:icelam/mark-six-data-visualization
03/024,2003-03-25,13,23,28,30,34,42,20,github:icelam/mark-six-data-visualization
03/025,2003-03-27,9,21,22,26,37,48,35,github:icelam/mark-six-data-visualization
03/026,2003-04-01,12,17,30,40,43,48,18,github:icelam/mark-six-data-visualization
03/027,2003-04-03,21,29,32,38,41,43,7,github:icelam/mark-six-data-visualization
03/028,2003-04-08,6,11,13,24,40,47,42,github:icelam/mark-six-data-visualization
03/029,2003-04-10,7,11,13,23,31,33,28,github:icelam/mark-six-data-visualization
03/030,2003-04-15,9,15,27,28,37,39,33,github:icelam/mark-six-data-visualization
03/031,2003-04-17,12,18,26,34,38,45,43,github:icelam/mark-six-data-visualization
03/032,2003-04-22,7,14,26,27,31,36,43,github:icelam/mark-six-data-visualization
03/033,2003-04-24,11,14,17,20,42,47,27,github:icelam/mark-six-data-visualization
03/034,2003-04-29,19,30,37,41,47,49,3,github:icelam/mark-six-data-visualization
03/035,2003-05-02,3,8,10,19,31,35,36,github:icelam/mark-six-data-visualization
03/036,2003-05-06,7,19,30,34,37,44,48,github:icelam/mark-six-data-visualization
03/037,2003-05-09,11,20,23,29,32,33,35,github:icelam/mark-six-data-visualization
03/038,2003-05-13,9,17,20,29,34,35,18,github:icelam/mark-six-data-visualization
03/039,2003-05-15,8,29,31,32,36,38,12,github:icelam/mark-six-data-visualization
03/040,2003-05-20,6,28,39,40,43,45,42,github:icelam/mark-six-data-visualization
03/041,2003-05-22,8,14,17,23,28,43,26,github:icelam/mark-six-data-visualization
03/042,2003-05-27,1,27,28,29,31,49,6,github:icelam/mark-six-data-visualization
03/043,2003-05-29,13,16,19,31,39,47,29,github:icelam/mark-six-data-visualization
03/044,2003-06-03,2,12,21,37,47,49,11,github:icelam/mark-six-data-visualization
03/045,2003-06-05,9,27,30,33,44,48,37,github:icelam/mark-six-data-visualization
03/046,2003-06-10,10,19,26,30,32,44,29,github:icelam/mark-six-data-visualization
03/047,2003-06-12,3,14,27,31,38,44,26,github:icelam/mark-six-data-visualization
03/048,2003-06-17,3,11,18,22,24,37,49,github:icelam/mark-six-data-visualization
03/049,2003-06-19,3,4,10,24,26,47,12,github:icelam/mark-six-data-visualization
03/050,2003-06-24,2,10,21,22,37,44,47,github:icelam/mark-six-data-visualization
03/051,2003-06-26,7,9,26,29,37,40,11,github:icelam/mark-six-data-visualization
03/052,2003-06-30,14,16,18,32,44,47,2,github:icelam/mark-six-data-visualization
03/053,2003-07-03,5,6,12,20,39,47,38,github:icelam/mark-six-data-visualization
03/054,2003-07-05,1,12,13,16,36,46,49,github:icelam/mark-six-data-visualization
03/055,2003-07-08,1,6,15,21,23,33,30,github:icelam/mark-six-data-visualization
03/056,2003-07-10,24,28,29,30,42,49,47,github:icelam/mark-six-data-visualization
03/057,2003-07-12,14,17,28,31,37,43,39,github:icelam/mark-six-data-visualization
03/058,2003-07-15,1,4,5,7,9,27,21,github:icelam/mark-six-data-visualization
03/059,2003-07-17,12,16,21,24,30,39,7,github:icelam/mark-six-data-visualization
03/060,2003-07-19,5,7,10,23,31,34,38,github:icelam/mark-six-data-visualization
03/061,2003-07-22,2,6,9,14,17,29,22,github:icelam/mark-six-data-visualization
03/062,2003-07-24,18,24,26,29,30,46,39,github:icelam/mark-six-data-visualization
03/063,2003-07-26,12,14,25,30,34,35,23,github:icelam/mark-six-data-visualization
03/064,2003-07-29,2,5,6,11,20,34,32,github:icelam/mark-six-data-visualization
03/065,2003-07-31,5,15,17,18,24,47,7,github:icelam/mark-six-data-visualization
03/066,2003-08-02,16,29,31,33,36,38,4,github:icelam/mark-six-data-visualization
03/067,2003-08-05,2,22,39,41,42,45,26,github:icelam/mark-six-data-visualization
03/068,2003-08-07,2,12,17,31,37,40,1,github:icelam/mark-six-data-visualization
03/069,2003-08-09,16,17,26,28,40,42,44,github:icelam/mark-six-data-visualization
03/070,2003-08-12,6,9,18,26,33,38,29,github:icelam/mark-six-data-visualization
03/071,2003-08-14,2,11,17,18,20,27,10,github:icelam/mark-six-data-visualization
03/072,2003-08-16,2,3,6,8,25,39,38,github:icelam/mark-six-data-visualization
03/073,2003-08-19,13,16,20,30,36,47,24,github:icelam/mark-six-data-visualization
03/074,2003-08-21,9,10,18,21,36,45,6,github:icelam/mark-six-data-visualization
03/075,2003-08-23,8,14,31,33,36,42,34,github:icelam/mark-six-data-visualization
03/076,2003-08-26,7,10,21,25,37,39,9,github:icelam/mark-six-data-visualization
03/077,2003-08-28,5,6,27,28,36,41,47,github:icelam/mark-six-data-visualization
03/078,2003-08-30,15,16,17,22,25,28,12,github:icelam/mark-six-data-visualization
03/079,2003-09-04,1,4,17,26,38,44,11,github:icelam/mark-six-data-visualization
03/080,2003-09-09,7,12,21,28,31,41,3,github:icelam/mark-six-data-visualization
03/081,2003-09-12,1,5,21,28,35,41,38,github:icelam/mark-six-data-visualization
03/082,2003-09-16,2,4,13,43,48,49,24,github:icelam/mark-six-data-visualization
03/083,2003-09-18,4,5,14,18,28,31,24,github:icelam/mark-six-data-visualization
03/084,2003-09-20,2,3,9,13,31,43,10,github:icelam/mark-six-data-visualization
03/085,2003-09-23,2,13,20,22,39,49,41,github:icelam/mark-six-data-visualization
03/086,2003-09-25,2,7,9,40,41,42,28,github:icelam/mark-six-data-visualization
03/087,2003-09-30,10,18,24,27,28,38,21,github:icelam/mark-six-data-visualization
03/088,2003-10-02,4,7,10,15,19,39,22,github:icelam/mark-six-data-visualization
03/089,2003-10-04,8,23,31,33,41,47,38,github:icelam/mark-six-data-visualization
03/090,2003-10-07,17,28,33,38,42,47,34,github:icelam/mark-six-data-visualization
03/091,2003-10-09,19,23,31,40,44,47,3,github:icelam/mark-six-data-visualization
03/092,2003-10-14,9,16,30,31,32,37,24,github:icelam/mark-six-data-visualization
03/093,2003-10-16,6,27,36,38,43,49,40,github:icelam/mark-six-data-visualization
03/094,2003-10-18,14,20,26,39,40,42,12,github:icelam/mark-six-data-visualization
03/095,2003-10-21,24,25,35,41,44,47,38,github:icelam/mark-six-data-visualization
03/096,2003-10-23,7,10,15,21,30,43,8,github:icelam/mark-six-data-visualization
03/097,2003-10-28,7,21,25,42,47,49,1,github:icelam/mark-six-data-visualization
03/098,2003-10-30,10,11,17,19,39,45,15,github:icelam/mark-six-data-visualization
03/099,2003-11-01,4,8,12,15,23,33,36,github:icelam/mark-six-data-visualization
03/100,2003-11-03,6,9,18,22,31,41,24,github:icelam/mark-six-data-visualization
03/101,2003-11-06,5,6,14,27,28,49,42,github:icelam/mark-six-data-visualization
03/102,2003-11-11,1,4,19,28,37,49,29,github:icelam/mark-six-data-visualization
03/103,2003-11-14,25,28,29,37,44,48,43,github:icelam/mark-six-data-visualization
03/104,2003-11-18,11,14,22,24,34,48,43,github:icelam/mark-six-data-visualization
03/105,2003-11-20,18,25,31,34,35,37,5,github:icelam/mark-six-data-visualization
03/106,2003-11-25,11,13,30,39,41,48,45,github:icelam/mark-six-data-visualization
03/107,2003-11-27,7,10,15,38,45,49,22,github:icelam/mark-six-data-visualization
03/108,2003-11-29,2,3,4,14,44,46,5,github:icelam/mark-six-data-visualization
03/109,2003-12-02,8,12,18,23,41,48,19,github:icelam/mark-six-data-visualization
03/110,2003-12-04,2,3,8,19,25,39,49,github:icelam/mark-six-data-visualization
03/111,2003-12-09,10,15,20,31,35,48,14,github:icelam/mark-six-data-visualization
03/112,2003-12-11,1,14,19,22,31,35,34,github:icelam/mark-six-data-visualization
03/113,2003-12-13,6,13,22,29,33,42,11,github:icelam/mark-six-data-visualization
03/114,2003-12-16,11,13,33,36,37,48,46,github:icelam/mark-six-data-visualization
03/115,2003-12-18,23,24,31,33,42,44,27,github:icelam/mark-six-data-visualization
03/116,2003-12-23,5,17,19,34,42,48,44,github:icelam/mark-six-data-visualization
03/117,2003-12-30,1,22,36,38,39,47,27,github:icelam/mark-six-data-visualization
04/001,2004-01-03,3,31,33,36,39,49,1,github:icelam/mark-six-data-visualization
04/002,2004-01-06,7,14,17,22,29,43,36,github:icelam/mark-six-data-visualization
04/003,2004-01-08,14,26,33,39,40,43,23,github:icelam/mark-six-data-visualization
04/004,2004-01-13,30,34,39,43,48,49,6,github:icelam/mark-six-data-visualization
04/005,2004-01-15,8,9,13,31,40,48,43,github:icelam/mark-six-data-visualization
04/006,2004-01-17,3,5,19,26,32,49,1,github:icelam/mark-six-data-visualization
04/007,2004-01-20,5,6,9,28,31,32,19,github:icelam/mark-six-data-visualization
04/008,2004-01-27,10,13,18,29,40,41,4,github:icelam/mark-six-data-visualization
04/009,2004-01-29,21,22,24,27,31,42,11,github:icelam/mark-six-data-visualization
04/010,2004-01-31,1,29,30,32,41,46,8,github:icelam/mark-six-data-visualization
04/011,2004-02-03,4,10,43,45,46,48,13,github:icelam/mark-six-data-visualization
04/012,2004-02-05,12,22,29,35,43,48,38,github:icelam/mark-six-data-visualization
04/013,2004-02-10,20,22,32,37,39,44,11,github:icelam/mark-six-data-visualization
04/014,2004-02-12,9,17,21,22,31,32,4,github:icelam/mark-six-data-visualization
04/015,2004-02-14,4,13,15,28,45,49,7,github:icelam/mark-six-data-visualization
04/016,2004-02-17,7,15,20,28,38,41,37,github:icelam/mark-six-data-visualization
04/017,2004-02-19,3,6,9,14,26,40,19,github:icelam/mark-six-data-visualization
04/018,2004-02-21,7,22,24,25,40,41,1,github:icelam/mark-six-data-visualization
04/019,2004-02-24,2,3,4,8,16,18,6,github:icelam/mark-six-data-visualization
04/020,2004-02-26,1,9,14,39,45,48,3,github:icelam/mark-six-data-visualization
04/021,2004-03-02,8,20,33,36,46,49,18,github:icelam/mark-six-data-visualization
04/022,2004-03-04,1,19,20,34,42,43,15,github:icelam/mark-six-data-visualization
04/023,2004-03-06,9,10,26,31,35,41,42,github:icelam/mark-six-data-visualization
04/024,2004-03-09,10,21,26,30,31,42,48,github:icelam/mark-six-data-visualization
04/025,2004-03-11,14,23,33,35,36,43,37,github:icelam/mark-six-data-visualization
04/026,2004-03-16,7,10,18,23,37,39,17,github:icelam/mark-six-data-visualization
04/027,2004-03-18,2,3,4,25,36,47,8,github:icelam/mark-six-data-visualization
04/028,2004-03-20,6,21,28,36,44,49,32,github:icelam/mark-six-data-visualization
04/029,2004-03-23,4,5,17,20,28,39,3,github:icelam/mark-six-data-visualization
04/030,2004-03-25,7,10,13,21,22,23,35,github:icelam/mark-six-data-visualization
04/031,2004-03-30,9,11,21,27,37,45,30,github:icelam/mark-six-data-visualization
04/032,2004-04-02,11,12,13,22,26,31,10,github:icelam/mark-six-data-visualization
04/033,2004-04-06,3,7,13,25,31,33,45,github:icelam/mark-six-data-visualization
04/034,2004-04-08,1,7,13,32,37,48,26,github:icelam/mark-six-data-visualization
04/035,2004-04-10,9,12,17,42,47,49,34,github:icelam/mark-six-data-visualization
04/036,2004-04-13,1,23,24,30,47,49,42,github:icelam/mark-six-data-visualization
04/037,2004-04-15,23,31,34,43,45,47,48,github:icelam/mark-six-data-visualization
04/038,2004-04-20,6,9,12,19,22,25,17,github:icelam/mark-six-data-visualization
04/039,2004-04-22,8,32,36,39,44,46,33,github:icelam/mark-six-data-visualization
04/040,2004-04-24,24,30,39,43,44,48,23,github:icelam/mark-six-data-visualization
04/041,2004-04-27,7,11,15,29,46,49,21,github:icelam/mark-six-data-visualization
04/042,2004-04-29,4,19,26,30,31,34,37,github:icelam/mark-six-data-visualization
04/043,2004-05-04,16,21,29,37,46,47,35,github:icelam/mark-six-data-visualization
04/044,2004-05-06,8,28,33,36,38,47,2,github:icelam/mark-six-data-visualization
04/045,2004-05-11,7,11,13,22,24,37,36,github:icelam/mark-six-data-visualization
04/046,2004-05-13,9,13,21,37,40,48,12,github:icelam/mark-six-data-visualization
04/047,2004-05-15,7,8,15,27,34,49,22,github:icelam/mark-six-data-visualization
04/048,2004-05-18,10,21,23,30,43,49,3,github:icelam/mark-six-data-visualization
04/049,2004-05-20,4,18,31,40,45,47,29,github:icelam/mark-six-data-visualization
04/050,2004-05-25,14,23,27,37,40,45,39,github:icelam/mark-six-data-visualization
04/051,2004-05-27,2,16,19,24,48,49,12,github:icelam/mark-six-data-visualization
04/052,2004-05-29,3,10,20,27,40,46,9,github:icelam/mark-six-data-visualization
04/053,2004-06-01,9,27,32,38,39,43,31,github:icelam/mark-six-data-visualization
04/054,2004-06-03,13,33,37,40,41,47,48,github:icelam/mark-six-data-visualization
04/055,2004-06-05,6,8,12,29,32,40,45,github:icelam/mark-six-data-visualization
04/056,2004-06-08,7,18,28,29,37,49,12,github:icelam/mark-six-data-visualization
04/057,2004-06-11,11,16,26,42,43,48,32,github:icelam/mark-six-data-visualization
04/058,2004-06-15,3,7,13,20,36,48,47,github:icelam/mark-six-data-visualization
04/059,2004-06-17,5,9,18,21,28,32,7,github:icelam/mark-six-data-visualization
04/060,2004-06-19,28,34,38,41,46,48,36,github:icelam/mark-six-data-visualization
04/061,2004-06-24,3,5,6,11,13,40,45,github:icelam/mark-six-data-visualization
04/062,2004-06-26,7,21,23,29,33,44,9,github:icelam/mark-six-data-visualization
04/063,2004-06-29,3,7,9,14,25,44,45,github:icelam/mark-six-data-visualization
04/064,2004-07-01,11,25,32,33,37,42,31,github:icelam/mark-six-data-visualization
04/065,2004-07-03,2,16,18,35,48,49,43,github:icelam/mark-six-data-visualization
04/066,2004-07-06,9,22,37,40,42,48,26,github:icelam/mark-six-data-visualization
04/067,2004-07-08,3,6,8,13,28,36,38,github:icelam/mark-six-data-visualization
04/068,2004-07-10,1,6,7,12,36,42,34,github:icelam/mark-six-data-visualization
04/069,2004-07-13,1,3,13,18,21,35,15,github:icelam/mark-six-data-visualization
04/070,2004-07-15,6,30,31,37,38,43,24,github:icelam/mark-six-data-visualization
04/071,2004-07-17,7,9,18,32,48,49,10,github:icelam/mark-six-data-visualization
04/072,2004-07-20,6,8,12,21,32,43,25,github:icelam/mark-six-data-visualization
04/073,2004-07-22,1,6,7,8,24,42,22,github:icelam/mark-six-data-visualization
04/074,2004-07-24,10,18,22,34,36,37,15,github:icelam/mark-six-data-visualization
04/075,2004-07-27,1,2,20,34,35,43,37,github:icelam/mark-six-data-visualization
04/076,2004-07-29,1,16,26,31,35,36,38,github:icelam/mark-six-data-visualization
04/077,2004-07-31,13,14,32,40,43,48,12,github:icelam/mark-six-data-visualization
04/078,2004-08-03,7,14,27,29,37,49,9,github:icelam/mark-six-data-visualization
04/079,2004-08-05,8,13,27,39,40,45,49,github:icelam/mark-six-data-visualization
04/080,2004-08-07,8,16,27,39,40,48,14,github:icelam/mark-six-data-visualization
04/081,2004-08-10,16,17,27,44,45,47,49,github:icelam/mark-six-data-visualization
04/082,2004-08-12,19,21,22,34,48,49,42,github:icelam/mark-six-data-visualization
04/083,2004-08-14,1,5,16,22,30,34,39,github:icelam/mark-six-data-visualization
04/084,2004-08-17,27,29,30,39,40,42,47,github:icelam/mark-six-data-visualization
04/085,2004-08-19,12,19,24,27,36,44,29,github:icelam/mark-six-data-visualization
04/086,2004-08-21,14,23,26,28,36,37,40,github:icelam/mark-six-data-visualization
04/087,2004-08-24,10,14,17,30,36,45,47,github:icelam/mark-six-data-visualization
04/088,2004-08-26,2,9,19,30,36,37,41,github:icelam/mark-six-data-visualization
04/089,2004-08-28,1,30,33,42,44,48,49,github:icelam/mark-six-data-visualization
04/090,2004-08-31,5,16,17,18,23,27,10,github:icelam/mark-six-data-visualization
04/091,2004-09-02,1,5,11,22,32,45,28,github:icelam/mark-six-data-visualization
04/092,2004-09-04,15,17,18,21,28,37,40,github:icelam/mark-six-data-visualization
04/093,2004-09-07,3,4,16,19,32,45,14,github:icelam/mark-six-data-visualization
04/094,2004-09-10,20,23,27,38,40,47,33,github:icelam/mark-six-data-visualization
04/095,2004-09-14,3,7,10,21,30,36,14,github:icelam/mark-six-data-visualization
04/096,2004-09-16,11,12,18,20,27,42,16,github:icelam/mark-six-data-visualization
04/097,2004-09-18,7,20,24,30,38,41,19,github:icelam/mark-six-data-visualization
04/098,2004-09-21,1,3,30,33,35,42,12,github:icelam/mark-six-data-visualization
04/099,2004-09-24,11,14,17,30,42,46,29,github:icelam/mark-six-data-visualization
04/100,2004-09-26,7,15,17,28,40,41,10,github:icelam/mark-six-data-visualization
04/101,2004-09-28,22,28,31,36,39,49,32,github:icelam/mark-six-data-visualization
04/102,2004-09-30,12,13,14,20,23,28,22,github:icelam/mark-six-data-visualization
04/103,2004-10-02,3,13,15,39,43,44,31,github:icelam/mark-six-data-visualization
04/104,2004-10-05,4,12,14,22,46,48,23,github:icelam/mark-six-data-visualization
04/105,2004-10-07,18,19,33,43,45,48,11,github:icelam/mark-six-data-visualization
04/106,2004-10-10,4,16,24,26,32,39,6,github:icelam/mark-six-data-visualization
04/107,2004-10-12,4,6,20,35,37,39,41,github:icelam/mark-six-data-visualization
04/108,2004-10-14,7,17,27,29,30,34,36,github:icelam/mark-six-data-visualization
04/109,2004-10-16,7,12,20,33,43,44,38,github:icelam/mark-six-data-visualization
04/110,2004-10-19,5,17,21,27,31,41,6,github:icelam/mark-six-data-visualization
04/111,2004-10-21,12,27,30,31,34,48,17,github:icelam/mark-six-data-visualization
04/112,2004-10-24,11,15,24,25,26,33,42,github:icelam/mark-six-data-visualization
04/113,2004-10-26,6,24,30,43,44,45,11,github:icelam/mark-six-data-visualization
04/114,2004-10-28,1,12,26,27,36,49,21,github:icelam/mark-six-data-visualization
04/115,2004-10-31,14,21,23,30,33,37,10,github:icelam/mark-six-data-visualization
04/116,2004-11-04,7,18,19,25,42,45,41,github:icelam/mark-six-data-visualization
04/117,2004-11-07,2,13,17,33,38,42,5,github:icelam/mark-six-data-visualization
04/118,2004-11-09,2,5,12,21,30,31,6,github:icelam/mark-six-data-visualization
04/119,2004-11-11,7,9,12,13,16,33,37,github:icelam/mark-six-data-visualization
04/120,2004-11-13,7,9,22,38,39,49,48,github:icelam/mark-six-data-visualization
04/121,2004-11-16,7,15,23,30,34,41,10,github:icelam/mark-six-data-visualization
04/122,2004-11-18,3,11,12,13,26,28,31,github:icelam/mark-six-data-visualization
04/123,2004-11-20,6,26,30,34,40,43,3,github:icelam/mark-six-data-visualization
04/124,2004-11-23,10,15,16,21,25,38,24,github:icelam/mark-six-data-visualization
04/125,2004-11-25,17,19,21,35,40,49,42,github:icelam/mark-six-data-visualization
04/126,2004-11-27,9,21,28,30,34,44,10,github:icelam/mark-six-data-visualization
04/127,2004-11-30,8,21,29,31,38,42,23,github:icelam/mark-six-data-visualization
04/128,2004-12-02,3,9,10,27,31,36,26,github:icelam/mark-six-data-visualization
04/129,2004-12-05,6,10,13,24,31,46,25,github:icelam/mark-six-data-visualization
04/130,2004-12-07,16,25,26,42,44,48,20,github:icelam/mark-six-data-visualization
04/131,2004-12-09,4,28,36,43,46,49,40,github:icelam/mark-six-data-visualization
04/132,2004-12-11,3,9,31,36,37,45,19,github:icelam/mark-six-data-visualization
04/133,2004-12-14,3,19,22,25,31,48,12,github:icelam/mark-six-data-visualization
04/134,2004-12-17,6,11,14,26,46,47,40,github:icelam/mark-six-data-visualization
04/135,2004-12-19,1,24,25,32,34,39,10,github:icelam/mark-six-data-visualization
04/136,2004-12-21,2,20,36,45,48,49,21,github:icelam/mark-six-data-visualization
04/137,2004-12-23,1,10,12,16,43,45,13,github:icelam/mark-six-data-visualization
04/138,2004-12-25,2,15,28,30,37,41,31,github:icelam/mark-six-data-visualization
04/139,2004-12-28,5,9,35,38,43,48,6,github:icelam/mark-six-data-visualization
04/140,2004-12-30,17,20,28,34,38,47,14,github:icelam/mark-six-data-visualization
05/001,2005-01-02,11,18,32,36,39,43,34,github:icelam/mark-six-data-visualization
05/002,2005-01-04,4,5,6,8,20,38,35,github:icelam/mark-six-data-visualization
05/003,2005-01-06,3,6,10,14,40,42,15,github:icelam/mark-six-data-visualization
05/004,2005-01-09,10,30,38,42,45,49,27,github:icelam/mark-six-data-visualization
05/005,2005-01-11,5,6,11,25,35,40,44,github:icelam/mark-six-data-visualization
05/006,2005-01-13,16,24,27,30,42,46,17,github:icelam/mark-six-data-visualization
05/007,2005-01-15,9,10,14,16,25,49,23,github:icelam/mark-six-data-visualization
05/008,2005-01-18,5,13,18,20,21,26,11,github:icelam/mark-six-data-visualization
05/009,2005-01-20,9,13,21,28,33,46,6,github:icelam/mark-six-data-visualization
05/010,2005-01-22,5,7,13,19,35,46,24,github:icelam/mark-six-data-visualization
05/011,2005-01-25,15,20,31,34,37,48,4,github:icelam/mark-six-data-visualization
05/012,2005-01-27,3,6,7,15,26,35,40,github:icelam/mark-six-data-visualization
05/013,2005-01-29,2,9,18,19,28,33,35,github:icelam/mark-six-data-visualization
05/014,2005-02-01,9,18,23,33,44,49,29,github:icelam/mark-six-data-visualization
05/015,2005-02-04,2,19,20,33,37,48,10,github:icelam/mark-six-data-visualization
05/016,2005-02-07,9,21,36,38,43,49,23,github:icelam/mark-six-data-visualization
05/017,2005-02-10,2,8,20,21,40,41,24,github:icelam/mark-six-data-visualization
05/018,2005-02-12,11,13,16,19,25,32,26,github:icelam/mark-six-data-visualization
05/019,2005-02-15,5,8,27,28,33,46,2,github:icelam/mark-six-data-visualization
05/020,2005-02-17,8,13,16,42,45,47,33,github:icelam/mark-six-data-visualization
05/021,2005-02-19,2,18,28,42,45,49,17,github:icelam/mark-six-data-visualization
05/022,2005-02-22,2,16,20,32,35,41,24,github:icelam/mark-six-data-visualization
05/023,2005-02-24,6,22,25,39,41,49,13,github:icelam/mark-six-data-visualization
05/024,2005-02-26,1,16,36,41,42,44,18,github:icelam/mark-six-data-visualization
05/025,2005-03-01,3,7,12,25,33,35,30,github:icelam/mark-six-data-visualization
05/026,2005-03-03,2,5,25,31,40,43,22,github:icelam/mark-six-data-visualization
05/027,2005-03-06,2,10,16,35,37,45,26,github:icelam/mark-six-data-visualization
05/028,2005-03-08,4,8,17,39,47,48,1,github:icelam/mark-six-data-visualization
05/029,2005-03-10,3,7,8,24,42,49,37,github:icelam/mark-six-data-visualization
05/030,2005-03-12,3,6,8,11,28,31,19,github:icelam/mark-six-data-visualization
05/031,2005-03-15,2,6,27,44,45,49,23,github:icelam/mark-six-data-visualization
05/032,2005-03-18,2,22,25,30,44,48,46,github:icelam/mark-six-data-visualization
05/033,2005-03-20,1,9,21,35,36,47,33,github:icelam/mark-six-data-visualization
05/034,2005-03-22,2,9,10,13,15,24,19,github:icelam/mark-six-data-visualization
05/035,2005-03-24,2,10,13,22,24,25,5,github:icelam/mark-six-data-visualization
05/036,2005-03-27,2,5,10,14,29,37,3,github:icelam/mark-six-data-visualization
05/037,2005-03-29,6,9,13,21,46,47,12,github:icelam/mark-six-data-visualization
05/038,2005-03-31,2,12,14,38,39,43,48,github:icelam/mark-six-data-visualization
05/039,2005-04-02,11,12,17,22,31,43,45,github:icelam/mark-six-data-visualization
05/040,2005-04-05,10,15,25,29,34,37,13,github:icelam/mark-six-data-visualization
05/041,2005-04-07,1,5,24,25,35,49,14,github:icelam/mark-six-data-visualization
05/042,2005-04-10,3,5,14,40,46,49,6,github:icelam/mark-six-data-visualization
05/043,2005-04-12,9,10,22,23,28,36,49,github:icelam/mark-six-data-visualization
05/044,2005-04-14,12,17,33,43,45,47,10,github:icelam/mark-six-data-visualization
05/045,2005-04-17,11,15,19,29,42,49,5,github:icelam/mark-six-data-visualization
05/046,2005-04-19,4,9,22,30,33,35,13,github:icelam/mark-six-data-visualization
05/047,2005-04-21,2,3,13,14,17,38,31,github:icelam/mark-six-data-visualization
05/048,2005-04-23,3,9,27,31,38,45,34,github:icelam/mark-six-data-visualization
05/049,2005-04-26,12,13,30,36,39,47,8,github:icelam/mark-six-data-visualization
05/050,2005-04-28,2,8,22,36,38,40,5,github:icelam/mark-six-data-visualization
05/051,2005-04-30,13,16,21,30,36,37,2,github:icelam/mark-six-data-visualization
05/052,2005-05-03,2,8,16,25,33,37,1,github:icelam/mark-six-data-visualization
05/053,2005-05-05,9,20,21,22,30,48,6,github:icelam/mark-six-data-visualization
05/054,2005-05-08,7,9,10,21,39,49,41,github:icelam/mark-six-data-visualization
05/055,2005-05-10,4,11,14,20,36,41,15,github:icelam/mark-six-data-visualization
05/056,2005-05-12,2,14,16,23,35,38,47,github:icelam/mark-six-data-visualization
05/057,2005-05-15,7,12,18,33,44,45,32,github:icelam/mark-six-data-visualization
05/058,2005-05-17,3,14,17,32,39,42,8,github:icelam/mark-six-data-visualization
05/059,2005-05-19,16,18,23,31,34,47,38,github:icelam/mark-six-data-visualization
05/060,2005-05-22,5,6,10,16,20,21,19,github:icelam/mark-six-data-visualization
05/061,2005-05-24,1,11,18,22,23,42,10,github:icelam/mark-six-data-visualization
05/062,2005-05-26,12,33,39,43,45,49,10,github:icelam/mark-six-data-visualization
05/063,2005-05-28,17,22,23,26,28,46,2,github:icelam/mark-six-data-visualization
05/064,2005-05-31,11,16,17,19,24,43,13,github:icelam/mark-six-data-visualization
05/065,2005-06-02,4,17,20,33,39,43,26,github:icelam/mark-six-data-visualization
05/066,2005-06-04,4,20,32,39,40,42,33,github:icelam/mark-six-data-visualization
05/067,2005-06-07,10,11,18,26,41,48,27,github:icelam/mark-six-data-visualization
05/068,2005-06-09,3,13,27,29,36,37,24,github:icelam/mark-six-data-visualization
05/069,2005-06-11,11,18,22,29,40,48,44,github:icelam/mark-six-data-visualization
05/070,2005-06-14,2,5,7,18,22,48,11,github:icelam/mark-six-data-visualization
05/071,2005-06-16,5,7,15,35,36,44,4,github:icelam/mark-six-data-visualization
05/072,2005-06-19,6,15,18,25,26,47,27,github:icelam/mark-six-data-visualization
05/073,2005-06-21,11,22,29,31,32,42,3,github:icelam/mark-six-data-visualization
05/074,2005-06-23,2,21,29,38,44,48,10,github:icelam/mark-six-data-visualization
05/075,2005-06-25,15,25,33,38,40,49,21,github:icelam/mark-six-data-visualization
05/076,2005-06-28,1,23,25,30,32,46,42,github:icelam/mark-six-data-visualization
05/077,2005-06-30,4,16,22,27,32,36,17,github:icelam/mark-six-data-visualization
05/078,2005-07-02,2,4,23,32,43,45,42,github:icelam/mark-six-data-visualization
05/079,2005-07-05,6,9,13,21,41,43,45,github:icelam/mark-six-data-visualization
05/080,2005-07-07,4,22,24,30,31,34,17,github:icelam/mark-six-data-visualization
05/081,2005-07-09,6,10,16,21,23,39,5,github:icelam/mark-six-data-visualization
05/082,2005-07-12,6,7,18,22,30,34,2,github:icelam/mark-six-data-visualization
05/083,2005-07-14,10,17,18,34,48,49,29,github:icelam/mark-six-data-visualization
05/084,2005-07-16,5,6,17,35,39,49,44,github:icelam/mark-six-data-visualization
05/085,2005-07-19,5,14,26,30,31,42,4,github:icelam/mark-six-data-visualization
05/086,2005-07-21,8,13,15,28,29,48,3,github:icelam/mark-six-data-visualization
05/087,2005-07-23,7,8,15,22,35,49,17,github:icelam/mark-six-data-visualization
05/088,2005-07-26,6,12,14,25,27,30,8,github:icelam/mark-six-data-visualization
05/089,2005-07-29,25,35,39,42,43,49,5,github:icelam/mark-six-data-visualization
05/090,2005-07-31,5,13,14,33,45,46,25,github:icelam/mark-six-data-visualization
05/091,2005-08-02,21,25,33,36,42,48,13,github:icelam/mark-six-data-visualization
05/092,2005-08-04,1,7,19,27,38,47,3,github:icelam/mark-six-data-visualization
05/093,2005-08-06,5,21,33,34,44,45,40,github:icelam/mark-six-data-visualization
05/094,2005-08-09,9,13,22,35,38,39,4,github:icelam/mark-six-data-visualization
05/095,2005-08-11,9,11,23,29,33,38,6,github:icelam/mark-six-data-visualization
05/096,2005-08-13,9,13,32,38,48,49,41,github:icelam/mark-six-data-visualization
05/097,2005-08-16,1,11,21,27,37,48,18,github:icelam/mark-six-data-visualization
05/098,2005-08-18,2,19,24,39,41,49,21,github:icelam/mark-six-data-visualization
05/099,2005-08-20,3,8,13,17,22,29,18,github:icelam/mark-six-data-visualization
05/100,2005-08-23,1,3,14,26,36,47,42,github:icelam/mark-six-data-visualization
05/101,2005-08-25,5,13,20,25,29,39,35,github:icelam/mark-six-data-visualization
05/102,2005-08-27,1,3,20,23,33,37,14,github:icelam/mark-six-data-visualization
05/103,2005-08-30,4,9,17,26,40,46,18,github:icelam/mark-six-data-visualization
05/104,2005-09-01,4,14,19,21,24,48,10,github:icelam/mark-six-data-visualization
05/105,2005-09-03,7,11,18,34,35,48,42,github:icelam/mark-six-data-visualization
05/106,2005-09-06,9,15,20,23,39,41,44,github:icelam/mark-six-data-visualization
05/107,2005-09-08,8,10,13,14,31,48,47,github:icelam/mark-six-data-visualization
05/108,2005-09-10,1,4,19,33,34,40,25,github:icelam/mark-six-data-visualization
05/109,2005-09-13,16,26,29,39,41,46,34,github:icelam/mark-six-data-visualization
05/110,2005-09-16,22,24,28,33,34,42,48,github:icelam/mark-six-data-visualization
05/111,2005-09-18,3,5,8,14,27,35,9,github:icelam/mark-six-data-visualization
05/112,2005-09-20,4,5,21,26,37,47,7,github:icelam/mark-six-data-visualization
05/113,2005-09-22,2,4,12,13,19,42,39,github:icelam/mark-six-data-visualization
05/114,2005-09-25,1,6,14,19,26,30,17,github:icelam/mark-six-data-visualization
05/115,2005-09-27,1,17,20,28,35,43,18,github:icelam/mark-six-data-visualization
05/116,2005-09-30,11,14,20,24,25,35,33,github:icelam/mark-six-data-visualization
05/117,2005-10-04,2,9,16,25,36,38,14,github:icelam/mark-six-data-visualization
05/118,2005-10-06,23,26,27,29,30,45,18,github:icelam/mark-six-data-visualization
05/119,2005-10-08,9,11,15,25,44,48,27,github:icelam/mark-six-data-visualization
05/120,2005-10-11,8,9,16,24,29,48,5,github:icelam/mark-six-data-visualization
05/121,2005-10-13,24,34,35,38,41,47,45,github:icelam/mark-six-data-visualization
05/122,2005-10-15,3,14,17,41,46,47,20,github:icelam/mark-six-data-visualization
05/123,2005-10-18,14,15,18,20,38,42,35,github:icelam/mark-six-data-visualization
05/124,2005-10-20,6,10,22,30,43,44,29,github:icelam/mark-six-data-visualization
05/125,2005-10-23,9,25,30,31,35,37,1,github:icelam/mark-six-data-visualization
05/126,2005-10-25,3,12,26,30,39,41,25,github:icelam/mark-six-data-visualization
05/127,2005-10-27,2,5,13,19,40,49,7,github:icelam/mark-six-data-visualization
05/128,2005-10-29,8,10,11,24,31,37,38,github:icelam/mark-six-data-visualization
05/129,2005-10-31,2,18,30,34,37,41,28,github:icelam/mark-six-data-visualization
05/130,2005-11-03,1,3,10,31,34,35,27,github:icelam/mark-six-data-visualization
05/131,2005-11-06,3,11,13,20,38,49,19,github:icelam/mark-six-data-visualization
05/132,2005-11-08,3,10,13,35,48,49,33,github:icelam/mark-six-data-visualization
05/133,2005-11-10,7,8,12,37,41,48,40,github:icelam/mark-six-data-visualization
05/134,2005-11-12,1,13,21,22,24,40,27,github:icelam/mark-six-data-visualization
05/135,2005-11-15,23,24,26,30,47,49,43,github:icelam/mark-six-data-visualization
05/136,2005-11-17,4,9,10,14,15,49,5,github:icelam/mark-six-data-visualization
05/137,2005-11-19,2,3,15,30,32,46,23,github:icelam/mark-six-data-visualization
05/138,2005-11-22,12,23,25,31,44,45,3,github:icelam/mark-six-data-visualization
05/139,2005-11-24,1,4,5,8,13,43,22,github:icelam/mark-six-data-visualization
05/140,2005-11-26,3,16,25,37,38,45,18,github:icelam/mark-six-data-visualization
05/141,2005-11-29,13,18,24,26,44,45,27,github:icelam/mark-six-data-visualization
05/142,2005-12-01,10,32,33,38,41,47,6,github:icelam/mark-six-data-visualization
05/143,2005-12-04,9,10,27,32,37,45,4,github:icelam/mark-six-data-visualization
05/144,2005-12-06,1,2,3,7,14,15,11,github:icelam/mark-six-data-visualization
05/145,2005-12-08,3,9,16,31,36,42,20,github:icelam/mark-six-data-visualization
05/146,2005-12-10,2,9,22,32,35,41,20,github:icelam/mark-six-data-visualization
05/147,2005-12-13,1,6,14,22,33,47,9,github:icelam/mark-six-data-visualization
05/148,2005-12-15,12,14,19,27,34,43,24,github:icelam/mark-six-data-visualization
05/149,2005-12-18,1,4,15,22,40,44,2,github:icelam/mark-six-data-visualization
05/150,2005-12-20,9,16,19,20,30,43,44,github:icelam/mark-six-data-visualization
05/151,2005-12-22,8,18,19,23,24,42,32,github:icelam/mark-six-data-visualization
05/152,2005-12-24,6,10,19,20,22,36,3,github:icelam/mark-six-data-visualization
05/153,2005-12-27,4,9,17,18,31,43,19,github:icelam/mark-six-data-visualization
05/154,2005-12-29,9,11,21,22,24,41,33,github:icelam/mark-six-data-visualization
05/155,2005-12-31,2,7,11,31,40,43,36,github:icelam/mark-six-data-visualization
06/001,2006-01-03,17,23,24,25,26,38,47,github:icelam/mark-six-data-visualization
06/002,2006-01-05,5,10,22,38,44,46,13,github:icelam/mark-six-data-visualization
06/003,2006-01-08,1,10,26,28,38,42,43,github:icelam/mark-six-data-visualization
06/004,2006-01-10,5,21,25,36,38,39,4,github:icelam/mark-six-data-visualization
06/005,2006-01-12,15,24,25,27,36,37,35,github:icelam/mark-six-data-visualization
06/006,2006-01-14,1,12,19,29,32,34,46,github:icelam/mark-six-data-visualization
06/007,2006-01-17,11,13,25,29,38,47,12,github:icelam/mark-six-data-visualization
06/008,2006-01-19,24,26,28,31,44,47,17,github:icelam/mark-six-data-visualization
06/009,2006-01-21,1,7,20,34,40,45,22,github:icelam/mark-six-data-visualization
06/010,2006-01-24,6,14,28,31,33,35,26,github:icelam/mark-six-data-visualization
06/011,2006-01-26,18,22,23,27,28,43,35,github:icelam/mark-six-data-visualization
06/012,2006-01-28,16,22,27,30,39,41,40,github:icelam/mark-six-data-visualization
06/013,2006-01-30,9,21,22,33,35,48,43,github:icelam/mark-six-data-visualization
06/014,2006-02-02,3,4,5,20,23,37,38,github:icelam/mark-six-data-visualization
06/015,2006-02-04,19,34,39,40,41,45,23,github:icelam/mark-six-data-visualization
06/016,2006-02-07,5,12,15,24,40,41,44,github:icelam/mark-six-data-visualization
06/017,2006-02-09,3,6,13,29,39,49,9,github:icelam/mark-six-data-visualization
06/018,2006-02-12,12,15,26,30,41,45,4,github:icelam/mark-six-data-visualization
06/019,2006-02-14,7,22,32,34,42,43,6,github:icelam/mark-six-data-visualization
06/020,2006-02-16,3,12,16,22,29,34,30,github:icelam/mark-six-data-visualization
06/021,2006-02-18,10,12,14,28,42,46,37,github:icelam/mark-six-data-visualization
06/022,2006-02-21,7,15,24,31,36,49,40,github:icelam/mark-six-data-visualization
06/023,2006-02-23,18,31,35,39,40,43,10,github:icelam/mark-six-data-visualization
06/024,2006-02-25,13,18,22,31,34,37,19,github:icelam/mark-six-data-visualization
06/025,2006-02-28,10,14,23,25,27,40,37,github:icelam/mark-six-data-visualization
06/026,2006-03-02,1,5,14,22,29,43,20,github:icelam/mark-six-data-visualization
06/027,2006-03-05,1,7,14,15,22,45,24,github:icelam/mark-six-data-visualization
06/028,2006-03-07,2,11,30,42,48,49,36,github:icelam/mark-six-data-visualization
06/029,2006-03-09,9,19,20,30,39,40,10,github:icelam/mark-six-data-visualization
06/030,2006-03-11,1,13,14,19,21,30,40,github:icelam/mark-six-data-visualization
06/031,2006-03-14,7,12,13,25,39,48,9,github:icelam/mark-six-data-visualization
06/032,2006-03-16,4,27,33,37,42,49,36,github:icelam/mark-six-data-visualization
06/033,2006-03-18,1,6,13,30,33,43,9,github:icelam/mark-six-data-visualization
06/034,2006-03-21,4,8,16,22,23,43,18,github:icelam/mark-six-data-visualization
06/035,2006-03-23,3,7,18,20,26,32,10,github:icelam/mark-six-data-visualization
06/036,2006-03-25,26,32,36,42,43,45,44,github:icelam/mark-six-data-visualization
06/037,2006-03-28,1,3,10,15,21,28,37,github:icelam/mark-six-data-visualization
06/038,2006-03-30,2,12,17,19,30,33,23,github:icelam/mark-six-data-visualization
06/039,2006-04-02,8,12,25,29,39,45,44,github:icelam/mark-six-data-visualization
06/040,2006-04-04,7,11,14,35,38,43,26,github:icelam/mark-six-data-visualization
06/041,2006-04-07,10,11,16,29,30,35,28,github:icelam/mark-six-data-visualization
06/042,2006-04-09,18,28,34,44,45,47,8,github:icelam/mark-six-data-visualization
06/043,2006-04-11,5,21,26,30,36,41,17,github:icelam/mark-six-data-visualization
06/044,2006-04-13,13,28,32,39,44,49,48,github:icelam/mark-six-data-visualization
06/045,2006-04-16,9,11,20,22,29,38,37,github:icelam/mark-six-data-visualization
06/046,2006-04-18,11,14,27,28,38,44,12,github:icelam/mark-six-data-visualization
06/047,2006-04-20,2,9,12,16,37,40,19,github:icelam/mark-six-data-visualization
06/048,2006-04-22,6,8,11,28,42,46,31,github:icelam/mark-six-data-visualization
06/049,2006-04-25,2,24,26,29,32,33,6,github:icelam/mark-six-data-visualization
06/050,2006-04-27,1,7,8,30,34,37,41,github:icelam/mark-six-data-visualization
06/051,2006-04-29,6,10,19,24,28,47,22,github:icelam/mark-six-data-visualization
06/052,2006-05-02,3,13,18,27,33,45,29,github:icelam/mark-six-data-visualization
06/053,2006-05-04,2,3,32,46,47,48,35,github:icelam/mark-six-data-visualization
06/054,2006-05-06,5,17,23,28,31,32,18,github:icelam/mark-six-data-visualization
06/055,2006-05-09,18,22,24,25,26,43,23,github:icelam/mark-six-data-visualization
06/056,2006-05-11,7,12,15,27,29,49,36,github:icelam/mark-six-data-visualization
06/057,2006-05-14,1,7,14,23,45,48,43,github:icelam/mark-six-data-visualization
06/058,2006-05-16,23,26,35,36,39,43,5,github:icelam/mark-six-data-visualization
06/059,2006-05-18,11,23,31,32,33,40,49,github:icelam/mark-six-data-visualization
06/060,2006-05-20,15,20,38,41,44,46,34,github:icelam/mark-six-data-visualization
06/061,2006-05-23,1,14,28,41,45,47,29,github:icelam/mark-six-data-visualization
06/062,2006-05-25,9,27,29,38,39,40,47,github:icelam/mark-six-data-visualization
06/063,2006-05-27,1,22,34,35,36,47,7,github:icelam/mark-six-data-visualization
06/064,2006-05-30,10,16,21,30,33,48,19,github:icelam/mark-six-data-visualization
06/065,2006-06-01,12,17,24,35,44,46,10,github:icelam/mark-six-data-visualization
06/066,2006-06-03,5,9,16,29,36,47,17,github:icelam/mark-six-data-visualization
06/067,2006-06-06,2,9,29,31,42,49,5,github:icelam/mark-six-data-visualization
06/068,2006-06-08,17,34,36,41,46,48,26,github:icelam/mark-six-data-visualization
06/069,2006-06-11,3,5,7,18,40,45,15,github:icelam/mark-six-data-visualization
06/070,2006-06-13,2,6,17,33,42,45,13,github:icelam/mark-six-data-visualization
06/071,2006-06-15,4,15,16,22,24,45,2,github:icelam/mark-six-data-visualization
06/072,2006-06-18,5,6,7,18,27,35,19,github:icelam/mark-six-data-visualization
06/073,2006-06-20,4,5,17,39,40,42,3,github:icelam/mark-six-data-visualization
06/074,2006-06-22,4,5,33,36,48,49,2,github:icelam/mark-six-data-visualization
06/075,2006-06-24,18,21,32,33,36,37,6,github:icelam/mark-six-data-visualization
06/076,2006-06-27,10,12,21,26,27,49,14,github:icelam/mark-six-data-visualization
06/077,2006-06-29,2,3,13,17,19,36,47,github:icelam/mark-six-data-visualization
06/078,2006-07-01,4,13,30,42,47,48,40,github:icelam/mark-six-data-visualization
06/079,2006-07-04,1,4,5,13,14,19,18,github:icelam/mark-six-data-visualization
06/080,2006-07-06,1,7,9,16,21,49,12,github:icelam/mark-six-data-visualization
06/081,2006-07-08,2,6,10,13,30,33,40,github:icelam/mark-six-data-visualization
06/082,2006-07-11,1,30,34,42,45,46,8,github:icelam/mark-six-data-visualization
06/083,2006-07-13,1,8,9,10,34,36,17,github:icelam/mark-six-data-visualization
06/084,2006-07-15,9,20,23,34,35,45,15,github:icelam/mark-six-data-visualization
06/085,2006-07-18,10,13,22,27,32,39,43,github:icelam/mark-six-data-visualization
06/086,2006-07-20,6,13,15,26,30,33,16,github:icelam/mark-six-data-visualization
06/087,2006-07-22,2,6,16,20,23,24,19,github:icelam/mark-six-data-visualization
06/088,2006-07-25,10,16,23,34,38,41,5,github:icelam/mark-six-data-visualization
06/089,2006-07-27,1,19,21,31,43,47,18,github:icelam/mark-six-data-visualization
06/090,2006-07-29,2,23,29,34,35,37,41,github:icelam/mark-six-data-visualization
06/091,2006-08-01,7,10,20,30,34,46,19,github:icelam/mark-six-data-visualization
06/092,2006-08-03,9,10,16,19,32,45,18,github:icelam/mark-six-data-visualization
06/093,2006-08-05,1,8,11,14,16,45,41,github:icelam/mark-six-data-visualization
06/094,2006-08-08,10,20,24,28,32,49,9,github:icelam/mark-six-data-visualization
06/095,2006-08-10,12,15,18,23,35,38,33,github:icelam/mark-six-data-visualization
06/096,2006-08-12,2,13,18,26,28,43,41,github:icelam/mark-six-data-visualization
06/097,2006-08-15,8,18,21,23,30,47,10,github:icelam/mark-six-data-visualization
06/098,2006-08-17,10,17,19,27,37,38,26,github:icelam/mark-six-data-visualization
06/099,2006-08-19,3,25,27,28,43,45,42,github:icelam/mark-six-data-visualization
06/100,2006-08-22,8,18,22,34,48,49,33,github:icelam/mark-six-data-visualization
06/101,2006-08-24,3,11,14,21,40,45,8,github:icelam/mark-six-data-visualization
06/102,2006-08-26,27,29,31,36,39,43,23,github:icelam/mark-six-data-visualization
06/103,2006-08-29,14,34,37,40,48,49,30,github:icelam/mark-six-data-visualization
06/104,2006-08-31,4,26,30,35,45,46,20,github:icelam/mark-six-data-visualization
06/105,2006-09-02,3,16,17,34,46,48,41,github:icelam/mark-six-data-visualization
06/106,2006-09-05,4,8,14,22,41,48,39,github:icelam/mark-six-data-visualization
06/107,2006-09-07,5,8,15,25,33,48,11,github:icelam/mark-six-data-visualization
06/108,2006-09-09,8,12,14,17,23,25,10,github:icelam/mark-six-data-visualization
06/109,2006-09-12,2,32,40,41,43,45,30,github:icelam/mark-six-data-visualization
06/110,2006-09-14,12,26,27,28,32,46,47,github:icelam/mark-six-data-visualization
06/111,2006-09-17,5,11,14,20,22,41,33,github:icelam/mark-six-data-visualization
06/112,2006-09-19,3,11,22,25,27,33,21,github:icelam/mark-six-data-visualization
06/113,2006-09-21,1,22,33,40,43,48,35,github:icelam/mark-six-data-visualization
06/114,2006-09-23,3,13,20,34,37,40,11,github:icelam/mark-six-data-visualization
06/115,2006-09-26,7,9,15,18,32,43,8,github:icelam/mark-six-data-visualization
06/116,2006-09-28,5,15,22,30,42,49,37,github:icelam/mark-six-data-visualization
06/117,2006-09-30,1,2,4,11,12,23,6,github:icelam/mark-six-data-visualization
06/118,2006-10-03,1,5,9,19,35,45,30,github:icelam/mark-six-data-visualization
06/119,2006-10-05,5,9,16,32,35,42,4,github:icelam/mark-six-data-visualization
06/120,2006-10-08,1,4,17,22,27,28,15,github:icelam/mark-six-data-visualization
06/121,2006-10-10,6,8,22,39,40,47,17,github:icelam/mark-six-data-visualization
06/122,2006-10-12,5,9,10,22,26,38,39,github:icelam/mark-six-data-visualization
06/123,2006-10-14,3,16,20,36,41,49,45,github:icelam/mark-six-data-visualization
06/124,2006-10-17,5,22,29,33,36,40,32,github:icelam/mark-six-data-visualization
06/125,2006-10-19,9,11,15,29,35,44,18,github:icelam/mark-six-data-visualization
06/126,2006-10-22,3,18,24,26,42,43,16,github:icelam/mark-six-data-visualization
06/127,2006-10-24,12,28,29,30,44,48,34,github:icelam/mark-six-data-visualization
06/128,2006-10-26,5,8,13,17,26,41,22,github:icelam/mark-six-data-visualization
06/129,2006-10-28,7,28,33,35,42,44,41,github:icelam/mark-six-data-visualization
06/130,2006-10-31,1,6,13,28,35,44,30,github:icelam/mark-six-data-visualization
06/131,2006-11-02,5,7,28,35,36,39,31,github:icelam/mark-six-data-visualization
06/132,2006-11-05,11,22,38,41,42,45,20,github:icelam/mark-six-data-visualization
06/133,2006-11-09,2,21,22,34,36,38,45,github:icelam/mark-six-data-visualization
06/134,2006-11-11,10,13,18,21,31,48,17,github:icelam/mark-six-data-visualization
06/135,2006-11-14,8,14,20,34,36,49,46,github:icelam/mark-six-data-visualization
06/136,2006-11-16,3,10,12,32,35,44,41,github:icelam/mark-six-data-visualization
06/137,2006-11-18,10,11,14,34,40,49,43,github:icelam/mark-six-data-visualization
06/138,2006-11-21,3,7,16,26,31,35,18,github:icelam/mark-six-data-visualization
06/139,2006-11-23,6,10,19,32,41,49,5,github:icelam/mark-six-data-visualization
06/140,2006-11-25,7,18,30,35,36,49,29,github:icelam/mark-six-data-visualization
06/141,2006-11-28,6,10,21,23,35,36,8,github:icelam/mark-six-data-visualization
06/142,2006-11-30,5,8,9,27,31,35,15,github:icelam/mark-six-data-visualization
06/143,2006-12-03,10,22,25,32,34,44,30,github:icelam/mark-six-data-visualization
06/144,2006-12-05,20,21,38,41,45,46,14,github:icelam/mark-six-data-visualization
06/145,2006-12-07,5,8,10,27,34,40,47,github:icelam/mark-six-data-visualization
06/146,2006-12-09,21,22,24,28,43,48,44,github:icelam/mark-six-data-visualization
06/147,2006-12-12,6,15,26,30,39,41,14,github:icelam/mark-six-data-visualization
06/148,2006-12-14,2,14,15,29,37,47,45,github:icelam/mark-six-data-visualization
06/149,2006-12-17,9,13,17,21,22,33,41,github:icelam/mark-six-data-visualization
06/150,2006-12-19,5,11,17,32,33,48,4,github:icelam/mark-six-data-visualization
06/151,2006-12-21,5,28,35,46,48,49,11,github:icelam/mark-six-data-visualization
06/152,2006-12-24,16,29,31,34,39,42,41,github:icelam/mark-six-data-visualization
06/153,2006-12-28,3,11,14,20,27,44,43,github:icelam/mark-six-data-visualization
06/154,2006-12-30,5,6,7,21,30,40,42,github:icelam/mark-six-data-visualization
07/001,2007-01-02,6,12,14,30,32,38,41,github:icelam/mark-six-data-visualization
07/002,2007-01-04,7,8,33,40,42,49,13,github:icelam/mark-six-data-visualization
07/003,2007-01-06,3,17,33,38,43,49,14,github:icelam/mark-six-data-visualization
07/004,2007-01-09,11,14,16,19,34,43,48,github:icelam/mark-six-data-visualization
07/005,2007-01-11,1,2,10,27,40,41,43,github:icelam/mark-six-data-visualization
07/006,2007-01-13,6,7,25,28,38,45,16,github:icelam/mark-six-data-visualization
07/007,2007-01-16,4,14,23,25,38,42,10,github:icelam/mark-six-data-visualization
07/008,2007-01-18,7,10,33,39,48,49,42,github:icelam/mark-six-data-visualization
07/009,2007-01-21,9,18,26,28,36,44,19,github:icelam/mark-six-data-visualization
07/010,2007-01-23,6,19,25,31,32,35,15,github:icelam/mark-six-data-visualization
07/011,2007-01-25,5,6,23,24,38,48,30,github:icelam/mark-six-data-visualization
07/012,2007-01-27,11,25,26,36,39,41,16,github:icelam/mark-six-data-visualization
07/013,2007-01-30,9,11,12,14,18,24,38,github:icelam/mark-six-data-visualization
07/014,2007-02-01,8,13,32,33,39,47,17,github:icelam/mark-six-data-visualization
07/015,2007-02-03,6,11,12,19,27,39,28,github:icelam/mark-six-data-visualization
07/016,2007-02-06,11,12,19,22,42,47,36,github:icelam/mark-six-data-visualization
07/017,2007-02-08,9,24,26,27,37,44,3,github:icelam/mark-six-data-visualization
07/018,2007-02-11,11,22,25,32,41,45,1,github:icelam/mark-six-data-visualization
07/019,2007-02-13,3,13,14,21,22,32,7,github:icelam/mark-six-data-visualization
07/020,2007-02-15,7,15,17,38,45,48,46,github:icelam/mark-six-data-visualization
07/021,2007-02-17,9,16,17,28,33,42,29,github:icelam/mark-six-data-visualization
07/022,2007-02-19,4,17,18,35,37,47,32,github:icelam/mark-six-data-visualization
07/023,2007-02-22,2,8,11,18,32,39,46,github:icelam/mark-six-data-visualization
07/024,2007-02-24,7,9,22,24,32,36,8,github:icelam/mark-six-data-visualization
07/025,2007-02-27,9,10,16,30,38,41,2,github:icelam/mark-six-data-visualization
07/026,2007-03-01,16,18,25,29,33,43,41,github:icelam/mark-six-data-visualization
07/027,2007-03-03,4,10,30,35,43,46,14,github:icelam/mark-six-data-visualization
07/028,2007-03-06,5,8,22,27,32,41,45,github:icelam/mark-six-data-visualization
07/029,2007-03-08,6,12,16,25,33,49,48,github:icelam/mark-six-data-visualization
07/030,2007-03-11,2,7,16,30,37,39,20,github:icelam/mark-six-data-visualization
07/031,2007-03-13,1,4,12,35,39,46,14,github:icelam/mark-six-data-visualization
07/032,2007-03-15,1,14,39,40,45,49,42,github:icelam/mark-six-data-visualization
07/033,2007-03-17,21,23,26,36,45,49,2,github:icelam/mark-six-data-visualization
07/034,2007-03-20,1,11,23,37,42,43,24,github:icelam/mark-six-data-visualization
07/035,2007-03-22,6,9,12,15,43,47,49,github:icelam/mark-six-data-visualization
07/036,2007-03-24,2,5,6,12,22,40,24,github:icelam/mark-six-data-visualization
07/037,2007-03-27,12,21,24,32,36,46,13,github:icelam/mark-six-data-visualization
07/038,2007-03-29,2,22,23,40,44,45,32,github:icelam/mark-six-data-visualization
07/039,2007-04-01,16,17,21,28,38,45,10,github:icelam/mark-six-data-visualization
07/040,2007-04-03,9,22,30,41,42,48,49,github:icelam/mark-six-data-visualization
07/041,2007-04-05,13,33,35,39,40,48,27,github:icelam/mark-six-data-visualization
07/042,2007-04-07,5,7,8,23,36,41,24,github:icelam/mark-six-data-visualization
07/043,2007-04-10,6,9,13,31,40,45,47,github:icelam/mark-six-data-visualization
07/044,2007-04-12,4,8,24,27,35,45,15,github:icelam/mark-six-data-visualization
07/045,2007-04-15,11,14,19,35,44,49,10,github:icelam/mark-six-data-visualization
07/046,2007-04-17,2,20,40,43,45,49,38,github:icelam/mark-six-data-visualization
07/047,2007-04-19,7,9,15,29,32,48,38,github:icelam/mark-six-data-visualization
07/048,2007-04-21,19,27,41,42,44,49,20,github:icelam/mark-six-data-visualization
07/049,2007-04-24,4,6,7,14,19,37,9,github:icelam/mark-six-data-visualization
07/050,2007-04-26,17,22,24,35,37,40,11,github:icelam/mark-six-data-visualization
07/051,2007-04-30,10,11,18,27,38,44,37,github:icelam/mark-six-data-visualization
07/052,2007-05-03,3,17,32,44,46,47,33,github:icelam/mark-six-data-visualization
07/053,2007-05-05,7,9,11,20,45,49,42,github:icelam/mark-six-data-visualization
07/054,2007-05-08,11,20,23,30,46,48,22,github:icelam/mark-six-data-visualization
07/055,2007-05-10,4,6,12,14,41,46,15,github:icelam/mark-six-data-visualization
07/056,2007-05-13,14,16,25,28,36,38,40,github:icelam/mark-six-data-visualization
07/057,2007-05-15,12,30,33,36,42,43,15,github:icelam/mark-six-data-visualization
07/058,2007-05-17,4,5,14,27,37,39,35,github:icelam/mark-six-data-visualization
07/059,2007-05-19,21,24,31,36,38,46,43,github:icelam/mark-six-data-visualization
07/060,2007-05-22,20,21,23,28,38,40,13,github:icelam/mark-six-data-visualization
07/061,2007-05-26,23,24,26,29,36,41,12,github:icelam/mark-six-data-visualization
07/062,2007-05-29,2,8,12,25,29,46,7,github:icelam/mark-six-data-visualization
07/063,2007-05-31,1,4,7,20,25,38,17,github:icelam/mark-six-data-visualization
07/064,2007-06-02,16,20,26,27,42,46,32,github:icelam/mark-six-data-visualization
07/065,2007-06-05,5,9,11,21,22,37,32,github:icelam/mark-six-data-visualization
07/066,2007-06-07,1,4,15,34,44,47,7,github:icelam/mark-six-data-visualization
07/067,2007-06-10,1,6,9,36,37,48,13,github:icelam/mark-six-data-visualization
07/068,2007-06-12,7,30,31,41,45,47,4,github:icelam/mark-six-data-visualization
07/069,2007-06-14,3,19,21,29,33,41,46,github:icelam/mark-six-data-visualization
07/070,2007-06-16,3,15,18,19,28,37,30,github:icelam/mark-six-data-visualization
07/071,2007-06-19,4,8,11,12,20,32,47,github:icelam/mark-six-data-visualization
07/072,2007-06-21,1,5,11,26,43,45,22,github:icelam/mark-six-data-visualization
07/073,2007-06-23,10,24,27,28,31,38,23,github:icelam/mark-six-data-visualization
07/074,2007-06-26,2,17,24,32,35,47,34,github:icelam/mark-six-data-visualization
07/075,2007-06-28,4,15,38,40,41,46,33,github:icelam/mark-six-data-visualization
07/076,2007-06-30,1,4,10,18,37,44,20,github:icelam/mark-six-data-visualization
07/077,2007-07-03,16,22,35,36,45,48,32,github:icelam/mark-six-data-visualization
07/078,2007-07-05,14,23,25,26,35,38,21,github:icelam/mark-six-data-visualization
07/079,2007-07-07,4,8,10,15,35,45,16,github:icelam/mark-six-data-visualization
07/080,2007-07-10,12,13,17,24,31,43,49,github:icelam/mark-six-data-visualization
07/081,2007-07-12,6,16,17,18,22,49,33,github:icelam/mark-six-data-visualization
07/082,2007-07-14,10,19,24,30,45,49,34,github:icelam/mark-six-data-visualization
07/083,2007-07-17,5,10,12,13,16,42,41,github:icelam/mark-six-data-visualization
07/084,2007-07-19,1,26,27,36,42,45,12,github:icelam/mark-six-data-visualization
07/085,2007-07-21,5,9,18,40,43,45,17,github:icelam/mark-six-data-visualization
07/086,2007-07-24,16,26,30,36,41,49,13,github:icelam/mark-six-data-visualization
07/087,2007-07-26,13,22,28,32,37,46,17,github:icelam/mark-six-data-visualization
07/088,2007-07-28,18,21,29,30,31,38,34,github:icelam/mark-six-data-visualization
07/089,2007-07-31,3,4,21,43,47,48,7,github:icelam/mark-six-data-visualization
07/090,2007-08-02,8,22,29,35,40,41,6,github:icelam/mark-six-data-visualization
07/091,2007-08-07,1,14,26,32,45,48,46,github:icelam/mark-six-data-visualization
07/092,2007-08-09,3,4,5,12,17,44,37,github:icelam/mark-six-data-visualization
07/093,2007-08-11,6,9,35,38,43,44,41,github:icelam/mark-six-data-visualization
07/094,2007-08-14,7,9,12,27,29,40,5,github:icelam/mark-six-data-visualization
07/095,2007-08-16,14,16,18,26,30,35,10,github:icelam/mark-six-data-visualization
07/096,2007-08-18,14,18,22,31,35,40,46,github:icelam/mark-six-data-visualization
07/097,2007-08-21,10,13,22,33,36,48,31,github:icelam/mark-six-data-visualization
07/098,2007-08-24,10,19,20,28,37,43,6,github:icelam/mark-six-data-visualization
07/099,2007-08-26,6,20,23,42,44,45,13,github:icelam/mark-six-data-visualization
07/100,2007-08-28,4,9,20,27,37,43,7,github:icelam/mark-six-data-visualization
07/101,2007-08-30,3,4,13,23,34,39,37,github:icelam/mark-six-data-visualization
07/102,2007-09-01,2,6,16,38,39,44,15,github:icelam/mark-six-data-visualization
07/103,2007-09-04,6,28,38,44,45,49,34,github:icelam/mark-six-data-visualization
07/104,2007-09-06,4,12,18,35,40,44,38,github:icelam/mark-six-data-visualization
07/105,2007-09-08,1,3,14,31,34,35,16,github:icelam/mark-six-data-visualization
07/106,2007-09-11,14,23,26,35,36,44,5,github:icelam/mark-six-data-visualization
07/107,2007-09-13,8,14,15,25,32,38,11,github:icelam/mark-six-data-visualization
07/108,2007-09-16,6,7,8,17,24,27,38,github:icelam/mark-six-data-visualization
07/109,2007-09-18,10,12,24,37,41,43,17,github:icelam/mark-six-data-visualization
07/110,2007-09-20,6,11,13,28,40,41,49,github:icelam/mark-six-data-visualization
07/111,2007-09-22,5,6,24,44,48,49,45,github:icelam/mark-six-data-visualization
07/112,2007-09-25,2,8,16,24,25,34,40,github:icelam/mark-six-data-visualization
07/113,2007-09-27,6,9,17,23,34,45,2,github:icelam/mark-six-data-visualization
07/114,2007-09-29,35,41,42,44,47,49,48,github:icelam/mark-six-data-visualization
07/115,2007-10-02,10,21,30,34,37,43,17,github:icelam/mark-six-data-visualization
07/116,2007-10-04,6,14,28,29,37,38,12,github:icelam/mark-six-data-visualization
07/117,2007-10-06,7,20,25,33,38,45,26,github:icelam/mark-six-data-visualization
07/118,2007-10-09,9,10,16,23,32,49,19,github:icelam/mark-six-data-visualization
07/119,2007-10-11,12,19,23,26,33,42,27,github:icelam/mark-six-data-visualization
07/120,2007-10-13,23,24,25,27,43,45,11,github:icelam/mark-six-data-visualization
07/121,2007-10-16,6,10,11,14,31,40,49,github:icelam/mark-six-data-visualization
07/122,2007-10-18,1,2,37,39,47,48,34,github:icelam/mark-six-data-visualization
07/123,2007-10-20,4,14,18,19,30,42,34,github:icelam/mark-six-data-visualization
07/124,2007-10-23,6,13,21,29,31,37,25,github:icelam/mark-six-data-visualization
07/125,2007-10-25,4,14,31,35,42,49,1,github:icelam/mark-six-data-visualization
07/126,2007-10-27,2,27,30,35,43,46,36,github:icelam/mark-six-data-visualization
07/127,2007-10-30,12,19,31,41,42,47,13,github:icelam/mark-six-data-visualization
07/128,2007-11-01,5,9,12,18,24,43,7,github:icelam/mark-six-data-visualization
07/129,2007-11-04,4,13,25,27,40,47,45,github:icelam/mark-six-data-visualization
07/130,2007-11-08,6,14,18,28,30,37,21,github:icelam/mark-six-data-visualization
07/131,2007-11-10,1,6,8,15,41,43,2,github:icelam/mark-six-data-visualization
07/132,2007-11-13,2,6,15,30,38,42,29,github:icelam/mark-six-data-visualization
07/133,2007-11-15,12,16,18,27,41,45,29,github:icelam/mark-six-data-visualization
07/134,2007-11-18,1,4,6,20,25,32,43,github:icelam/mark-six-data-visualization
07/135,2007-11-20,6,13,14,22,30,44,26,github:icelam/mark-six-data-visualization
07/136,2007-11-22,1,12,29,39,40,48,41,github:icelam/mark-six-data-visualization
07/137,2007-11-24,5,19,25,32,40,42,4,github:icelam/mark-six-data-visualization
07/138,2007-11-27,7,25,27,33,35,45,6,github:icelam/mark-six-data-visualization
07/139,2007-11-29,10,13,19,27,43,48,8,github:icelam/mark-six-data-visualization
07/140,2007-12-02,18,25,29,30,32,35,39,github:icelam/mark-six-data-visualization
07/141,2007-12-04,18,23,26,28,30,45,15,github:icelam/mark-six-data-visualization
07/142,2007-12-06,5,26,33,38,39,46,47,github:icelam/mark-six-data-visualization
07/143,2007-12-08,9,14,35,38,41,42,40,github:icelam/mark-six-data-visualization
07/144,2007-12-11,16,18,24,35,40,41,47,github:icelam/mark-six-data-visualization
07/145,2007-12-13,5,7,15,18,23,42,10,github:icelam/mark-six-data-visualization
07/146,2007-12-16,1,17,23,25,40,44,26,github:icelam/mark-six-data-visualization
07/147,2007-12-18,1,2,6,19,24,40,44,github:icelam/mark-six-data-visualization
07/148,2007-12-22,1,9,17,28,42,46,32,github:icelam/mark-six-data-visualization
07/149,2007-12-25,1,2,21,30,44,46,33,github:icelam/mark-six-data-visualization
07/150,2007-12-27,7,17,37,38,40,48,43,github:icelam/mark-six-data-visualization
07/151,2007-12-29,6,12,16,33,41,48,8,github:icelam/mark-six-data-visualization
07/152,2007-12-31,15,16,21,23,37,45,4,github:icelam/mark-six-data-visualization
08/001,2008-01-03,5,8,36,39,42,46,14,github:icelam/mark-six-data-visualization
08/002,2008-01-05,3,11,14,32,33,42,15,github:icelam/mark-six-data-visualization
08/003,2008-01-08,2,9,14,24,40,45,3,github:icelam/mark-six-data-visualization
08/004,2008-01-10,4,20,36,42,46,47,22,github:icelam/mark-six-data-visualization
08/005,2008-01-13,8,13,18,22,26,42,43,github:icelam/mark-six-data-visualization
08/006,2008-01-15,10,11,15,18,37,45,26,github:icelam/mark-six-data-visualization
08/007,2008-01-17,8,19,24,35,36,40,23,github:icelam/mark-six-data-visualization
08/008,2008-01-19,4,7,8,20,32,34,24,github:icelam/mark-six-data-visualization
08/009,2008-01-22,9,16,17,30,33,49,41,github:icelam/mark-six-data-visualization
08/010,2008-01-24,10,23,26,38,42,46,29,github:icelam/mark-six-data-visualization
08/011,2008-01-26,13,15,19,22,33,38,39,github:icelam/mark-six-data-visualization
08/012,2008-01-29,16,22,24,33,43,44,29,github:icelam/mark-six-data-visualization
08/013,2008-01-31,24,32,41,42,48,49,10,github:icelam/mark-six-data-visualization
08/014,2008-02-03,1,34,36,37,42,46,39,github:icelam/mark-six-data-visualization
08/015,2008-02-05,3,6,36,40,43,48,8,github:icelam/mark-six-data-visualization
08/016,2008-02-08,2,16,30,31,38,48,36,github:icelam/mark-six-data-visualization
08/017,2008-02-10,7,24,26,30,32,39,47,github:icelam/mark-six-data-visualization
08/018,2008-02-12,12,23,31,37,40,45,35,github:icelam/mark-six-data-visualization
08/019,2008-02-14,4,6,15,29,33,39,18,github:icelam/mark-six-data-visualization
08/020,2008-02-16,2,5,8,22,29,41,28,github:icelam/mark-six-data-visualization
08/021,2008-02-19,5,15,29,32,38,39,31,github:icelam/mark-six-data-visualization
08/022,2008-02-21,18,22,24,27,30,48,3,github:icelam/mark-six-data-visualization
08/023,2008-02-23,2,9,14,24,33,47,48,github:icelam/mark-six-data-visualization
08/024,2008-02-26,9,20,23,30,34,39,13,github:icelam/mark-six-data-visualization
08/025,2008-02-28,6,8,13,17,35,49,45,github:icelam/mark-six-data-visualization
08/026,2008-03-02,5,7,22,30,32,35,13,github:icelam/mark-six-data-visualization
08/027,2008-03-04,2,5,13,20,21,49,36,github:icelam/mark-six-data-visualization
08/028,2008-03-06,7,12,24,25,39,44,27,github:icelam/mark-six-data-visualization
08/029,2008-03-08,16,25,31,36,38,49,29,github:icelam/mark-six-data-visualization
08/030,2008-03-11,5,13,15,23,28,40,17,github:icelam/mark-six-data-visualization
08/031,2008-03-13,12,28,31,33,36,44,7,github:icelam/mark-six-data-visualization
08/032,2008-03-15,8,10,21,22,30,47,28,github:icelam/mark-six-data-visualization
08/033,2008-03-18,13,23,28,30,37,44,49,github:icelam/mark-six-data-visualization
08/034,2008-03-20,4,12,22,26,33,45,8,github:icelam/mark-six-data-visualization
08/035,2008-03-22,13,18,32,38,48,49,40,github:icelam/mark-six-data-visualization
08/036,2008-03-25,7,14,15,22,25,35,32,github:icelam/mark-six-data-visualization
08/037,2008-03-27,3,4,16,32,45,48,23,github:icelam/mark-six-data-visualization
08/038,2008-03-29,6,9,30,32,39,48,4,github:icelam/mark-six-data-visualization
08/039,2008-04-01,15,16,27,40,44,49,31,github:icelam/mark-six-data-visualization
08/040,2008-04-03,1,6,17,28,36,41,31,github:icelam/mark-six-data-visualization
08/041,2008-04-08,11,13,21,36,39,40,43,github:icelam/mark-six-data-visualization
08/042,2008-04-13,1,9,22,23,34,38,24,github:icelam/mark-six-data-visualization
08/043,2008-04-15,8,25,31,38,43,48,23,github:icelam/mark-six-data-visualization
08/044,2008-04-17,7,10,11,27,31,48,5,github:icelam/mark-six-data-visualization
08/045,2008-04-19,7,10,16,19,42,46,20,github:icelam/mark-six-data-visualization
08/046,2008-04-22,8,14,31,36,40,46,9,github:icelam/mark-six-data-visualization
08/047,2008-04-24,8,12,13,25,31,35,21,github:icelam/mark-six-data-visualization
08/048,2008-04-26,13,15,17,19,24,32,9,github:icelam/mark-six-data-visualization
08/049,2008-04-29,20,22,24,25,40,41,35,github:icelam/mark-six-data-visualization
08/050,2008-05-03,1,3,4,5,37,39,8,github:icelam/mark-six-data-visualization
08/051,2008-05-06,7,8,13,26,28,49,17,github:icelam/mark-six-data-visualization
08/052,2008-05-08,16,24,31,35,37,49,39,github:icelam/mark-six-data-visualization
08/053,2008-05-10,5,6,27,41,47,49,40,github:icelam/mark-six-data-visualization
08/054,2008-05-13,8,19,26,34,37,40,29,github:icelam/mark-six-data-visualization
08/055,2008-05-15,7,21,22,38,45,47,40,github:icelam/mark-six-data-visualization
08/056,2008-05-17,3,18,24,45,46,48,31,github:icelam/mark-six-data-visualization
08/057,2008-05-20,1,4,6,23,25,47,49,github:icelam/mark-six-data-visualization
08/058,2008-05-22,1,19,23,29,34,41,15,github:icelam/mark-six-data-visualization
08/059,2008-05-24,1,5,12,14,19,31,45,github:icelam/mark-six-data-visualization
08/060,2008-05-27,22,23,24,28,29,43,6,github:icelam/mark-six-data-visualization
08/061,2008-05-29,1,6,27,39,44,49,36,github:icelam/mark-six-data-visualization
08/062,2008-05-31,11,26,31,34,36,42,13,github:icelam/mark-six-data-visualization
08/063,2008-06-03,5,32,33,40,41,49,30,github:icelam/mark-six-data-visualization
08/064,2008-06-07,6,11,14,23,39,45,10,github:icelam/mark-six-data-visualization
08/065,2008-06-10,2,7,11,20,29,45,48,github:icelam/mark-six-data-visualization
08/066,2008-06-12,4,6,9,15,22,37,3,github:icelam/mark-six-data-visualization
08/067,2008-06-14,3,15,19,40,41,44,13,github:icelam/mark-six-data-visualization
08/068,2008-06-17,3,5,6,13,31,32,15,github:icelam/mark-six-data-visualization
08/069,2008-06-19,2,11,18,26,39,45,24,github:icelam/mark-six-data-visualization
08/070,2008-06-21,1,5,13,29,34,44,25,github:icelam/mark-six-data-visualization
08/071,2008-06-24,8,9,22,27,29,42,38,github:icelam/mark-six-data-visualization
08/072,2008-06-27,8,33,39,40,46,48,24,github:icelam/mark-six-data-visualization
08/073,2008-06-29,1,2,7,19,28,34,5,github:icelam/mark-six-data-visualization
08/074,2008-07-02,3,21,26,29,31,48,1,github:icelam/mark-six-data-visualization
08/075,2008-07-05,2,6,7,15,20,38,14,github:icelam/mark-six-data-visualization
08/076,2008-07-08,15,18,19,21,24,26,36,github:icelam/mark-six-data-visualization
08/077,2008-07-10,5,12,17,18,41,44,32,github:icelam/mark-six-data-visualization
08/078,2008-07-12,5,21,25,27,38,40,11,github:icelam/mark-six-data-visualization
08/079,2008-07-15,9,17,19,24,38,47,3,github:icelam/mark-six-data-visualization
08/080,2008-07-17,15,18,25,27,38,47,2,github:icelam/mark-six-data-visualization
08/081,2008-07-19,1,18,24,29,35,46,2,github:icelam/mark-six-data-visualization
08/082,2008-07-22,10,29,33,40,43,45,8,github:icelam/mark-six-data-visualization
08/083,2008-07-24,5,15,29,31,38,45,48,github:icelam/mark-six-data-visualization
08/084,2008-07-26,9,10,12,13,41,48,6,github:icelam/mark-six-data-visualization
08/085,2008-07-29,7,15,25,34,35,38,6,github:icelam/mark-six-data-visualization
08/086,2008-07-31,1,8,25,33,34,41,28,github:icelam/mark-six-data-visualization
08/087,2008-08-02,4,6,8,11,33,35,25,github:icelam/mark-six-data-visualization
08/088,2008-08-05,6,11,16,38,42,49,40,github:icelam/mark-six-data-visualization
08/089,2008-08-07,3,17,23,24,30,47,26,github:icelam/mark-six-data-visualization
08/090,2008-08-09,8,15,19,21,32,42,10,github:icelam/mark-six-data-visualization
08/091,2008-08-12,10,11,15,26,28,31,43,github:icelam/mark-six-data-visualization
08/092,2008-08-14,16,20,23,27,41,46,6,github:icelam/mark-six-data-visualization
08/093,2008-08-16,14,25,32,38,43,46,35,github:icelam/mark-six-data-visualization
08/094,2008-08-19,7,19,24,26,32,39,20,github:icelam/mark-six-data-visualization
08/095,2008-08-21,1,3,20,21,35,37,46,github:icelam/mark-six-data-visualization
08/096,2008-08-23,3,9,10,20,25,34,41,github:icelam/mark-six-data-visualization
08/097,2008-08-26,2,13,19,25,30,43,44,github:icelam/mark-six-data-visualization
08/098,2008-08-28,1,21,27,31,34,38,10,github:icelam/mark-six-data-visualization
08/099,2008-08-30,2,8,10,37,44,49,22,github:icelam/mark-six-data-visualization
08/100,2008-09-02,9,13,16,22,24,31,18,github:icelam/mark-six-data-visualization
08/101,2008-09-04,7,17,22,26,31,42,12,github:icelam/mark-six-data-visualization
08/102,2008-09-06,4,10,18,22,23,38,35,github:icelam/mark-six-data-visualization
08/103,2008-09-09,3,7,15,23,29,48,5,github:icelam/mark-six-data-visualization
08/104,2008-09-11,2,8,12,20,25,49,34,github:icelam/mark-six-data-visualization
08/105,2008-09-13,3,8,9,16,34,46,42,github:icelam/mark-six-data-visualization
08/106,2008-09-16,4,9,14,25,36,40,45,github:icelam/mark-six-data-visualization
08/107,2008-09-18,2,17,34,38,46,49,33,github:icelam/mark-six-data-visualization
08/108,2008-09-20,4,5,10,27,28,49,46,github:icelam/mark-six-data-visualization
08/109,2008-09-25,1,4,15,16,29,46,30,github:icelam/mark-six-data-visualization
08/110,2008-09-27,7,17,33,36,39,44,31,github:icelam/mark-six-data-visualization
08/111,2008-09-30,11,26,27,39,40,47,34,github:icelam/mark-six-data-visualization
08/112,2008-10-02,13,17,20,29,32,42,15,github:icelam/mark-six-data-visualization
08/113,2008-10-04,4,14,16,19,22,35,9,github:icelam/mark-six-data-visualization
08/114,2008-10-07,4,10,26,34,46,49,5,github:icelam/mark-six-data-visualization
08/115,2008-10-09,1,2,12,19,27,38,41,github:icelam/mark-six-data-visualization
08/116,2008-10-11,8,11,35,37,38,46,27,github:icelam/mark-six-data-visualization
08/117,2008-10-14,11,14,19,21,41,44,31,github:icelam/mark-six-data-visualization
08/118,2008-10-16,6,21,31,40,42,44,7,github:icelam/mark-six-data-visualization
08/119,2008-10-18,3,6,7,9,32,35,24,github:icelam/mark-six-data-visualization
08/120,2008-10-21,1,8,9,32,35,37,14,github:icelam/mark-six-data-visualization
08/121,2008-10-23,5,9,19,21,27,46,37,github:icelam/mark-six-data-visualization
08/122,2008-10-25,3,13,18,20,22,30,39,github:icelam/mark-six-data-visualization
08/123,2008-10-28,3,10,11,13,26,48,9,github:icelam/mark-six-data-visualization
08/124,2008-10-30,5,13,23,33,37,40,39,github:icelam/mark-six-data-visualization
08/125,2008-11-01,11,17,19,23,32,44,25,github:icelam/mark-six-data-visualization
08/126,2008-11-03,1,8,20,25,38,43,39,github:icelam/mark-six-data-visualization
08/127,2008-11-06,5,6,28,35,42,43,4,github:icelam/mark-six-data-visualization
08/128,2008-11-09,1,4,6,15,24,48,43,github:icelam/mark-six-data-visualization
08/129,2008-11-11,17,19,20,27,32,35,11,github:icelam/mark-six-data-visualization
08/130,2008-11-13,9,10,20,33,34,43,42,github:icelam/mark-six-data-visualization
08/131,2008-11-15,2,5,8,24,32,37,35,github:icelam/mark-six-data-visualization
08/132,2008-11-18,5,11,18,28,29,32,10,github:icelam/mark-six-data-visualization
08/133,2008-11-20,4,13,31,36,40,41,49,github:icelam/mark-six-data-visualization
08/134,2008-11-22,1,3,4,17,24,28,7,github:icelam/mark-six-data-visualization
08/135,2008-11-25,3,9,18,38,46,48,13,github:icelam/mark-six-data-visualization
08/136,2008-11-27,4,6,14,21,36,46,41,github:icelam/mark-six-data-visualization
08/137,2008-11-29,5,6,27,33,36,37,48,github:icelam/mark-six-data-visualization
08/138,2008-12-02,3,13,29,30,31,43,8,github:icelam/mark-six-data-visualization
08/139,2008-12-04,8,10,28,35,37,47,12,github:icelam/mark-six-data-visualization
08/140,2008-12-07,4,9,17,26,28,30,1,github:icelam/mark-six-data-visualization
08/141,2008-12-09,7,14,21,43,44,47,35,github:icelam/mark-six-data-visualization
08/142,2008-12-11,1,10,11,41,47,48,20,github:icelam/mark-six-data-visualization
08/143,2008-12-13,1,7,27,36,40,48,13,github:icelam/mark-six-data-visualization
08/144,2008-12-16,21,29,32,36,38,44,43,github:icelam/mark-six-data-visualization
08/145,2008-12-18,2,22,27,31,40,46,13,github:icelam/mark-six-data-visualization
08/146,2008-12-21,6,13,20,26,34,40,10,github:icelam/mark-six-data-visualization
08/147,2008-12-23,22,24,26,29,33,48,46,github:icelam/mark-six-data-visualization
08/148,2008-12-27,2,17,19,21,24,34,18,github:icelam/mark-six-data-visualization
08/149,2008-12-30,4,8,18,29,40,47,9,github:icelam/mark-six-data-visualization
09/001,2009-01-03,2,10,16,21,22,30,26,github:icelam/mark-six-data-visualization
09/002,2009-01-06,9,14,23,30,42,45,19,github:icelam/mark-six-data-visualization
09/003,2009-01-08,18,19,22,33,42,46,7,github:icelam/mark-six-data-visualization
09/004,2009-01-11,3,7,16,19,44,47,31,github:icelam/mark-six-data-visualization
09/005,2009-01-13,12,15,36,40,41,49,42,github:icelam/mark-six-data-visualization
09/006,2009-01-15,6,9,10,12,24,32,30,github:icelam/mark-six-data-visualization
09/007,2009-01-17,1,15,16,28,29,47,37,github:icelam/mark-six-data-visualization
09/008,2009-01-20,5,13,22,29,34,42,37,github:icelam/mark-six-data-visualization
09/009,2009-01-23,5,17,37,38,44,47,12,github:icelam/mark-six-data-visualization
09/010,2009-01-25,4,12,19,40,44,47,49,github:icelam/mark-six-data-visualization
09/011,2009-01-27,7,13,17,21,42,45,36,github:icelam/mark-six-data-visualization
09/012,2009-01-29,6,8,9,17,25,36,4,github:icelam/mark-six-data-visualization
09/013,2009-01-31,4,9,10,14,24,29,38,github:icelam/mark-six-data-visualization
09/014,2009-02-03,8,12,26,31,44,46,42,github:icelam/mark-six-data-visualization
09/015,2009-02-05,3,23,25,36,46,47,20,github:icelam/mark-six-data-visualization
09/016,2009-02-07,9,12,42,44,45,48,35,github:icelam/mark-six-data-visualization
09/017,2009-02-10,4,6,14,21,24,48,8,github:icelam/mark-six-data-visualization
09/018,2009-02-12,10,14,22,28,32,42,36,github:icelam/mark-six-data-visualization
09/019,2009-02-14,12,17,31,37,39,46,8,github:icelam/mark-six-data-visualization
09/020,2009-02-17,8,12,15,26,39,44,6,github:icelam/mark-six-data-visualization
09/021,2009-02-19,6,9,16,26,29,36,8,github:icelam/mark-six-data-visualization
09/022,2009-02-21,7,8,14,15,20,21,44,github:icelam/mark-six-data-visualization
09/023,2009-02-24,1,9,32,37,38,47,25,github:icelam/mark-six-data-visualization
09/024,2009-02-26,14,15,19,23,24,25,2,github:icelam/mark-six-data-visualization
09/025,2009-02-28,5,15,22,24,34,46,26,github:icelam/mark-six-data-visualization
09/026,2009-03-03,22,25,30,37,38,49,15,github:icelam/mark-six-data-visualization
09/027,2009-03-05,2,7,17,20,33,47,45,github:icelam/mark-six-data-visualization
09/028,2009-03-08,3,4,11,28,37,40,36,github:icelam/mark-six-data-visualization
09/029,2009-03-10,21,27,32,33,39,48,9,github:icelam/mark-six-data-visualization
09/030,2009-03-12,2,12,15,16,30,32,5,github:icelam/mark-six-data-visualization
09/031,2009-03-14,10,16,19,33,42,43,12,github:icelam/mark-six-data-visualization
09/032,2009-03-17,11,12,14,17,21,37,10,github:icelam/mark-six-data-visualization
09/033,2009-03-19,6,14,18,21,32,46,43,github:icelam/mark-six-data-visualization
09/034,2009-03-21,13,23,27,32,34,43,22,github:icelam/mark-six-data-visualization
09/035,2009-03-24,4,12,15,16,38,46,21,github:icelam/mark-six-data-visualization
09/036,2009-03-26,5,14,34,36,38,42,19,github:icelam/mark-six-data-visualization
09/037,2009-03-29,24,32,36,40,42,43,47,github:icelam/mark-six-data-visualization
09/038,2009-03-31,1,7,15,23,29,35,14,github:icelam/mark-six-data-visualization
09/039,2009-04-02,7,13,20,33,39,45,30,github:icelam/mark-six-data-visualization
09/040,2009-04-04,2,6,10,17,18,46,34,github:icelam/mark-six-data-visualization
09/041,2009-04-07,4,21,22,29,41,45,14,github:icelam/mark-six-data-visualization
09/042,2009-04-09,7,9,22,29,44,49,1,github:icelam/mark-six-data-visualization
09/043,2009-04-11,3,16,25,38,45,47,35,github:icelam/mark-six-data-visualization
09/044,2009-04-14,2,7,22,27,41,42,5,github:icelam/mark-six-data-visualization
09/045,2009-04-16,1,11,12,19,28,30,49,github:icelam/mark-six-data-visualization
09/046,2009-04-18,10,14,22,29,33,48,5,github:icelam/mark-six-data-visualization
09/047,2009-04-21,4,18,31,41,42,43,24,github:icelam/mark-six-data-visualization
09/048,2009-04-23,15,20,34,42,45,46,23,github:icelam/mark-six-data-visualization
09/049,2009-04-25,4,17,34,38,46,49,7,github:icelam/mark-six-data-visualization
09/050,2009-04-28,3,7,20,34,36,41,39,github:icelam/mark-six-data-visualization
09/051,2009-04-30,8,11,21,30,38,49,35,github:icelam/mark-six-data-visualization
09/052,2009-05-02,1,6,18,29,39,48,10,github:icelam/mark-six-data-visualization
09/053,2009-05-05,5,29,30,31,41,45,47,github:icelam/mark-six-data-visualization
09/054,2009-05-07,2,3,7,9,16,34,14,github:icelam/mark-six-data-visualization
09/055,2009-05-10,11,14,21,28,41,48,32,github:icelam/mark-six-data-visualization
09/056,2009-05-12,9,25,29,36,38,41,23,github:icelam/mark-six-data-visualization
09/057,2009-05-14,6,23,31,43,46,49,40,github:icelam/mark-six-data-visualization
09/058,2009-05-16,3,7,11,18,20,27,2,github:icelam/mark-six-data-visualization
09/059,2009-05-19,28,33,36,38,40,45,4,github:icelam/mark-six-data-visualization
09/060,2009-05-23,1,8,21,32,37,46,22,github:icelam/mark-six-data-visualization
09/061,2009-05-26,11,14,19,25,27,47,20,github:icelam/mark-six-data-visualization
09/062,2009-05-28,2,12,20,28,46,49,31,github:icelam/mark-six-data-visualization
09/063,2009-05-30,9,12,14,20,27,36,11,github:icelam/mark-six-data-visualization
09/064,2009-06-02,5,7,18,26,29,47,2,github:icelam/mark-six-data-visualization
09/065,2009-06-04,4,9,19,22,24,43,1,github:icelam/mark-six-data-visualization
09/066,2009-06-06,1,5,8,23,32,48,3,github:icelam/mark-six-data-visualization
09/067,2009-06-09,7,13,16,35,42,46,25,github:icelam/mark-six-data-visualization
09/068,2009-06-11,8,11,15,20,33,43,34,github:icelam/mark-six-data-visualization
09/069,2009-06-14,12,13,25,39,42,43,38,github:icelam/mark-six-data-visualization
09/070,2009-06-16,16,25,27,30,37,41,36,github:icelam/mark-six-data-visualization
09/071,2009-06-18,2,11,17,19,22,26,13,github:icelam/mark-six-data-visualization
09/072,2009-06-20,7,11,24,32,35,49,46,github:icelam/mark-six-data-visualization
09/073,2009-06-23,1,19,34,39,43,48,45,github:icelam/mark-six-data-visualization
09/074,2009-06-25,12,19,26,30,36,45,20,github:icelam/mark-six-data-visualization
09/075,2009-06-27,16,18,21,26,30,48,45,github:icelam/mark-six-data-visualization
09/076,2009-06-30,5,11,15,17,25,46,24,github:icelam/mark-six-data-visualization
09/077,2009-07-02,6,19,22,24,29,40,4,github:icelam/mark-six-data-visualization
09/078,2009-07-04,2,14,17,19,20,49,26,github:icelam/mark-six-data-visualization
09/079,2009-07-07,6,27,30,38,41,47,20,github:icelam/mark-six-data-visualization
09/080,2009-07-09,4,24,26,30,31,46,2,github:icelam/mark-six-data-visualization
09/081,2009-07-11,2,9,18,21,32,47,26,github:icelam/mark-six-data-visualization
09/082,2009-07-14,2,10,19,39,46,47,41,github:icelam/mark-six-data-visualization
09/083,2009-07-16,3,5,14,17,29,45,31,github:icelam/mark-six-data-visualization
09/084,2009-07-18,24,28,29,38,39,41,19,github:icelam/mark-six-data-visualization
09/085,2009-07-21,1,4,6,13,15,48,39,github:icelam/mark-six-data-visualization
09/086,2009-07-23,1,3,11,15,39,47,44,github:icelam/mark-six-data-visualization
09/087,2009-07-25,4,22,23,31,36,47,20,github:icelam/mark-six-data-visualization
09/088,2009-07-28,4,11,20,28,46,49,31,github:icelam/mark-six-data-visualization
09/089,2009-07-30,4,11,12,18,21,40,44,github:icelam/mark-six-data-visualization
09/090,2009-08-01,1,8,20,45,47,48,11,github:icelam/mark-six-data-visualization
09/091,2009-08-04,9,27,32,34,36,37,20,github:icelam/mark-six-data-visualization
09/092,2009-08-06,18,28,38,39,47,48,24,github:icelam/mark-six-data-visualization
09/093,2009-08-08,5,8,10,11,23,30,42,github:icelam/mark-six-data-visualization
09/094,2009-08-11,1,15,23,24,31,39,33,github:icelam/mark-six-data-visualization
09/095,2009-08-13,3,6,18,27,29,37,4,github:icelam/mark-six-data-visualization
09/096,2009-08-15,6,16,20,23,24,34,42,github:icelam/mark-six-data-visualization
09/097,2009-08-18,1,3,15,18,20,33,48,github:icelam/mark-six-data-visualization
09/098,2009-08-20,12,15,22,26,27,29,37,github:icelam/mark-six-data-visualization
09/099,2009-08-22,3,4,12,29,32,48,16,github:icelam/mark-six-data-visualization
09/100,2009-08-25,5,11,12,15,24,32,39,github:icelam/mark-six-data-visualization
09/101,2009-08-27,5,8,17,24,30,42,34,github:icelam/mark-six-data-visualization
09/102,2009-08-29,4,17,18,26,33,35,40,github:icelam/mark-six-data-visualization
09/103,2009-09-01,17,19,22,27,40,46,4,github:icelam/mark-six-data-visualization
09/104,2009-09-04,6,9,14,17,47,49,38,github:icelam/mark-six-data-visualization
09/105,2009-09-06,9,24,35,40,41,48,31,github:icelam/mark-six-data-visualization
09/106,2009-09-08,11,13,16,20,21,28,15,github:icelam/mark-six-data-visualization
09/107,2009-09-10,7,29,31,32,33,35,48,github:icelam/mark-six-data-visualization
09/108,2009-09-12,1,3,14,17,35,43,47,github:icelam/mark-six-data-visualization
09/109,2009-09-15,11,14,16,17,35,49,34,github:icelam/mark-six-data-visualization
09/110,2009-09-17,19,21,24,28,30,48,26,github:icelam/mark-six-data-visualization
09/111,2009-09-19,20,23,28,37,39,41,26,github:icelam/mark-six-data-visualization
09/112,2009-09-22,1,5,9,18,24,32,38,github:icelam/mark-six-data-visualization
09/113,2009-09-24,9,19,22,26,34,36,24,github:icelam/mark-six-data-visualization
09/114,2009-09-27,1,3,9,30,41,47,19,github:icelam/mark-six-data-visualization
09/115,2009-09-29,1,5,15,33,40,48,21,github:icelam/mark-six-data-visualization
09/116,2009-10-03,4,6,11,16,22,39,10,github:icelam/mark-six-data-visualization
09/117,2009-10-06,12,15,17,24,36,49,14,github:icelam/mark-six-data-visualization
09/118,2009-10-08,21,31,33,35,39,44,28,github:icelam/mark-six-data-visualization
09/119,2009-10-10,2,12,16,19,20,49,4,github:icelam/mark-six-data-visualization
09/120,2009-10-13,13,15,18,36,43,45,7,github:icelam/mark-six-data-visualization
09/121,2009-10-15,15,17,22,37,39,47,26,github:icelam/mark-six-data-visualization
09/122,2009-10-18,2,4,15,20,32,42,48,github:icelam/mark-six-data-visualization
09/123,2009-10-20,8,26,34,36,39,46,35,github:icelam/mark-six-data-visualization
09/124,2009-10-22,1,2,24,29,40,47,7,github:icelam/mark-six-data-visualization
09/125,2009-10-24,22,25,26,34,41,45,15,github:icelam/mark-six-data-visualization
09/126,2009-10-27,13,16,31,35,41,42,36,github:icelam/mark-six-data-visualization
09/127,2009-10-29,13,14,15,16,18,44,48,github:icelam/mark-six-data-visualization
09/128,2009-10-31,11,25,27,29,30,44,23,github:icelam/mark-six-data-visualization
09/129,2009-11-03,3,19,33,42,43,45,44,github:icelam/mark-six-data-visualization
09/130,2009-11-05,3,9,13,31,40,42,30,github:icelam/mark-six-data-visualization
09/131,2009-11-08,2,17,27,32,35,38,41,github:icelam/mark-six-data-visualization
09/132,2009-11-10,2,8,18,22,24,35,17,github:icelam/mark-six-data-visualization
09/133,2009-11-12,1,6,9,10,20,46,14,github:icelam/mark-six-data-visualization
09/134,2009-11-14,3,6,15,26,28,42,21,github:icelam/mark-six-data-visualization
09/135,2009-11-17,2,4,9,28,42,43,45,github:icelam/mark-six-data-visualization
09/136,2009-11-19,11,13,19,35,41,45,24,github:icelam/mark-six-data-visualization
09/137,2009-11-21,2,8,23,28,38,45,21,github:icelam/mark-six-data-visualization
09/138,2009-11-24,7,21,24,33,35,45,26,github:icelam/mark-six-data-visualization
09/139,2009-11-26,1,3,9,17,18,42,7,github:icelam/mark-six-data-visualization
09/140,2009-11-28,1,5,25,32,38,39,4,github:icelam/mark-six-data-visualization
09/141,2009-12-01,4,5,10,17,39,44,24,github:icelam/mark-six-data-visualization
09/142,2009-12-03,10,15,20,21,34,46,4,github:icelam/mark-six-data-visualization
09/143,2009-12-05,1,14,17,23,35,38,31,github:icelam/mark-six-data-visualization
09/144,2009-12-08,6,12,23,29,31,35,21,github:icelam/mark-six-data-visualization
09/145,2009-12-10,4,8,15,16,34,49,45,github:icelam/mark-six-data-visualization
09/146,2009-12-12,8,9,37,40,46,49,41,github:icelam/mark-six-data-visualization
09/147,2009-12-15,10,27,28,40,46,47,18,github:icelam/mark-six-data-visualization
09/148,2009-12-17,2,4,30,37,43,49,10,github:icelam/mark-six-data-visualization
09/149,2009-12-20,2,4,24,28,32,45,38,github:icelam/mark-six-data-visualization
09/150,2009-12-22,6,23,30,33,43,44,10,github:icelam/mark-six-data-visualization
09/151,2009-12-24,20,22,26,27,31,44,49,github:icelam/mark-six-data-visualization
09/152,2009-12-26,6,17,21,27,36,42,23,github:icelam/mark-six-data-visualization
09/153,2009-12-29,9,27,33,38,39,40,14,github:icelam/mark-six-data-visualization
09/154,2009-12-31,26,28,31,33,40,41,19,github:icelam/mark-six-data-visualization
10/001,2010-01-02,11,13,16,18,21,22,6,github:icelam/mark-six-data-visualization
10/002,2010-01-05,5,14,16,22,26,28,27,github:icelam/mark-six-data-visualization
10/003,2010-01-07,5,14,16,25,45,48,42,github:icelam/mark-six-data-visualization
10/004,2010-01-09,4,8,16,39,40,45,10,github:icelam/mark-six-data-visualization
10/005,2010-01-12,9,23,25,29,30,48,1,github:icelam/mark-six-data-visualization
10/006,2010-01-14,21,26,27,35,38,48,41,github:icelam/mark-six-data-visualization
10/007,2010-01-17,5,18,19,28,35,45,27,github:icelam/mark-six-data-visualization
10/008,2010-01-19,2,3,9,24,33,41,40,github:icelam/mark-six-data-visualization
10/009,2010-01-21,6,7,17,24,41,48,16,github:icelam/mark-six-data-visualization
10/010,2010-01-23,18,19,26,34,39,46,2,github:icelam/mark-six-data-visualization
10/011,2010-01-26,8,9,17,31,37,38,2,github:icelam/mark-six-data-visualization
10/012,2010-01-28,3,9,15,32,43,46,28,github:icelam/mark-six-data-visualization
10/013,2010-01-30,2,4,6,30,32,34,40,github:icelam/mark-six-data-visualization
10/014,2010-02-02,1,10,13,14,38,39,41,github:icelam/mark-six-data-visualization
10/015,2010-02-04,9,20,25,36,42,47,13,github:icelam/mark-six-data-visualization
10/016,2010-02-06,1,5,13,16,24,41,14,github:icelam/mark-six-data-visualization
10/017,2010-02-09,4,8,10,13,14,49,7,github:icelam/mark-six-data-visualization
10/018,2010-02-11,21,24,27,32,35,36,16,github:icelam/mark-six-data-visualization
10/019,2010-02-13,5,21,26,27,28,29,44,github:icelam/mark-six-data-visualization
10/020,2010-02-15,1,7,17,20,29,49,19,github:icelam/mark-six-data-visualization
10/021,2010-02-18,4,5,7,11,28,32,3,github:icelam/mark-six-data-visualization
10/022,2010-02-20,3,4,11,15,32,45,1,github:icelam/mark-six-data-visualization
10/023,2010-02-23,8,19,43,44,48,49,46,github:icelam/mark-six-data-visualization
10/024,2010-02-25,11,20,31,37,44,47,46,github:icelam/mark-six-data-visualization
10/025,2010-02-27,16,17,18,22,25,36,47,github:icelam/mark-six-data-visualization
10/026,2010-03-02,1,6,10,21,28,35,46,github:icelam/mark-six-data-visualization
10/027,2010-03-04,10,11,24,33,34,38,16,github:icelam/mark-six-data-visualization
10/028,2010-03-07,3,12,26,28,31,46,16,github:icelam/mark-six-data-visualization
10/029,2010-03-09,9,13,14,17,28,45,20,github:icelam/mark-six-data-visualization
10/030,2010-03-11,10,14,35,40,43,48,21,github:icelam/mark-six-data-visualization
10/031,2010-03-13,1,4,14,18,22,39,48,github:icelam/mark-six-data-visualization
10/032,2010-03-16,4,16,28,37,38,47,30,github:icelam/mark-six-data-visualization
10/033,2010-03-18,4,19,30,37,39,41,31,github:icelam/mark-six-data-visualization
10/034,2010-03-20,8,12,29,33,39,45,36,github:icelam/mark-six-data-visualization
10/035,2010-03-23,7,11,22,27,32,46,17,github:icelam/mark-six-data-visualization
10/036,2010-03-25,14,16,29,44,45,47,42,github:icelam/mark-six-data-visualization
10/037,2010-03-27,1,3,8,22,36,44,29,github:icelam/mark-six-data-visualization
10/038,2010-03-30,2,22,29,31,40,48,20,github:icelam/mark-six-data-visualization
10/039,2010-04-01,20,21,23,31,42,43,41,github:icelam/mark-six-data-visualization
10/040,2010-04-03,11,23,35,37,40,43,30,github:icelam/mark-six-data-visualization
10/041,2010-04-06,11,20,25,35,42,45,8,github:icelam/mark-six-data-visualization
10/042,2010-04-08,3,5,25,30,33,37,35,github:icelam/mark-six-data-visualization
10/043,2010-04-11,2,7,20,36,38,41,40,github:icelam/mark-six-data-visualization
10/044,2010-04-13,31,32,33,37,42,46,17,github:icelam/mark-six-data-visualization
10/045,2010-04-15,19,21,30,35,36,37,33,github:icelam/mark-six-data-visualization
10/046,2010-04-17,1,2,24,38,42,49,19,github:icelam/mark-six-data-visualization
10/047,2010-04-20,6,17,25,27,35,40,32,github:icelam/mark-six-data-visualization
10/048,2010-04-22,1,16,23,29,39,46,17,github:icelam/mark-six-data-visualization
10/049,2010-04-24,5,12,16,23,29,39,11,github:icelam/mark-six-data-visualization
10/050,2010-04-27,3,13,18,21,22,33,8,github:icelam/mark-six-data-visualization
10/051,2010-04-29,5,7,24,26,41,49,3,github:icelam/mark-six-data-visualization
10/052,2010-05-02,7,16,26,28,41,44,24,github:icelam/mark-six-data-visualization
10/053,2010-05-04,19,24,34,40,41,46,15,github:icelam/mark-six-data-visualization
10/054,2010-05-06,2,31,37,38,39,40,44,github:icelam/mark-six-data-visualization
10/055,2010-05-09,1,5,8,21,27,34,20,github:icelam/mark-six-data-visualization
10/056,2010-05-11,15,26,29,34,35,40,9,github:icelam/mark-six-data-visualization
10/057,2010-05-13,16,22,31,37,39,49,32,github:icelam/mark-six-data-visualization
10/058,2010-05-15,1,29,32,39,44,47,17,github:icelam/mark-six-data-visualization
10/059,2010-05-18,4,7,12,20,39,48,14,github:icelam/mark-six-data-visualization
10/060,2010-05-20,4,10,11,15,22,37,49,github:icelam/mark-six-data-visualization
10/061,2010-05-22,12,17,18,26,29,33,41,github:icelam/mark-six-data-visualization
10/062,2010-05-25,14,18,30,40,43,46,27,github:icelam/mark-six-data-visualization
10/063,2010-05-27,9,22,28,32,33,49,18,github:icelam/mark-six-data-visualization
10/064,2010-05-29,4,16,25,26,33,42,30,github:icelam/mark-six-data-visualization
10/065,2010-06-01,7,11,13,24,28,46,26,github:icelam/mark-six-data-visualization
10/066,2010-06-03,5,16,19,26,42,44,6,github:icelam/mark-six-data-visualization
10/067,2010-06-05,9,15,30,37,38,40,1,github:icelam/mark-six-data-visualization
10/068,2010-06-08,7,8,12,21,23,47,10,github:icelam/mark-six-data-visualization
10/069,2010-06-10,8,26,32,35,36,49,24,github:icelam/mark-six-data-visualization
10/070,2010-06-13,2,11,19,20,21,40,43,github:icelam/mark-six-data-visualization
10/071,2010-06-15,5,10,18,21,35,49,11,github:icelam/mark-six-data-visualization
10/072,2010-06-17,5,11,15,42,45,48,14,github:icelam/mark-six-data-visualization
10/073,2010-06-19,2,8,12,13,27,35,37,github:icelam/mark-six-data-visualization
10/074,2010-06-22,2,4,9,20,35,40,44,github:icelam/mark-six-data-visualization
10/075,2010-06-24,5,23,26,31,34,49,24,github:icelam/mark-six-data-visualization
10/076,2010-06-26,7,13,15,20,21,41,2,github:icelam/mark-six-data-visualization
10/077,2010-06-29,8,11,21,38,41,48,49,github:icelam/mark-six-data-visualization
10/078,2010-07-03,2,13,14,21,45,49,19,github:icelam/mark-six-data-visualization
10/079,2010-07-06,14,17,21,29,42,46,49,github:icelam/mark-six-data-visualization
10/080,2010-07-08,4,16,40,43,46,47,27,github:icelam/mark-six-data-visualization
10/081,2010-07-10,2,22,25,27,35,42,13,github:icelam/mark-six-data-visualization
10/082,2010-07-13,2,3,5,25,43,48,24,github:icelam/mark-six-data-visualization
10/083,2010-07-15,2,10,16,18,41,44,31,github:icelam/mark-six-data-visualization
10/084,2010-07-17,7,12,30,34,40,48,33,github:icelam/mark-six-data-visualization
10/085,2010-07-20,5,13,26,29,40,47,42,github:icelam/mark-six-data-visualization
10/086,2010-07-24,6,15,22,25,33,42,24,github:icelam/mark-six-data-visualization
10/087,2010-07-27,4,17,23,28,43,46,22,github:icelam/mark-six-data-visualization
10/088,2010-07-29,12,13,38,41,44,49,22,github:icelam/mark-six-data-visualization
10/089,2010-07-31,12,28,29,33,35,37,22,github:icelam/mark-six-data-visualization
10/090,2010-08-03,9,17,26,31,35,36,42,github:icelam/mark-six-data-visualization
10/091,2010-08-05,8,30,42,46,48,49,7,github:icelam/mark-six-data-visualization
10/092,2010-08-07,3,18,34,41,45,46,37,github:icelam/mark-six-data-visualization
10/093,2010-08-10,5,8,12,20,30,39,23,github:icelam/mark-six-data-visualization
10/094,2010-08-12,6,17,29,33,42,48,34,github:icelam/mark-six-data-visualization
10/095,2010-08-14,6,12,17,34,38,46,43,github:icelam/mark-six-data-visualization
10/096,2010-08-17,2,5,8,22,25,35,16,github:icelam/mark-six-data-visualization
10/097,2010-08-19,8,12,30,43,46,48,35,github:icelam/mark-six-data-visualization
10/098,2010-08-21,18,21,34,37,40,49,28,github:icelam/mark-six-data-visualization
10/099,2010-08-24,6,9,11,16,25,37,45,github:icelam/mark-six-data-visualization
10/100,2010-08-26,1,7,9,10,36,44,37,github:icelam/mark-six-data-visualization
10/101,2010-08-28,1,3,6,7,36,49,42,github:icelam/mark-six-data-visualization
10/102,2010-08-30,6,16,39,40,46,49,41,github:icelam/mark-six-data-visualization
10/103,2010-09-02,3,7,11,20,23,48,38,github:icelam/mark-six-data-visualization
10/104,2010-09-04,17,19,25,34,43,45,47,github:icelam/mark-six-data-visualization
10/105,2010-09-07,2,3,16,42,43,45,27,github:icelam/mark-six-data-visualization
10/106,2010-09-09,2,4,19,34,37,41,5,github:icelam/mark-six-data-visualization
10/107,2010-09-11,10,20,24,35,36,39,12,github:icelam/mark-six-data-visualization
10/108,2010-09-14,3,4,7,22,30,39,6,github:icelam/mark-six-data-visualization
10/109,2010-09-16,5,8,31,46,47,49,34,github:icelam/mark-six-data-visualization
10/110,2010-09-19,12,17,19,26,33,40,25,github:icelam/mark-six-data-visualization
10/111,2010-09-21,10,13,23,35,36,48,47,github:icelam/mark-six-data-visualization
10/112,2010-09-25,16,23,30,37,39,43,5,github:icelam/mark-six-data-visualization
10/113,2010-09-28,7,30,31,42,45,49,46,github:icelam/mark-six-data-visualization
10/114,2010-09-30,9,18,21,22,26,29,27,github:icelam/mark-six-data-visualization
10/115,2010-10-02,7,16,17,21,27,36,6,github:icelam/mark-six-data-visualization
10/116,2010-10-05,5,6,8,16,29,31,12,github:icelam/mark-six-data-visualization
10/117,2010-10-07,14,15,21,22,32,40,2,github:icelam/mark-six-data-visualization
10/118,2010-10-09,22,37,41,42,44,45,27,github:icelam/mark-six-data-visualization
10/119,2010-10-12,9,13,21,24,38,46,27,github:icelam/mark-six-data-visualization
10/120,2010-10-14,4,7,10,26,42,47,13,github:icelam/mark-six-data-visualization
10/121,2010-10-16,1,29,30,44,45,49,41,github:icelam/mark-six-data-visualization
10/122,2010-10-19,2,20,29,38,39,43,37,github:icelam/mark-six-data-visualization
10/123,2010-10-21,4,9,23,35,46,49,18,github:icelam/mark-six-data-visualization
10/124,2010-10-23,1,28,33,41,42,45,8,github:icelam/mark-six-data-visualization
10/125,2010-10-26,3,8,14,20,33,41,32,github:icelam/mark-six-data-visualization
10/126,2010-10-28,8,9,17,31,36,47,46,github:icelam/mark-six-data-visualization
10/127,2010-10-30,7,8,12,24,30,49,27,github:icelam/mark-six-data-visualization
10/128,2010-11-02,5,17,24,25,36,45,15,github:icelam/mark-six-data-visualization
10/129,2010-11-04,5,9,25,27,33,44,17,github:icelam/mark-six-data-visualization
10/130,2010-11-09,4,15,41,43,45,49,18,github:icelam/mark-six-data-visualization
10/131,2010-11-11,5,6,15,28,29,43,48,github:icelam/mark-six-data-visualization
10/132,2010-11-13,7,18,21,28,47,48,35,github:icelam/mark-six-data-visualization
10/133,2010-11-16,3,12,20,39,46,49,19,github:icelam/mark-six-data-visualization
10/134,2010-11-18,6,20,30,33,39,47,23,github:icelam/mark-six-data-visualization
10/135,2010-11-20,3,6,9,29,30,33,14,github:icelam/mark-six-data-visualization
10/136,2010-11-23,1,10,11,24,30,49,35,github:icelam/mark-six-data-visualization
10/137,2010-11-25,17,22,28,31,39,45,8,github:icelam/mark-six-data-visualization
10/138,2010-11-27,13,17,25,26,43,44,42,github:icelam/mark-six-data-visualization
10/139,2010-11-30,3,14,16,19,45,48,9,github:icelam/mark-six-data-visualization
10/140,2010-12-02,6,11,17,31,40,41,34,github:icelam/mark-six-data-visualization
10/141,2010-12-05,9,10,20,42,46,47,27,github:icelam/mark-six-data-visualization
10/142,2010-12-07,12,13,18,20,28,48,14,github:icelam/mark-six-data-visualization
10/143,2010-12-09,4,10,20,25,33,36,37,github:icelam/mark-six-data-visualization
10/144,2010-12-11,15,18,22,24,27,30,10,github:icelam/mark-six-data-visualization
10/145,2010-12-14,3,7,28,29,38,48,40,github:icelam/mark-six-data-visualization
10/146,2010-12-16,12,13,18,19,27,29,10,github:icelam/mark-six-data-visualization
10/147,2010-12-18,15,19,34,39,44,45,23,github:icelam/mark-six-data-visualization
10/148,2010-12-20,4,5,12,16,18,41,7,github:icelam/mark-six-data-visualization
10/149,2010-12-22,3,4,15,24,35,41,36,github:icelam/mark-six-data-visualization
10/150,2010-12-25,1,2,4,13,43,48,11,github:icelam/mark-six-data-visualization
10/151,2010-12-28,8,23,28,31,36,37,12,github:icelam/mark-six-data-visualization
10/152,2010-12-30,4,13,18,20,36,39,12,github:icelam/mark-six-data-visualization
11/001,2011-01-02,1,13,20,24,37,39,3,github:icelam/mark-six-data-visualization
11/002,2011-01-04,4,9,16,20,38,39,40,github:icelam/mark-six-data-visualization
11/003,2011-01-06,4,7,14,15,19,26,43,github:icelam/mark-six-data-visualization
11/004,2011-01-08,10,12,18,21,27,33,4,github:icelam/mark-six-data-visualization
11/005,2011-01-11,1,2,29,37,42,48,38,github:icelam/mark-six-data-visualization
11/006,2011-01-13,17,19,25,36,40,44,10,github:icelam/mark-six-data-visualization
11/007,2011-01-15,13,18,29,31,32,46,2,github:icelam/mark-six-data-visualization
11/008,2011-01-18,9,15,21,31,33,41,37,github:icelam/mark-six-data-visualization
11/009,2011-01-20,5,21,28,30,37,42,48,github:icelam/mark-six-data-visualization
11/010,2011-01-22,1,15,30,39,45,49,37,github:icelam/mark-six-data-visualization
11/011,2011-01-25,9,14,16,17,21,26,20,github:icelam/mark-six-data-visualization
11/012,2011-01-27,1,6,14,25,29,35,48,github:icelam/mark-six-data-visualization
11/013,2011-01-29,5,8,9,10,29,49,46,github:icelam/mark-six-data-visualization
11/014,2011-02-01,1,8,22,32,46,48,9,github:icelam/mark-six-data-visualization
11/015,2011-02-03,6,8,10,28,36,37,21,github:icelam/mark-six-data-visualization
11/016,2011-02-06,1,2,16,27,31,47,19,github:icelam/mark-six-data-visualization
11/017,2011-02-08,11,21,27,28,32,34,17,github:icelam/mark-six-data-visualization
11/018,2011-02-10,2,3,9,18,20,36,12,github:icelam/mark-six-data-visualization
11/019,2011-02-13,10,13,20,24,37,47,16,github:icelam/mark-six-data-visualization
11/020,2011-02-15,16,17,18,27,38,41,30,github:icelam/mark-six-data-visualization
11/021,2011-02-17,9,24,25,30,35,37,45,github:icelam/mark-six-data-visualization
11/022,2011-02-19,13,16,18,23,34,42,40,github:icelam/mark-six-data-visualization
11/023,2011-02-22,3,8,21,22,28,48,5,github:icelam/mark-six-data-visualization
11/024,2011-02-24,7,26,27,29,30,41,44,github:icelam/mark-six-data-visualization
11/025,2011-02-26,1,24,28,33,37,47,49,github:icelam/mark-six-data-visualization
11/026,2011-03-01,4,25,30,41,43,45,29,github:icelam/mark-six-data-visualization
11/027,2011-03-03,8,9,13,17,33,49,30,github:icelam/mark-six-data-visualization
11/028,2011-03-05,2,7,16,25,29,34,10,github:icelam/mark-six-data-visualization
11/029,2011-03-08,4,15,23,33,37,47,22,github:icelam/mark-six-data-visualization
11/030,2011-03-10,2,6,21,45,46,49,28,github:icelam/mark-six-data-visualization
11/031,2011-03-13,6,14,26,27,30,43,21,github:icelam/mark-six-data-visualization
11/032,2011-03-15,4,11,15,16,35,42,9,github:icelam/mark-six-data-visualization
11/033,2011-03-17,4,5,23,31,39,48,20,github:icelam/mark-six-data-visualization
11/034,2011-03-19,8,12,24,31,33,41,20,github:icelam/mark-six-data-visualization
11/035,2011-03-22,18,24,26,34,38,45,15,github:icelam/mark-six-data-visualization
11/036,2011-03-24,10,16,17,38,42,43,13,github:icelam/mark-six-data-visualization
11/037,2011-03-26,2,12,20,25,31,47,29,github:icelam/mark-six-data-visualization
11/038,2011-03-29,1,2,9,20,24,49,43,github:icelam/mark-six-data-visualization
11/039,2011-03-31,6,23,24,38,39,40,32,github:icelam/mark-six-data-visualization
11/040,2011-04-02,3,12,15,31,36,49,11,github:icelam/mark-six-data-visualization
11/041,2011-04-05,8,10,26,29,41,44,9,github:icelam/mark-six-data-visualization
11/042,2011-04-07,1,5,21,26,31,43,22,github:icelam/mark-six-data-visualization
11/043,2011-04-10,6,10,24,34,37,47,12,github:icelam/mark-six-data-visualization
11/044,2011-04-12,2,4,9,12,21,31,10,github:icelam/mark-six-data-visualization
11/045,2011-04-14,12,14,23,32,37,39,28,github:icelam/mark-six-data-visualization
11/046,2011-04-16,1,16,17,26,31,36,45,github:icelam/mark-six-data-visualization
11/047,2011-04-19,1,8,18,20,22,46,28,github:icelam/mark-six-data-visualization
11/048,2011-04-21,1,6,9,10,22,26,35,github:icelam/mark-six-data-visualization
11/049,2011-04-23,2,4,26,30,31,43,38,github:icelam/mark-six-data-visualization
11/050,2011-04-26,11,15,25,29,30,49,47,github:icelam/mark-six-data-visualization
11/051,2011-04-28,1,6,15,30,33,49,3,github:icelam/mark-six-data-visualization
11/052,2011-04-30,9,10,23,29,30,34,36,github:icelam/mark-six-data-visualization
11/053,2011-05-03,2,3,13,23,34,38,5,github:icelam/mark-six-data-visualization
11/054,2011-05-05,5,6,15,20,32,48,22,github:icelam/mark-six-data-visualization
11/055,2011-05-08,10,14,26,29,39,41,6,github:icelam/mark-six-data-visualization
11/056,2011-05-12,4,9,25,28,39,45,30,github:icelam/mark-six-data-visualization
11/057,2011-05-14,4,10,15,22,33,35,48,github:icelam/mark-six-data-visualization
11/058,2011-05-17,12,14,27,35,46,49,31,github:icelam/mark-six-data-visualization
11/059,2011-05-20,13,15,18,30,32,48,8,github:icelam/mark-six-data-visualization
11/060,2011-05-22,15,17,22,36,45,47,35,github:icelam/mark-six-data-visualization
11/061,2011-05-24,11,20,31,33,39,48,4,github:icelam/mark-six-data-visualization
11/062,2011-05-26,5,6,22,37,44,48,23,github:icelam/mark-six-data-visualization
11/063,2011-05-28,7,13,34,38,43,44,10,github:icelam/mark-six-data-visualization
11/064,2011-05-31,1,4,10,24,30,39,8,github:icelam/mark-six-data-visualization
11/065,2011-06-02,2,7,18,23,39,47,17,github:icelam/mark-six-data-visualization
11/066,2011-06-04,7,8,33,36,46,49,18,github:icelam/mark-six-data-visualization
11/067,2011-06-07,22,24,33,36,42,49,38,github:icelam/mark-six-data-visualization
11/068,2011-06-09,3,5,6,15,39,42,35,github:icelam/mark-six-data-visualization
11/069,2011-06-12,1,4,13,17,35,44,22,github:icelam/mark-six-data-visualization
11/070,2011-06-14,12,13,19,22,39,48,46,github:icelam/mark-six-data-visualization
11/071,2011-06-16,4,12,26,44,47,48,2,github:icelam/mark-six-data-visualization
11/072,2011-06-18,14,16,38,44,48,49,39,github:icelam/mark-six-data-visualization
11/073,2011-06-21,9,10,16,21,32,47,38,github:icelam/mark-six-data-visualization
11/074,2011-06-23,2,15,27,32,43,49,42,github:icelam/mark-six-data-visualization
11/075,2011-06-25,4,23,24,30,34,45,19,github:icelam/mark-six-data-visualization
11/076,2011-06-28,4,15,17,43,45,47,38,github:icelam/mark-six-data-visualization
11/077,2011-06-30,10,20,40,46,48,49,13,github:icelam/mark-six-data-visualization
11/078,2011-07-02,5,13,31,33,34,35,27,github:icelam/mark-six-data-visualization
11/079,2011-07-05,9,16,22,28,30,32,37,github:icelam/mark-six-data-visualization
11/080,2011-07-07,10,14,29,35,40,46,30,github:icelam/mark-six-data-visualization
11/081,2011-07-09,1,10,11,13,42,48,15,github:icelam/mark-six-data-visualization
11/082,2011-07-12,16,18,28,33,41,45,29,github:icelam/mark-six-data-visualization
11/083,2011-07-14,11,13,33,37,45,48,36,github:icelam/mark-six-data-visualization
11/084,2011-07-16,11,17,20,31,48,49,35,github:icelam/mark-six-data-visualization
11/085,2011-07-19,3,10,31,40,41,43,20,github:icelam/mark-six-data-visualization
11/086,2011-07-21,6,18,26,28,30,49,22,github:icelam/mark-six-data-visualization
11/087,2011-07-24,7,8,27,29,37,48,21,github:icelam/mark-six-data-visualization
11/088,2011-07-26,15,25,26,34,35,41,10,github:icelam/mark-six-data-visualization
11/089,2011-07-28,11,21,30,36,42,47,34,github:icelam/mark-six-data-visualization
11/090,2011-07-30,6,29,44,45,46,47,30,github:icelam/mark-six-data-visualization
11/091,2011-08-02,11,14,21,24,25,47,36,github:icelam/mark-six-data-visualization
11/092,2011-08-04,2,11,25,32,34,39,31,github:icelam/mark-six-data-visualization
11/093,2011-08-06,9,30,31,34,42,45,24,github:icelam/mark-six-data-visualization
11/094,2011-08-09,5,6,11,25,45,48,34,github:icelam/mark-six-data-visualization
11/095,2011-08-11,4,6,7,25,35,37,48,github:icelam/mark-six-data-visualization
11/096,2011-08-13,11,18,23,31,37,49,10,github:icelam/mark-six-data-visualization
11/097,2011-08-16,5,8,9,10,22,38,7,github:icelam/mark-six-data-visualization
11/098,2011-08-18,5,14,17,43,45,49,12,github:icelam/mark-six-data-visualization
11/099,2011-08-20,13,15,17,23,26,47,1,github:icelam/mark-six-data-visualization
11/100,2011-08-23,11,24,25,36,41,45,40,github:icelam/mark-six-data-visualization
11/101,2011-08-25,6,10,17,20,25,28,2,github:icelam/mark-six-data-visualization
11/102,2011-08-27,9,10,19,27,29,45,30,github:icelam/mark-six-data-visualization
11/103,2011-08-30,9,15,24,46,48,49,6,github:icelam/mark-six-data-visualization
11/104,2011-09-02,2,29,33,34,44,49,42,github:icelam/mark-six-data-visualization
11/105,2011-09-04,4,18,21,22,39,46,29,github:icelam/mark-six-data-visualization
11/106,2011-09-06,1,4,7,21,23,44,17,github:icelam/mark-six-data-visualization
11/107,2011-09-08,14,18,22,30,39,44,32,github:icelam/mark-six-data-visualization
11/108,2011-09-10,15,19,36,44,45,49,16,github:icelam/mark-six-data-visualization
11/109,2011-09-13,11,13,16,19,28,46,22,github:icelam/mark-six-data-visualization
11/110,2011-09-15,5,7,13,29,41,49,25,github:icelam/mark-six-data-visualization
11/111,2011-09-17,6,12,14,25,35,43,42,github:icelam/mark-six-data-visualization
11/112,2011-09-20,10,27,33,40,47,48,13,github:icelam/mark-six-data-visualization
11/113,2011-09-22,8,10,19,27,39,44,6,github:icelam/mark-six-data-visualization
11/114,2011-09-24,6,16,18,28,34,40,38,github:icelam/mark-six-data-visualization
11/115,2011-09-27,4,22,23,37,40,49,13,github:icelam/mark-six-data-visualization
11/116,2011-10-02,9,14,22,37,41,45,5,github:icelam/mark-six-data-visualization
11/117,2011-10-04,1,4,9,15,37,39,47,github:icelam/mark-six-data-visualization
11/118,2011-10-08,4,8,24,26,37,41,33,github:icelam/mark-six-data-visualization
11/119,2011-10-11,2,6,22,25,33,39,46,github:icelam/mark-six-data-visualization
11/120,2011-10-13,2,8,28,30,33,40,23,github:icelam/mark-six-data-visualization
11/121,2011-10-15,11,24,28,37,41,43,13,github:icelam/mark-six-data-visualization
11/122,2011-10-18,4,9,23,37,47,48,14,github:icelam/mark-six-data-visualization
11/123,2011-10-20,2,16,23,32,34,35,40,github:icelam/mark-six-data-visualization
11/124,2011-10-22,1,11,18,20,26,30,47,github:icelam/mark-six-data-visualization
11/125,2011-10-25,17,22,26,27,29,35,44,github:icelam/mark-six-data-visualization
11/126,2011-10-27,1,9,22,43,46,48,49,github:icelam/mark-six-data-visualization
11/127,2011-10-29,5,12,15,17,18,39,47,github:icelam/mark-six-data-visualization
11/128,2011-11-01,8,15,19,21,24,44,10,github:icelam/mark-six-data-visualization
11/129,2011-11-03,1,3,21,34,41,44,43,github:icelam/mark-six-data-visualization
11/130,2011-11-06,1,3,7,11,16,34,49,github:icelam/mark-six-data-visualization
11/131,2011-11-08,2,23,30,34,40,42,48,github:icelam/mark-six-data-visualization
11/132,2011-11-10,4,7,9,20,37,49,33,github:icelam/mark-six-data-visualization
11/133,2011-11-12,10,17,29,33,42,48,35,github:icelam/mark-six-data-visualization
11/134,2011-11-15,7,11,14,25,26,30,29,github:icelam/mark-six-data-visualization
11/135,2011-11-17,3,6,23,24,42,44,35,github:icelam/mark-six-data-visualization
11/136,2011-11-19,10,12,13,14,22,47,21,github:icelam/mark-six-data-visualization
11/137,2011-11-22,7,21,24,31,43,47,5,github:icelam/mark-six-data-visualization
11/138,2011-11-24,3,5,19,35,38,41,32,github:icelam/mark-six-data-visualization
11/139,2011-11-26,4,22,33,39,42,47,14,github:icelam/mark-six-data-visualization
11/140,2011-11-29,3,6,13,37,40,42,29,github:icelam/mark-six-data-visualization
11/141,2011-12-01,1,3,8,22,28,33,5,github:icelam/mark-six-data-visualization
11/142,2011-12-03,2,3,9,18,23,37,31,github:icelam/mark-six-data-visualization
11/143,2011-12-06,1,2,5,6,11,43,25,github:icelam/mark-six-data-visualization
11/144,2011-12-08,5,20,22,28,36,48,1,github:icelam/mark-six-data-visualization
11/145,2011-12-10,3,14,21,25,27,42,34,github:icelam/mark-six-data-visualization
11/146,2011-12-13,3,25,32,36,38,40,31,github:icelam/mark-six-data-visualization
11/147,2011-12-15,9,21,29,34,43,47,32,github:icelam/mark-six-data-visualization
11/148,2011-12-18,1,2,23,35,38,46,5,github:icelam/mark-six-data-visualization
11/149,2011-12-20,26,29,31,37,43,49,2,github:icelam/mark-six-data-visualization
11/150,2011-12-22,5,16,18,28,37,49,24,github:icelam/mark-six-data-visualization
11/151,2011-12-24,1,4,17,24,27,43,41,github:icelam/mark-six-data-visualization
11/152,2011-12-26,8,30,31,37,38,48,5,github:icelam/mark-six-data-visualization
11/153,2011-12-29,7,10,21,23,29,39,1,github:icelam/mark-six-data-visualization
11/154,2011-12-31,2,3,27,40,44,49,38,github:icelam/mark-six-data-visualization
12/001,2012-01-03,5,12,31,34,37,45,10,github:icelam/mark-six-data-visualization
12/002,2012-01-05,9,11,33,43,46,48,2,github:icelam/mark-six-data-visualization
12/003,2012-01-07,3,7,10,31,32,35,30,github:icelam/mark-six-data-visualization
12/004,2012-01-10,3,20,26,31,32,35,12,github:icelam/mark-six-data-visualization
12/005,2012-01-12,15,27,32,36,44,48,47,github:icelam/mark-six-data-visualization
12/006,2012-01-14,10,13,20,24,29,36,14,github:icelam/mark-six-data-visualization
12/007,2012-01-17,16,23,24,35,36,44,1,github:icelam/mark-six-data-visualization
12/008,2012-01-19,1,2,14,18,25,39,31,github:icelam/mark-six-data-visualization
12/009,2012-01-22,10,14,18,20,34,47,41,github:icelam/mark-six-data-visualization
12/010,2012-01-26,3,10,11,17,29,34,15,github:icelam/mark-six-data-visualization
12/011,2012-01-31,22,27,28,29,42,46,49,github:icelam/mark-six-data-visualization
12/012,2012-02-02,14,20,21,38,45,46,47,github:icelam/mark-six-data-visualization
12/013,2012-02-04,6,12,16,20,27,38,7,github:icelam/mark-six-data-visualization
12/014,2012-02-07,11,16,30,34,41,45,47,github:icelam/mark-six-data-visualization
12/015,2012-02-09,3,12,20,33,34,41,43,github:icelam/mark-six-data-visualization
12/016,2012-02-12,7,9,33,34,39,41,48,github:icelam/mark-six-data-visualization
12/017,2012-02-14,10,14,21,37,39,49,25,github:icelam/mark-six-data-visualization
12/018,2012-02-16,4,12,18,25,42,44,8,github:icelam/mark-six-data-visualization
12/019,2012-02-18,5,12,16,17,41,46,15,github:icelam/mark-six-data-visualization
12/020,2012-02-21,1,11,12,15,35,49,17,github:icelam/mark-six-data-visualization
12/021,2012-02-23,1,5,15,22,43,47,37,github:icelam/mark-six-data-visualization
12/022,2012-02-25,12,14,24,26,27,49,22,github:icelam/mark-six-data-visualization
12/023,2012-02-28,8,9,24,28,37,49,47,github:icelam/mark-six-data-visualization
12/024,2012-03-01,25,30,31,34,40,47,13,github:icelam/mark-six-data-visualization
12/025,2012-03-03,1,3,4,8,21,28,5,github:icelam/mark-six-data-visualization
12/026,2012-03-06,3,7,28,31,33,36,32,github:icelam/mark-six-data-visualization
12/027,2012-03-08,3,5,9,17,35,36,43,github:icelam/mark-six-data-visualization
12/028,2012-03-11,10,23,33,39,42,48,34,github:icelam/mark-six-data-visualization
12/029,2012-03-13,7,8,26,43,47,48,12,github:icelam/mark-six-data-visualization
12/030,2012-03-15,4,28,31,34,48,49,6,github:icelam/mark-six-data-visualization
12/031,2012-03-17,4,6,13,18,23,45,15,github:icelam/mark-six-data-visualization
12/032,2012-03-20,11,13,18,29,44,46,37,github:icelam/mark-six-data-visualization
12/033,2012-03-22,2,35,38,47,48,49,41,github:icelam/mark-six-data-visualization
12/034,2012-03-24,3,23,32,35,43,49,34,github:icelam/mark-six-data-visualization
12/035,2012-03-27,2,7,17,25,30,43,38,github:icelam/mark-six-data-visualization
12/036,2012-03-29,10,16,21,28,29,31,8,github:icelam/mark-six-data-visualization
12/037,2012-03-31,11,19,30,33,37,44,18,github:icelam/mark-six-data-visualization
12/038,2012-04-03,20,21,28,44,46,47,42,github:icelam/mark-six-data-visualization
12/039,2012-04-05,13,15,17,18,41,45,14,github:icelam/mark-six-data-visualization
12/040,2012-04-07,3,14,22,24,34,49,44,github:icelam/mark-six-data-visualization
12/041,2012-04-10,4,11,16,26,42,47,6,github:icelam/mark-six-data-visualization
12/042,2012-04-12,2,11,16,17,25,28,41,github:icelam/mark-six-data-visualization
12/043,2012-04-14,3,15,19,20,32,40,25,github:icelam/mark-six-data-visualization
12/044,2012-04-17,6,7,17,19,35,46,4,github:icelam/mark-six-data-visualization
12/045,2012-04-19,5,12,13,20,37,41,23,github:icelam/mark-six-data-visualization
12/046,2012-04-22,1,3,11,21,41,42,2,github:icelam/mark-six-data-visualization
12/047,2012-04-24,1,17,28,29,31,34,45,github:icelam/mark-six-data-visualization
12/048,2012-04-26,7,10,11,17,22,30,14,github:icelam/mark-six-data-visualization
12/049,2012-04-28,11,17,19,20,29,32,38,github:icelam/mark-six-data-visualization
12/050,2012-05-01,5,17,19,26,32,33,22,github:icelam/mark-six-data-visualization
12/051,2012-05-03,2,20,28,46,47,49,3,github:icelam/mark-six-data-visualization
12/052,2012-05-05,4,11,17,29,39,49,8,github:icelam/mark-six-data-visualization
12/053,2012-05-08,4,9,10,17,33,34,35,github:icelam/mark-six-data-visualization
12/054,2012-05-10,13,17,23,32,34,46,41,github:icelam/mark-six-data-visualization
12/055,2012-05-13,16,21,30,34,39,45,4,github:icelam/mark-six-data-visualization
12/056,2012-05-15,5,14,16,22,23,33,32,github:icelam/mark-six-data-visualization
12/057,2012-05-17,1,10,15,21,27,37,40,github:icelam/mark-six-data-visualization
12/058,2012-05-20,3,17,23,26,41,47,33,github:icelam/mark-six-data-visualization
12/059,2012-05-22,1,8,22,26,32,37,41,github:icelam/mark-six-data-visualization
12/060,2012-05-24,2,5,8,29,40,47,34,github:icelam/mark-six-data-visualization
12/061,2012-05-26,9,10,20,22,38,49,7,github:icelam/mark-six-data-visualization
12/062,2012-05-29,8,18,20,22,31,37,46,github:icelam/mark-six-data-visualization
12/063,2012-05-31,4,9,24,31,39,47,38,github:icelam/mark-six-data-visualization
12/064,2012-06-02,9,14,19,20,43,47,37,github:icelam/mark-six-data-visualization
12/065,2012-06-05,10,21,26,34,35,43,37,github:icelam/mark-six-data-visualization
12/066,2012-06-07,4,17,20,29,39,48,9,github:icelam/mark-six-data-visualization
12/067,2012-06-10,8,15,18,37,39,44,6,github:icelam/mark-six-data-visualization
12/068,2012-06-12,7,14,16,25,30,36,32,github:icelam/mark-six-data-visualization
12/069,2012-06-16,2,4,6,7,13,29,9,github:icelam/mark-six-data-visualization
12/070,2012-06-19,10,13,26,40,42,48,24,github:icelam/mark-six-data-visualization
12/071,2012-06-21,2,5,8,13,17,35,28,github:icelam/mark-six-data-visualization
12/072,2012-06-23,9,14,17,34,40,48,39,github:icelam/mark-six-data-visualization
12/073,2012-06-26,6,19,26,28,37,49,47,github:icelam/mark-six-data-visualization
12/074,2012-06-28,3,6,14,19,27,36,24,github:icelam/mark-six-data-visualization
12/075,2012-06-30,10,13,28,32,37,41,1,github:icelam/mark-six-data-visualization
12/076,2012-07-03,6,10,12,14,31,38,20,github:icelam/mark-six-data-visualization
12/077,2012-07-05,2,3,11,24,26,27,44,github:icelam/mark-six-data-visualization
12/078,2012-07-07,1,4,5,22,44,46,37,github:icelam/mark-six-data-visualization
12/079,2012-07-10,4,7,13,28,36,49,3,github:icelam/mark-six-data-visualization
12/080,2012-07-12,2,13,33,39,40,44,43,github:icelam/mark-six-data-visualization
12/081,2012-07-14,2,6,16,24,41,46,27,github:icelam/mark-six-data-visualization
12/082,2012-07-17,8,11,17,24,30,49,3,github:icelam/mark-six-data-visualization
12/083,2012-07-19,9,20,30,34,35,46,29,github:icelam/mark-six-data-visualization
12/084,2012-07-21,7,19,23,30,34,45,13,github:icelam/mark-six-data-visualization
12/085,2012-07-24,10,11,15,22,23,45,31,github:icelam/mark-six-data-visualization
12/086,2012-07-26,9,11,13,22,24,44,32,github:icelam/mark-six-data-visualization
12/087,2012-07-28,18,25,38,40,44,45,5,github:icelam/mark-six-data-visualization
12/088,2012-07-31,2,10,16,23,35,47,1,github:icelam/mark-six-data-visualization
12/089,2012-08-02,9,11,12,22,28,49,7,github:icelam/mark-six-data-visualization
12/090,2012-08-04,8,15,20,41,42,49,12,github:icelam/mark-six-data-visualization
12/091,2012-08-07,2,9,13,40,44,46,10,github:icelam/mark-six-data-visualization
12/092,2012-08-09,10,13,20,22,42,46,48,github:icelam/mark-six-data-visualization
12/093,2012-08-11,5,11,12,31,41,42,16,github:icelam/mark-six-data-visualization
12/094,2012-08-14,2,13,16,34,37,47,28,github:icelam/mark-six-data-visualization
12/095,2012-08-16,5,6,13,19,23,34,8,github:icelam/mark-six-data-visualization
12/096,2012-08-18,7,10,22,32,34,48,45,github:icelam/mark-six-data-visualization
12/097,2012-08-21,1,7,12,17,36,38,48,github:icelam/mark-six-data-visualization
12/098,2012-08-23,13,15,25,28,45,47,5,github:icelam/mark-six-data-visualization
12/099,2012-08-25,3,7,21,22,38,47,27,github:icelam/mark-six-data-visualization
12/100,2012-08-28,7,17,24,29,47,49,45,github:icelam/mark-six-data-visualization
12/101,2012-08-30,7,11,15,21,26,34,38,github:icelam/mark-six-data-visualization
12/102,2012-09-01,9,12,15,19,21,47,38,github:icelam/mark-six-data-visualization
12/103,2012-09-04,20,24,34,36,43,45,3,github:icelam/mark-six-data-visualization
12/104,2012-09-06,6,13,33,38,41,43,29,github:icelam/mark-six-data-visualization
12/105,2012-09-09,4,7,12,15,27,34,37,github:icelam/mark-six-data-visualization
12/106,2012-09-11,4,11,25,27,39,41,43,github:icelam/mark-six-data-visualization
12/107,2012-09-13,16,20,22,31,42,48,43,github:icelam/mark-six-data-visualization
12/108,2012-09-15,6,7,18,21,27,48,42,github:icelam/mark-six-data-visualization
12/109,2012-09-18,15,26,27,38,42,43,39,github:icelam/mark-six-data-visualization
12/110,2012-09-22,2,13,33,35,38,49,40,github:icelam/mark-six-data-visualization
12/111,2012-09-25,1,4,17,20,28,32,47,github:icelam/mark-six-data-visualization
12/112,2012-09-27,1,3,10,15,17,40,28,github:icelam/mark-six-data-visualization
12/113,2012-09-29,2,8,16,17,20,26,32,github:icelam/mark-six-data-visualization
12/114,2012-10-02,12,24,25,33,37,44,13,github:icelam/mark-six-data-visualization
12/115,2012-10-07,1,10,12,13,29,47,9,github:icelam/mark-six-data-visualization
12/116,2012-10-09,15,17,21,22,27,36,16,github:icelam/mark-six-data-visualization
12/117,2012-10-11,1,3,11,18,40,46,35,github:icelam/mark-six-data-visualization
12/118,2012-10-13,5,6,11,26,33,41,4,github:icelam/mark-six-data-visualization
12/119,2012-10-16,9,17,27,35,39,44,40,github:icelam/mark-six-data-visualization
12/120,2012-10-18,4,6,10,14,16,29,26,github:icelam/mark-six-data-visualization
12/121,2012-10-20,4,19,31,34,37,44,6,github:icelam/mark-six-data-visualization
12/122,2012-10-23,11,28,29,41,45,47,21,github:icelam/mark-six-data-visualization
12/123,2012-10-25,8,17,23,40,41,43,28,github:icelam/mark-six-data-visualization
12/124,2012-10-27,26,28,30,34,36,39,1,github:icelam/mark-six-data-visualization
12/125,2012-10-30,1,20,28,30,34,40,19,github:icelam/mark-six-data-visualization
12/126,2012-11-01,15,18,24,28,34,42,2,github:icelam/mark-six-data-visualization
12/127,2012-11-03,1,12,33,36,46,48,41,github:icelam/mark-six-data-visualization
12/128,2012-11-06,1,6,8,28,37,39,42,github:icelam/mark-six-data-visualization
12/129,2012-11-08,15,26,31,37,44,47,43,github:icelam/mark-six-data-visualization
12/130,2012-11-11,9,26,28,35,45,47,25,github:icelam/mark-six-data-visualization
12/131,2012-11-13,3,5,25,26,29,30,31,github:icelam/mark-six-data-visualization
12/132,2012-11-15,18,20,36,41,46,48,21,github:icelam/mark-six-data-visualization
12/133,2012-11-17,7,12,24,39,43,48,30,github:icelam/mark-six-data-visualization
12/134,2012-11-20,2,11,20,37,45,47,13,github:icelam/mark-six-data-visualization
12/135,2012-11-22,9,22,26,30,44,49,31,github:icelam/mark-six-data-visualization
12/136,2012-11-24,2,3,4,15,23,40,13,github:icelam/mark-six-data-visualization
12/137,2012-11-27,8,20,21,24,34,47,10,github:icelam/mark-six-data-visualization
12/138,2012-11-29,13,17,26,28,32,34,6,github:icelam/mark-six-data-visualization
12/139,2012-12-01,10,16,17,27,36,38,47,github:icelam/mark-six-data-visualization
12/140,2012-12-04,7,10,11,18,37,47,4,github:icelam/mark-six-data-visualization
12/141,2012-12-06,1,6,38,41,43,45,48,github:icelam/mark-six-data-visualization
12/142,2012-12-08,15,22,30,33,34,47,38,github:icelam/mark-six-data-visualization
12/143,2012-12-11,2,15,28,41,42,49,24,github:icelam/mark-six-data-visualization
12/144,2012-12-13,6,9,29,31,42,47,14,github:icelam/mark-six-data-visualization
12/145,2012-12-15,18,21,28,33,41,47,48,github:icelam/mark-six-data-visualization
12/146,2012-12-18,8,14,21,41,45,48,34,github:icelam/mark-six-data-visualization
12/147,2012-12-20,4,12,25,34,36,40,49,github:icelam/mark-six-data-visualization
12/148,2012-12-23,9,27,28,32,34,43,2,github:icelam/mark-six-data-visualization
12/149,2012-12-25,12,18,23,24,46,49,14,github:icelam/mark-six-data-visualization
12/150,2012-12-27,4,7,29,39,44,47,23,github:icelam/mark-six-data-visualization
12/151,2012-12-29,1,6,9,11,33,39,40,github:icelam/mark-six-data-visualization
12/152,2012-12-31,5,6,25,30,32,48,45,github:icelam/mark-six-data-visualization
13/001,2013-01-03,17,25,32,33,46,48,39,github:icelam/mark-six-data-visualization
13/002,2013-01-08,14,19,20,21,29,49,7,github:icelam/mark-six-data-visualization
13/003,2013-01-10,2,9,24,34,41,45,48,github:icelam/mark-six-data-visualization
13/004,2013-01-13,3,6,19,21,31,49,7,github:icelam/mark-six-data-visualization
13/005,2013-01-15,3,4,7,24,27,31,13,github:icelam/mark-six-data-visualization
13/006,2013-01-17,2,8,14,25,43,44,11,github:icelam/mark-six-data-visualization
13/007,2013-01-19,3,12,19,21,31,48,26,github:icelam/mark-six-data-visualization
13/008,2013-01-22,2,4,20,22,30,37,1,github:icelam/mark-six-data-visualization
13/009,2013-01-24,1,2,3,9,20,49,24,github:icelam/mark-six-data-visualization
13/010,2013-01-26,2,29,41,42,45,48,5,github:icelam/mark-six-data-visualization
13/011,2013-01-29,8,20,26,36,44,47,28,github:icelam/mark-six-data-visualization
13/012,2013-01-31,16,22,27,35,38,46,32,github:icelam/mark-six-data-visualization
13/013,2013-02-03,2,17,23,39,47,48,22,github:icelam/mark-six-data-visualization
13/014,2013-02-05,5,19,31,32,34,45,13,github:icelam/mark-six-data-visualization
13/015,2013-02-07,3,8,12,18,22,33,37,github:icelam/mark-six-data-visualization
13/016,2013-02-09,4,8,10,35,46,47,32,github:icelam/mark-six-data-visualization
13/017,2013-02-14,11,16,24,27,36,48,47,github:icelam/mark-six-data-visualization
13/018,2013-02-16,3,12,30,35,37,38,18,github:icelam/mark-six-data-visualization
13/019,2013-02-19,5,18,19,32,40,44,34,github:icelam/mark-six-data-visualization
13/020,2013-02-21,11,14,21,22,32,49,7,github:icelam/mark-six-data-visualization
13/021,2013-02-23,12,19,23,30,35,36,15,github:icelam/mark-six-data-visualization
13/022,2013-02-26,1,4,15,16,18,36,21,github:icelam/mark-six-data-visualization
13/023,2013-02-28,10,11,23,26,28,30,17,github:icelam/mark-six-data-visualization
13/024,2013-03-03,7,8,26,31,35,39,37,github:icelam/mark-six-data-visualization
13/025,2013-03-05,4,6,8,35,36,43,5,github:icelam/mark-six-data-visualization
13/026,2013-03-07,8,9,24,35,39,41,2,github:icelam/mark-six-data-visualization
13/027,2013-03-09,9,18,24,34,40,43,28,github:icelam/mark-six-data-visualization
13/028,2013-03-12,13,15,17,30,38,45,4,github:icelam/mark-six-data-visualization
13/029,2013-03-14,3,4,15,16,17,46,12,github:icelam/mark-six-data-visualization
13/030,2013-03-16,6,9,31,41,45,47,18,github:icelam/mark-six-data-visualization
13/031,2013-03-19,3,12,15,28,29,34,8,github:icelam/mark-six-data-visualization
13/032,2013-03-21,1,4,13,22,39,42,34,github:icelam/mark-six-data-visualization
13/033,2013-03-23,6,9,17,25,33,42,27,github:icelam/mark-six-data-visualization
13/034,2013-03-26,10,15,26,35,40,44,11,github:icelam/mark-six-data-visualization
13/035,2013-03-28,12,17,31,38,44,45,43,github:icelam/mark-six-data-visualization
13/036,2013-03-30,4,6,19,25,34,43,17,github:icelam/mark-six-data-visualization
13/037,2013-04-02,2,4,9,31,33,46,5,github:icelam/mark-six-data-visualization
13/038,2013-04-04,2,7,11,15,17,27,4,github:icelam/mark-six-data-visualization
13/039,2013-04-06,10,12,16,29,41,48,25,github:icelam/mark-six-data-visualization
13/040,2013-04-09,2,3,25,28,35,43,39,github:icelam/mark-six-data-visualization
13/041,2013-04-11,11,18,20,24,29,49,2,github:icelam/mark-six-data-visualization
13/042,2013-04-13,8,16,29,40,46,47,18,github:icelam/mark-six-data-visualization
13/043,2013-04-16,11,15,21,27,38,43,48,github:icelam/mark-six-data-visualization
13/044,2013-04-18,4,5,14,17,22,39,9,github:icelam/mark-six-data-visualization
13/045,2013-04-21,9,10,15,33,40,49,48,github:icelam/mark-six-data-visualization
13/046,2013-04-23,7,20,23,29,35,41,6,github:icelam/mark-six-data-visualization
13/047,2013-04-25,14,15,17,22,38,48,19,github:icelam/mark-six-data-visualization
13/048,2013-04-27,4,7,16,23,26,28,9,github:icelam/mark-six-data-visualization
13/049,2013-04-30,4,18,24,30,31,49,36,github:icelam/mark-six-data-visualization
13/050,2013-05-02,1,5,28,31,44,46,14,github:icelam/mark-six-data-visualization
13/051,2013-05-04,1,10,29,40,44,49,33,github:icelam/mark-six-data-visualization
13/052,2013-05-07,5,9,14,24,29,37,36,github:icelam/mark-six-data-visualization
13/053,2013-05-09,12,14,15,16,22,34,13,github:icelam/mark-six-data-visualization
13/054,2013-05-12,1,6,11,16,20,25,22,github:icelam/mark-six-data-visualization
13/055,2013-05-14,2,11,16,19,44,47,27,github:icelam/mark-six-data-visualization
13/056,2013-05-16,7,18,27,32,42,48,17,github:icelam/mark-six-data-visualization
13/057,2013-05-19,4,14,24,30,43,48,34,github:icelam/mark-six-data-visualization
13/058,2013-05-21,11,12,16,18,23,31,36,github:icelam/mark-six-data-visualization
13/059,2013-05-23,12,24,27,45,47,49,6,github:icelam/mark-six-data-visualization
13/060,2013-05-25,3,8,10,25,26,40,38,github:icelam/mark-six-data-visualization
13/061,2013-05-28,1,4,5,6,9,25,27,github:icelam/mark-six-data-visualization
13/062,2013-05-30,15,17,22,27,36,46,23,github:icelam/mark-six-data-visualization
13/063,2013-06-01,1,23,27,36,45,49,7,github:icelam/mark-six-data-visualization
13/064,2013-06-04,9,17,26,36,40,48,2,github:icelam/mark-six-data-visualization
13/065,2013-06-06,10,16,20,28,32,48,30,github:icelam/mark-six-data-visualization
13/066,2013-06-09,15,18,22,24,42,44,28,github:icelam/mark-six-data-visualization
13/067,2013-06-11,1,14,21,35,39,40,5,github:icelam/mark-six-data-visualization
13/068,2013-06-13,3,11,26,32,35,43,1,github:icelam/mark-six-data-visualization
13/069,2013-06-15,9,14,27,29,42,45,44,github:icelam/mark-six-data-visualization
13/070,2013-06-18,9,22,23,31,45,47,39,github:icelam/mark-six-data-visualization
13/071,2013-06-20,11,14,16,29,31,46,30,github:icelam/mark-six-data-visualization
13/072,2013-06-22,23,25,34,40,42,46,39,github:icelam/mark-six-data-visualization
13/073,2013-06-25,17,20,29,35,38,40,22,github:icelam/mark-six-data-visualization
13/074,2013-06-27,16,34,37,42,47,48,17,github:icelam/mark-six-data-visualization
13/075,2013-06-29,1,3,4,26,34,37,14,github:icelam/mark-six-data-visualization
13/076,2013-07-02,7,19,28,33,43,45,13,github:icelam/mark-six-data-visualization
13/077,2013-07-06,6,9,27,29,43,47,17,github:icelam/mark-six-data-visualization
13/078,2013-07-09,1,4,15,38,40,46,49,github:icelam/mark-six-data-visualization
13/079,2013-07-11,14,26,28,38,39,45,8,github:icelam/mark-six-data-visualization
13/080,2013-07-13,7,14,18,23,32,46,42,github:icelam/mark-six-data-visualization
13/081,2013-07-16,3,18,19,20,37,47,25,github:icelam/mark-six-data-visualization
13/082,2013-07-18,14,18,28,32,36,46,44,github:icelam/mark-six-data-visualization
13/083,2013-07-21,3,17,20,26,33,47,34,github:icelam/mark-six-data-visualization
13/084,2013-07-23,6,8,17,22,28,32,20,github:icelam/mark-six-data-visualization
13/085,2013-07-25,20,23,27,32,34,49,30,github:icelam/mark-six-data-visualization
13/086,2013-07-27,1,3,7,22,28,36,21,github:icelam/mark-six-data-visualization
13/087,2013-07-30,8,12,31,33,42,44,49,github:icelam/mark-six-data-visualization
13/088,2013-08-01,6,8,10,19,20,22,42,github:icelam/mark-six-data-visualization
13/089,2013-08-03,5,6,12,23,38,39,48,github:icelam/mark-six-data-visualization
13/090,2013-08-06,4,11,15,19,32,44,42,github:icelam/mark-six-data-visualization
13/091,2013-08-08,13,15,23,25,26,29,9,github:icelam/mark-six-data-visualization
13/092,2013-08-10,3,10,20,30,41,44,31,github:icelam/mark-six-data-visualization
13/093,2013-08-13,1,6,31,41,42,49,44,github:icelam/mark-six-data-visualization
13/094,2013-08-15,10,16,22,26,31,42,23,github:icelam/mark-six-data-visualization
13/095,2013-08-17,9,14,30,31,32,49,1,github:icelam/mark-six-data-visualization
13/096,2013-08-20,13,14,15,31,46,48,36,github:icelam/mark-six-data-visualization
13/097,2013-08-22,1,16,25,33,41,49,46,github:icelam/mark-six-data-visualization
13/098,2013-08-24,3,6,10,14,15,20,33,github:icelam/mark-six-data-visualization
13/099,2013-08-27,9,14,29,30,32,36,20,github:icelam/mark-six-data-visualization
13/100,2013-08-29,24,25,28,35,38,47,16,github:icelam/mark-six-data-visualization
13/101,2013-08-31,3,6,17,18,42,43,36,github:icelam/mark-six-data-visualization
13/102,2013-09-03,21,25,26,33,35,39,17,github:icelam/mark-six-data-visualization
13/103,2013-09-05,1,7,22,28,29,49,37,github:icelam/mark-six-data-visualization
13/104,2013-09-07,7,10,17,18,28,30,6,github:icelam/mark-six-data-visualization
13/105,2013-09-10,8,12,19,39,48,49,17,github:icelam/mark-six-data-visualization
13/106,2013-09-12,1,14,26,28,31,48,36,github:icelam/mark-six-data-visualization
13/107,2013-09-14,6,21,29,39,40,47,33,github:icelam/mark-six-data-visualization
13/108,2013-09-16,17,22,31,39,45,47,49,github:icelam/mark-six-data-visualization
13/109,2013-09-19,3,15,18,26,45,49,41,github:icelam/mark-six-data-visualization
13/110,2013-09-21,22,25,35,36,39,47,31,github:icelam/mark-six-data-visualization
13/111,2013-09-24,13,25,26,29,30,39,19,github:icelam/mark-six-data-visualization
13/112,2013-09-26,3,6,7,9,11,28,34,github:icelam/mark-six-data-visualization
13/113,2013-09-28,33,39,40,43,48,49,34,github:icelam/mark-six-data-visualization
13/114,2013-09-30,1,11,29,40,43,44,4,github:icelam/mark-six-data-visualization
13/115,2013-10-03,14,17,26,32,35,41,15,github:icelam/mark-six-data-visualization
13/116,2013-10-05,4,6,9,29,31,36,20,github:icelam/mark-six-data-visualization
13/117,2013-10-08,1,3,6,7,15,27,30,github:icelam/mark-six-data-visualization
13/118,2013-10-10,8,9,11,16,17,38,20,github:icelam/mark-six-data-visualization
13/119,2013-10-13,24,28,35,37,42,48,38,github:icelam/mark-six-data-visualization
13/120,2013-10-15,4,20,27,33,41,46,12,github:icelam/mark-six-data-visualization
13/121,2013-10-17,1,11,24,35,44,45,49,github:icelam/mark-six-data-visualization
13/122,2013-10-19,1,10,31,41,44,47,18,github:icelam/mark-six-data-visualization
13/123,2013-10-22,5,9,34,36,41,49,26,github:icelam/mark-six-data-visualization
13/124,2013-10-24,9,10,22,24,43,44,30,github:icelam/mark-six-data-visualization
13/125,2013-10-26,6,15,30,38,47,48,40,github:icelam/mark-six-data-visualization
13/126,2013-10-29,1,20,22,25,34,47,17,github:icelam/mark-six-data-visualization
13/127,2013-10-31,2,9,29,43,46,47,21,github:icelam/mark-six-data-visualization
13/128,2013-11-02,8,18,19,29,31,34,36,github:icelam/mark-six-data-visualization
13/129,2013-11-05,4,22,25,37,38,42,20,github:icelam/mark-six-data-visualization
13/130,2013-11-07,4,9,14,26,30,42,21,github:icelam/mark-six-data-visualization
13/131,2013-11-10,13,31,32,35,39,42,16,github:icelam/mark-six-data-visualization
13/132,2013-11-12,18,19,21,28,47,49,46,github:icelam/mark-six-data-visualization
13/133,2013-11-14,3,8,10,25,29,34,32,github:icelam/mark-six-data-visualization
13/134,2013-11-16,1,8,17,32,39,43,48,github:icelam/mark-six-data-visualization
13/135,2013-11-19,12,27,35,44,47,49,36,github:icelam/mark-six-data-visualization
13/136,2013-11-21,3,6,8,23,25,49,4,github:icelam/mark-six-data-visualization
13/137,2013-11-23,3,18,20,21,30,41,13,github:icelam/mark-six-data-visualization
13/138,2013-11-26,9,10,12,31,34,44,18,github:icelam/mark-six-data-visualization
13/139,2013-11-28,3,6,21,33,34,43,9,github:icelam/mark-six-data-visualization
13/140,2013-11-30,2,15,19,34,42,45,14,github:icelam/mark-six-data-visualization
13/141,2013-12-03,1,17,24,29,39,40,21,github:icelam/mark-six-data-visualization
13/142,2013-12-05,1,16,17,19,26,46,29,github:icelam/mark-six-data-visualization
13/143,2013-12-07,5,18,24,26,41,44,20,github:icelam/mark-six-data-visualization
13/144,2013-12-10,1,8,17,30,36,46,16,github:icelam/mark-six-data-visualization
13/145,2013-12-12,10,19,24,28,31,34,27,github:icelam/mark-six-data-visualization
13/146,2013-12-14,6,14,15,38,46,49,29,github:icelam/mark-six-data-visualization
13/147,2013-12-17,1,8,15,19,20,33,47,github:icelam/mark-six-data-visualization
13/148,2013-12-19,4,14,31,39,43,47,27,github:icelam/mark-six-data-visualization
13/149,2013-12-22,12,13,18,41,43,49,39,github:icelam/mark-six-data-visualization
13/150,2013-12-25,4,21,25,45,47,49,6,github:icelam/mark-six-data-visualization
13/151,2013-12-28,4,9,20,32,42,43,5,github:icelam/mark-six-data-visualization
13/152,2013-12-31,7,9,12,40,42,44,14,github:icelam/mark-six-data-visualization
14/001,2014-01-02,1,36,38,43,46,49,21,github:icelam/mark-six-data-visualization
14/002,2014-01-04,6,16,31,32,44,49,43,github:icelam/mark-six-data-visualization
14/003,2014-01-07,9,16,30,31,38,41,46,github:icelam/mark-six-data-visualization
14/004,2014-01-09,4,15,16,28,39,45,25,github:icelam/mark-six-data-visualization
14/005,2014-01-12,3,16,36,39,42,44,17,github:icelam/mark-six-data-visualization
14/006,2014-01-14,9,11,27,31,33,34,21,github:icelam/mark-six-data-visualization
14/007,2014-01-16,9,15,16,17,18,37,33,github:icelam/mark-six-data-visualization
14/008,2014-01-18,3,17,18,26,28,44,38,github:icelam/mark-six-data-visualization
14/009,2014-01-21,8,20,23,34,37,49,44,github:icelam/mark-six-data-visualization
14/010,2014-01-23,4,5,18,21,27,31,7,github:icelam/mark-six-data-visualization
14/011,2014-01-25,5,20,37,38,43,48,6,github:icelam/mark-six-data-visualization
14/012,2014-01-28,4,20,27,30,31,37,18,github:icelam/mark-six-data-visualization
14/013,2014-01-30,2,3,4,16,26,36,45,github:icelam/mark-six-data-visualization
14/014,2014-02-04,11,13,15,39,48,49,37,github:icelam/mark-six-data-visualization
14/015,2014-02-06,26,27,32,33,37,45,39,github:icelam/mark-six-data-visualization
14/016,2014-02-09,20,21,35,37,47,48,14,github:icelam/mark-six-data-visualization
14/017,2014-02-11,7,10,24,25,27,29,19,github:icelam/mark-six-data-visualization
14/018,2014-02-13,19,23,25,40,46,49,30,github:icelam/mark-six-data-visualization
14/019,2014-02-15,2,14,30,32,36,45,11,github:icelam/mark-six-data-visualization
14/020,2014-02-18,15,21,23,25,34,45,35,github:icelam/mark-six-data-visualization
14/021,2014-02-20,3,5,24,26,31,40,45,github:icelam/mark-six-data-visualization
14/022,2014-02-22,2,23,24,29,33,35,14,github:icelam/mark-six-data-visualization
14/023,2014-02-25,8,26,39,40,41,43,5,github:icelam/mark-six-data-visualization
14/024,2014-02-27,5,9,15,24,28,35,44,github:icelam/mark-six-data-visualization
14/025,2014-03-02,11,16,19,21,38,46,34,github:icelam/mark-six-data-visualization
14/026,2014-03-04,3,13,16,19,27,33,22,github:icelam/mark-six-data-visualization
14/027,2014-03-06,6,10,20,27,39,46,38,github:icelam/mark-six-data-visualization
14/028,2014-03-08,2,3,16,17,24,32,40,github:icelam/mark-six-data-visualization
14/029,2014-03-11,4,6,15,28,30,33,27,github:icelam/mark-six-data-visualization
14/030,2014-03-13,7,10,17,19,20,22,30,github:icelam/mark-six-data-visualization
14/031,2014-03-15,2,15,21,24,29,46,27,github:icelam/mark-six-data-visualization
14/032,2014-03-18,2,17,23,35,42,48,27,github:icelam/mark-six-data-visualization
14/033,2014-03-20,1,9,18,25,37,48,14,github:icelam/mark-six-data-visualization
14/034,2014-03-22,11,20,21,26,34,49,4,github:icelam/mark-six-data-visualization
14/035,2014-03-25,22,28,35,36,44,45,6,github:icelam/mark-six-data-visualization
14/036,2014-03-27,7,23,35,42,45,49,36,github:icelam/mark-six-data-visualization
14/037,2014-03-29,2,10,12,18,24,33,11,github:icelam/mark-six-data-visualization
14/038,2014-04-01,22,33,36,43,48,49,25,github:icelam/mark-six-data-visualization
14/039,2014-04-03,4,9,25,26,27,28,3,github:icelam/mark-six-data-visualization
14/040,2014-04-05,10,19,38,39,44,45,31,github:icelam/mark-six-data-visualization
14/041,2014-04-08,11,24,31,45,46,47,6,github:icelam/mark-six-data-visualization
14/042,2014-04-10,4,18,21,31,42,49,25,github:icelam/mark-six-data-visualization
14/043,2014-04-12,6,18,20,28,43,45,13,github:icelam/mark-six-data-visualization
14/044,2014-04-15,6,14,16,28,41,45,27,github:icelam/mark-six-data-visualization
14/045,2014-04-17,12,14,17,23,24,45,42,github:icelam/mark-six-data-visualization
14/046,2014-04-19,20,21,32,35,46,47,3,github:icelam/mark-six-data-visualization
14/047,2014-04-22,1,3,12,29,36,41,14,github:icelam/mark-six-data-visualization
14/048,2014-04-24,1,17,28,32,39,40,16,github:icelam/mark-six-data-visualization
14/049,2014-04-26,9,12,22,27,36,47,46,github:icelam/mark-six-data-visualization
14/050,2014-04-29,2,8,15,26,37,45,14,github:icelam/mark-six-data-visualization
14/051,2014-05-01,1,14,28,29,37,43,30,github:icelam/mark-six-data-visualization
14/052,2014-05-03,2,6,13,16,30,36,25,github:icelam/mark-six-data-visualization
14/053,2014-05-06,10,23,33,36,39,44,30,github:icelam/mark-six-data-visualization
14/054,2014-05-08,2,10,12,30,37,39,48,github:icelam/mark-six-data-visualization
14/055,2014-05-11,11,16,26,38,45,49,5,github:icelam/mark-six-data-visualization
14/056,2014-05-13,9,20,22,32,35,41,8,github:icelam/mark-six-data-visualization
14/057,2014-05-15,9,12,16,24,34,35,7,github:icelam/mark-six-data-visualization
14/058,2014-05-18,9,12,21,27,37,45,7,github:icelam/mark-six-data-visualization
14/059,2014-05-20,10,16,33,34,44,47,6,github:icelam/mark-six-data-visualization
14/060,2014-05-22,9,17,28,31,35,37,19,github:icelam/mark-six-data-visualization
14/061,2014-05-24,2,4,14,30,39,41,49,github:icelam/mark-six-data-visualization
14/062,2014-05-27,3,10,16,30,34,44,1,github:icelam/mark-six-data-visualization
14/063,2014-05-29,4,14,19,24,26,48,35,github:icelam/mark-six-data-visualization
14/064,2014-05-31,2,10,28,32,37,47,31,github:icelam/mark-six-data-visualization
14/065,2014-06-02,3,13,19,20,36,39,15,github:icelam/mark-six-data-visualization
14/066,2014-06-04,10,11,25,33,40,46,6,github:icelam/mark-six-data-visualization
14/067,2014-06-07,4,8,13,19,44,48,27,github:icelam/mark-six-data-visualization
14/068,2014-06-10,1,30,32,35,37,44,40,github:icelam/mark-six-data-visualization
14/069,2014-06-12,3,18,21,41,44,45,15,github:icelam/mark-six-data-visualization
14/070,2014-06-17,3,4,15,16,23,45,21,github:icelam/mark-six-data-visualization
14/071,2014-06-19,3,17,24,30,31,44,7,github:icelam/mark-six-data-visualization
14/072,2014-06-21,2,17,37,40,45,49,48,github:icelam/mark-six-data-visualization
14/073,2014-06-24,18,24,25,30,31,35,36,github:icelam/mark-six-data-visualization
14/074,2014-06-26,2,20,40,42,47,48,28,github:icelam/mark-six-data-visualization
14/075,2014-06-29,15,23,26,38,46,47,21,github:icelam/mark-six-data-visualization
14/076,2014-07-03,14,17,34,37,43,48,20,github:icelam/mark-six-data-visualization
14/077,2014-07-05,10,14,32,36,37,38,47,github:icelam/mark-six-data-visualization
14/078,2014-07-08,4,16,22,27,38,39,36,github:icelam/mark-six-data-visualization
14/079,2014-07-10,1,2,9,17,22,25,8,github:icelam/mark-six-data-visualization
14/080,2014-07-12,3,11,13,23,40,49,43,github:icelam/mark-six-data-visualization
14/081,2014-07-15,2,5,9,32,41,42,44,github:icelam/mark-six-data-visualization
14/082,2014-07-17,1,20,28,30,42,43,10,github:icelam/mark-six-data-visualization
14/083,2014-07-19,1,9,30,40,41,48,49,github:icelam/mark-six-data-visualization
14/084,2014-07-22,1,3,14,16,24,41,13,github:icelam/mark-six-data-visualization
14/085,2014-07-24,4,5,21,31,36,38,14,github:icelam/mark-six-data-visualization
14/086,2014-07-26,1,4,15,17,36,42,40,github:icelam/mark-six-data-visualization
14/087,2014-07-29,11,13,15,31,37,47,19,github:icelam/mark-six-data-visualization
14/088,2014-07-31,12,22,27,35,44,48,38,github:icelam/mark-six-data-visualization
14/089,2014-08-02,3,22,23,26,42,48,28,github:icelam/mark-six-data-visualization
14/090,2014-08-05,5,7,8,18,24,29,14,github:icelam/mark-six-data-visualization
14/091,2014-08-07,5,14,31,32,36,46,11,github:icelam/mark-six-data-visualization
14/092,2014-08-09,1,9,15,31,33,41,37,github:icelam/mark-six-data-visualization
14/093,2014-08-12,7,9,27,31,36,39,32,github:icelam/mark-six-data-visualization
14/094,2014-08-14,4,8,14,23,48,49,11,github:icelam/mark-six-data-visualization
14/095,2014-08-16,23,26,27,37,42,46,15,github:icelam/mark-six-data-visualization
14/096,2014-08-19,2,5,27,32,42,46,16,github:icelam/mark-six-data-visualization
14/097,2014-08-21,10,14,26,29,30,31,18,github:icelam/mark-six-data-visualization
14/098,2014-08-23,4,12,14,24,32,38,13,github:icelam/mark-six-data-visualization
14/099,2014-08-26,25,29,32,33,37,44,47,github:icelam/mark-six-data-visualization
14/100,2014-08-28,11,17,24,27,31,38,49,github:icelam/mark-six-data-visualization
14/101,2014-08-30,15,18,24,27,39,49,6,github:icelam/mark-six-data-visualization
14/102,2014-09-02,26,28,37,43,45,47,25,github:icelam/mark-six-data-visualization
14/103,2014-09-04,11,14,34,36,43,46,1,github:icelam/mark-six-data-visualization
14/104,2014-09-09,7,25,27,36,39,42,31,github:icelam/mark-six-data-visualization
14/105,2014-09-13,3,12,40,43,48,49,32,github:icelam/mark-six-data-visualization
14/106,2014-09-16,4,15,17,22,34,43,35,github:icelam/mark-six-data-visualization
14/107,2014-09-18,6,16,20,25,27,45,29,github:icelam/mark-six-data-visualization
14/108,2014-09-20,3,16,32,38,40,48,27,github:icelam/mark-six-data-visualization
14/109,2014-09-23,12,13,20,28,41,43,23,github:icelam/mark-six-data-visualization
14/110,2014-09-25,3,19,42,44,48,49,38,github:icelam/mark-six-data-visualization
14/111,2014-09-28,6,10,12,26,28,35,24,github:icelam/mark-six-data-visualization
14/112,2014-09-30,10,16,20,39,45,46,47,github:icelam/mark-six-data-visualization
14/113,2014-10-02,4,10,24,29,33,35,7,github:icelam/mark-six-data-visualization
14/114,2014-10-04,5,14,22,24,27,45,8,github:icelam/mark-six-data-visualization
14/115,2014-10-07,12,13,26,33,42,49,48,github:icelam/mark-six-data-visualization
14/116,2014-10-09,2,12,14,23,40,46,39,github:icelam/mark-six-data-visualization
14/117,2014-10-11,26,29,34,35,37,47,8,github:icelam/mark-six-data-visualization
14/118,2014-10-14,1,5,8,17,20,37,33,github:icelam/mark-six-data-visualization
14/119,2014-10-16,4,9,34,39,48,49,18,github:icelam/mark-six-data-visualization
14/120,2014-10-18,12,19,22,36,40,47,25,github:icelam/mark-six-data-visualization
14/121,2014-10-21,6,9,17,18,29,34,42,github:icelam/mark-six-data-visualization
14/122,2014-10-23,11,14,28,29,37,41,19,github:icelam/mark-six-data-visualization
14/123,2014-10-25,1,13,39,40,41,43,18,github:icelam/mark-six-data-visualization
14/124,2014-10-28,16,26,30,37,43,47,31,github:icelam/mark-six-data-visualization
14/125,2014-10-30,3,19,29,36,47,49,33,github:icelam/mark-six-data-visualization
14/126,2014-11-01,9,10,11,20,26,44,31,github:icelam/mark-six-data-visualization
14/127,2014-11-04,16,23,29,30,37,38,33,github:icelam/mark-six-data-visualization
14/128,2014-11-06,4,10,12,14,29,48,3,github:icelam/mark-six-data-visualization
14/129,2014-11-08,7,8,15,32,34,39,43,github:icelam/mark-six-data-visualization
14/130,2014-11-11,3,5,9,19,48,49,26,github:icelam/mark-six-data-visualization
14/131,2014-11-13,21,36,41,42,46,49,6,github:icelam/mark-six-data-visualization
14/132,2014-11-16,7,15,32,33,34,43,10,github:icelam/mark-six-data-visualization
14/133,2014-11-18,2,6,17,24,37,49,46,github:icelam/mark-six-data-visualization
14/134,2014-11-20,8,16,19,33,35,46,12,github:icelam/mark-six-data-visualization
14/135,2014-11-22,2,12,17,27,32,33,44,github:icelam/mark-six-data-visualization
14/136,2014-11-25,6,35,41,42,44,47,19,github:icelam/mark-six-data-visualization
14/137,2014-11-27,2,20,22,30,40,45,44,github:icelam/mark-six-data-visualization
14/138,2014-11-29,7,26,29,32,33,37,31,github:icelam/mark-six-data-visualization
14/139,2014-12-02,1,4,13,27,47,49,33,github:icelam/mark-six-data-visualization
14/140,2014-12-04,1,8,20,27,33,36,35,github:icelam/mark-six-data-visualization
14/141,2014-12-06,17,18,21,25,40,48,16,github:icelam/mark-six-data-visualization
14/142,2014-12-09,3,4,13,29,31,41,46,github:icelam/mark-six-data-visualization
14/143,2014-12-11,1,7,13,32,35,39,31,github:icelam/mark-six-data-visualization
14/144,2014-12-13,12,14,17,20,40,48,19,github:icelam/mark-six-data-visualization
14/145,2014-12-16,1,7,14,31,34,42,16,github:icelam/mark-six-data-visualization
14/146,2014-12-18,6,8,10,21,25,29,33,github:icelam/mark-six-data-visualization
14/147,2014-12-21,2,25,30,36,37,43,22,github:icelam/mark-six-data-visualization
14/148,2014-12-23,1,4,12,14,35,47,33,github:icelam/mark-six-data-visualization
14/149,2014-12-25,12,19,24,43,46,47,30,github:icelam/mark-six-data-visualization
14/150,2014-12-27,14,15,28,31,32,48,40,github:icelam/mark-six-data-visualization
14/151,2014-12-29,1,25,30,33,39,40,7,github:icelam/mark-six-data-visualization
14/152,2014-12-31,10,19,25,32,33,37,27,github:icelam/mark-six-data-visualization
15/001,2015-01-03,8,15,31,35,42,44,39,github:icelam/mark-six-data-visualization
15/002,2015-01-06,3,14,16,18,38,49,29,github:icelam/mark-six-data-visualization
15/003,2015-01-08,8,18,19,28,37,44,13,github:icelam/mark-six-data-visualization
15/004,2015-01-11,10,21,24,33,40,47,5,github:icelam/mark-six-data-visualization
15/005,2015-01-13,16,21,27,37,40,43,14,github:icelam/mark-six-data-visualization
15/006,2015-01-15,1,2,14,37,43,49,24,github:icelam/mark-six-data-visualization
15/007,2015-01-17,14,15,16,25,27,30,11,github:icelam/mark-six-data-visualization
15/008,2015-01-20,5,7,9,13,15,29,47,github:icelam/mark-six-data-visualization
15/009,2015-01-22,8,16,21,30,42,46,32,github:icelam/mark-six-data-visualization
15/010,2015-01-24,17,18,20,26,31,32,6,github:icelam/mark-six-data-visualization
15/011,2015-01-27,4,5,10,13,28,35,12,github:icelam/mark-six-data-visualization
15/012,2015-01-29,6,15,25,29,32,46,9,github:icelam/mark-six-data-visualization
15/013,2015-01-31,5,7,14,17,46,47,27,github:icelam/mark-six-data-visualization
15/014,2015-02-03,11,34,36,43,47,49,21,github:icelam/mark-six-data-visualization
15/015,2015-02-05,13,16,17,18,22,45,10,github:icelam/mark-six-data-visualization
15/016,2015-02-08,5,7,17,18,27,48,30,github:icelam/mark-six-data-visualization
15/017,2015-02-10,2,17,23,30,34,41,14,github:icelam/mark-six-data-visualization
15/018,2015-02-12,7,9,10,14,22,31,35,github:icelam/mark-six-data-visualization
15/019,2015-02-14,2,10,12,21,25,35,26,github:icelam/mark-six-data-visualization
15/020,2015-02-17,14,22,28,33,44,46,25,github:icelam/mark-six-data-visualization
15/021,2015-02-22,15,20,28,29,42,46,35,github:icelam/mark-six-data-visualization
15/022,2015-02-24,17,18,28,32,33,48,37,github:icelam/mark-six-data-visualization
15/023,2015-02-26,10,12,20,22,25,33,27,github:icelam/mark-six-data-visualization
15/024,2015-02-28,6,9,23,25,41,43,38,github:icelam/mark-six-data-visualization
15/025,2015-03-03,13,17,25,27,46,49,19,github:icelam/mark-six-data-visualization
15/026,2015-03-05,2,6,10,20,38,40,46,github:icelam/mark-six-data-visualization
15/027,2015-03-07,6,8,12,16,32,49,37,github:icelam/mark-six-data-visualization
15/028,2015-03-10,1,18,22,27,45,48,25,github:icelam/mark-six-data-visualization
15/029,2015-03-12,14,17,23,24,25,37,34,github:icelam/mark-six-data-visualization
15/030,2015-03-14,4,21,25,29,32,37,27,github:icelam/mark-six-data-visualization
15/031,2015-03-17,1,5,11,23,34,47,14,github:icelam/mark-six-data-visualization
15/032,2015-03-19,12,15,17,30,31,43,46,github:icelam/mark-six-data-visualization
15/033,2015-03-22,7,26,30,33,34,38,5,github:icelam/mark-six-data-visualization
15/034,2015-03-24,2,5,13,37,42,44,27,github:icelam/mark-six-data-visualization
15/035,2015-03-26,2,6,9,16,39,49,29,github:icelam/mark-six-data-visualization
15/036,2015-03-28,6,11,16,29,30,37,34,github:icelam/mark-six-data-visualization
15/037,2015-03-31,2,5,10,27,36,46,7,github:icelam/mark-six-data-visualization
15/038,2015-04-02,4,12,20,37,42,47,35,github:icelam/mark-six-data-visualization
15/039,2015-04-04,9,12,26,29,44,45,19,github:icelam/mark-six-data-visualization
15/040,2015-04-06,21,24,26,42,43,46,4,github:icelam/mark-six-data-visualization
15/041,2015-04-09,10,11,31,34,37,38,14,github:icelam/mark-six-data-visualization
15/042,2015-04-11,6,17,18,19,20,42,25,github:icelam/mark-six-data-visualization
15/043,2015-04-14,30,31,35,40,42,48,6,github:icelam/mark-six-data-visualization
15/044,2015-04-16,1,3,5,20,35,39,28,github:icelam/mark-six-data-visualization
15/045,2015-04-18,12,17,29,31,41,47,38,github:icelam/mark-six-data-visualization
15/046,2015-04-21,3,13,20,24,43,48,49,github:icelam/mark-six-data-visualization
15/047,2015-04-23,3,4,7,8,26,36,31,github:icelam/mark-six-data-visualization
15/048,2015-04-25,12,19,21,24,36,49,23,github:icelam/mark-six-data-visualization
15/049,2015-04-28,1,8,28,31,36,45,9,github:icelam/mark-six-data-visualization
15/050,2015-04-30,6,8,30,34,36,42,12,github:icelam/mark-six-data-visualization
15/051,2015-05-02,7,10,12,16,26,49,40,github:icelam/mark-six-data-visualization
15/052,2015-05-05,11,13,41,42,43,49,29,github:icelam/mark-six-data-visualization
15/053,2015-05-07,3,7,14,21,25,29,6,github:icelam/mark-six-data-visualization
15/054,2015-05-10,2,13,15,38,39,44,8,github:icelam/mark-six-data-visualization
15/055,2015-05-12,3,7,15,25,26,47,10,github:icelam/mark-six-data-visualization
15/056,2015-05-14,5,17,22,34,38,48,2,github:icelam/mark-six-data-visualization
15/057,2015-05-17,21,32,36,37,44,46,47,github:icelam/mark-six-data-visualization
15/058,2015-05-19,21,27,28,33,37,48,13,github:icelam/mark-six-data-visualization
15/059,2015-05-21,16,18,19,36,42,47,46,github:icelam/mark-six-data-visualization
15/060,2015-05-23,5,10,13,43,44,45,7,github:icelam/mark-six-data-visualization
15/061,2015-05-26,7,10,15,37,42,45,41,github:icelam/mark-six-data-visualization
15/062,2015-05-28,2,7,20,23,44,47,30,github:icelam/mark-six-data-visualization
15/063,2015-05-30,9,16,28,36,42,45,2,github:icelam/mark-six-data-visualization
15/064,2015-06-02,11,12,15,21,38,42,25,github:icelam/mark-six-data-visualization
15/065,2015-06-04,18,24,28,31,39,49,44,github:icelam/mark-six-data-visualization
15/066,2015-06-06,9,11,14,22,27,49,44,github:icelam/mark-six-data-visualization
15/067,2015-06-09,7,12,16,17,20,25,31,github:icelam/mark-six-data-visualization
15/068,2015-06-11,10,13,35,38,42,44,27,github:icelam/mark-six-data-visualization
15/069,2015-06-13,10,12,24,25,26,33,23,github:icelam/mark-six-data-visualization
15/070,2015-06-16,13,16,24,26,40,44,42,github:icelam/mark-six-data-visualization
15/071,2015-06-18,4,11,12,24,35,46,3,github:icelam/mark-six-data-visualization
15/072,2015-06-20,12,16,31,34,42,48,37,github:icelam/mark-six-data-visualization
15/073,2015-06-23,3,10,26,33,42,46,44,github:icelam/mark-six-data-visualization
15/074,2015-06-25,1,5,26,28,40,49,15,github:icelam/mark-six-data-visualization
15/075,2015-06-28,8,9,18,33,41,43,15,github:icelam/mark-six-data-visualization
15/076,2015-06-30,12,14,21,27,38,43,15,github:icelam/mark-six-data-visualization
15/077,2015-07-02,4,11,23,32,44,48,49,github:icelam/mark-six-data-visualization
15/078,2015-07-04,9,24,32,34,43,47,35,github:icelam/mark-six-data-visualization
15/079,2015-07-07,9,19,28,29,38,40,33,github:icelam/mark-six-data-visualization
15/080,2015-07-11,2,5,17,22,27,28,37,github:icelam/mark-six-data-visualization
15/081,2015-07-14,7,8,10,13,20,38,5,github:icelam/mark-six-data-visualization
15/082,2015-07-16,16,18,22,23,35,38,25,github:icelam/mark-six-data-visualization
15/083,2015-07-18,13,20,23,24,46,47,39,github:icelam/mark-six-data-visualization
15/084,2015-07-21,4,14,15,19,41,42,10,github:icelam/mark-six-data-visualization
15/085,2015-07-23,10,33,40,43,45,49,38,github:icelam/mark-six-data-visualization
15/086,2015-07-26,4,11,15,26,28,30,13,github:icelam/mark-six-data-visualization
15/087,2015-07-28,12,25,32,33,34,35,45,github:icelam/mark-six-data-visualization
15/088,2015-07-30,4,5,11,17,24,48,46,github:icelam/mark-six-data-visualization
15/089,2015-08-01,14,20,28,31,32,47,18,github:icelam/mark-six-data-visualization
15/090,2015-08-04,5,9,13,15,21,23,12,github:icelam/mark-six-data-visualization
15/091,2015-08-06,22,23,35,40,41,42,16,github:icelam/mark-six-data-visualization
15/092,2015-08-08,10,12,19,25,42,46,37,github:icelam/mark-six-data-visualization
15/093,2015-08-11,22,26,27,28,36,47,12,github:icelam/mark-six-data-visualization
15/094,2015-08-13,1,4,8,21,22,24,46,github:icelam/mark-six-data-visualization
15/095,2015-08-15,2,6,13,25,30,33,20,github:icelam/mark-six-data-visualization
15/096,2015-08-18,7,17,34,41,43,49,1,github:icelam/mark-six-data-visualization
15/097,2015-08-20,4,5,18,23,32,44,6,github:icelam/mark-six-data-visualization
15/098,2015-08-22,2,26,31,32,36,37,12,github:icelam/mark-six-data-visualization
15/099,2015-08-25,3,15,16,39,41,42,36,github:icelam/mark-six-data-visualization
15/100,2015-08-27,9,13,29,30,39,45,48,github:icelam/mark-six-data-visualization
15/101,2015-08-29,9,22,28,32,37,39,47,github:icelam/mark-six-data-visualization
15/102,2015-09-01,5,6,8,10,31,36,17,github:icelam/mark-six-data-visualization
15/103,2015-09-03,12,16,34,36,42,45,41,github:icelam/mark-six-data-visualization
15/104,2015-09-05,15,16,20,26,36,40,46,github:icelam/mark-six-data-visualization
15/105,2015-09-08,1,4,13,22,32,41,26,github:icelam/mark-six-data-visualization
15/106,2015-09-10,1,11,13,23,35,36,34,github:icelam/mark-six-data-visualization
15/107,2015-09-12,5,13,21,25,38,40,17,github:icelam/mark-six-data-visualization
15/108,2015-09-15,3,5,17,22,25,27,46,github:icelam/mark-six-data-visualization
15/109,2015-09-17,1,4,9,17,35,41,37,github:icelam/mark-six-data-visualization
15/110,2015-09-22,2,11,12,25,36,43,10,github:icelam/mark-six-data-visualization
15/111,2015-09-24,4,10,15,16,24,28,49,github:icelam/mark-six-data-visualization
15/112,2015-09-26,6,15,16,18,37,43,2,github:icelam/mark-six-data-visualization
15/113,2015-09-30,9,10,23,28,37,46,34,github:icelam/mark-six-data-visualization
15/114,2015-10-03,8,10,16,30,39,40,6,github:icelam/mark-six-data-visualization
15/115,2015-10-06,2,7,9,22,32,46,26,github:icelam/mark-six-data-visualization
15/116,2015-10-08,8,17,28,34,39,40,14,github:icelam/mark-six-data-visualization
15/117,2015-10-11,4,21,22,35,36,46,40,github:icelam/mark-six-data-visualization
15/118,2015-10-13,1,4,22,30,33,34,26,github:icelam/mark-six-data-visualization
15/119,2015-10-15,17,18,26,30,33,34,29,github:icelam/mark-six-data-visualization
15/120,2015-10-17,2,12,19,33,34,48,24,github:icelam/mark-six-data-visualization
15/121,2015-10-19,7,11,15,38,39,46,25,github:icelam/mark-six-data-visualization
15/122,2015-10-21,1,14,16,25,40,48,17,github:icelam/mark-six-data-visualization
15/123,2015-10-24,18,27,28,34,35,45,2,github:icelam/mark-six-data-visualization
15/124,2015-10-27,20,22,31,33,39,44,10,github:icelam/mark-six-data-visualization
15/125,2015-10-29,4,5,6,22,31,46,47,github:icelam/mark-six-data-visualization
15/126,2015-10-31,4,10,28,37,42,48,8,github:icelam/mark-six-data-visualization
15/127,2015-11-03,7,12,13,25,34,38,15,github:icelam/mark-six-data-visualization
15/128,2015-11-05,5,10,11,25,27,44,7,github:icelam/mark-six-data-visualization
15/129,2015-11-07,6,16,27,34,44,48,1,github:icelam/mark-six-data-visualization
15/130,2015-11-10,4,14,28,42,43,47,3,github:icelam/mark-six-data-visualization
15/131,2015-11-12,10,20,24,28,33,45,19,github:icelam/mark-six-data-visualization
15/132,2015-11-15,13,15,24,28,41,45,20,github:icelam/mark-six-data-visualization
15/133,2015-11-17,12,13,31,33,35,47,21,github:icelam/mark-six-data-visualization
15/134,2015-11-19,13,15,25,40,41,48,19,github:icelam/mark-six-data-visualization
15/135,2015-11-22,9,20,30,33,38,39,37,github:icelam/mark-six-data-visualization
15/136,2015-11-24,17,21,22,36,41,44,38,github:icelam/mark-six-data-visualization
15/137,2015-11-26,10,17,25,26,39,44,7,github:icelam/mark-six-data-visualization
15/138,2015-11-28,15,21,24,25,28,31,48,github:icelam/mark-six-data-visualization
15/139,2015-12-01,8,9,10,22,33,40,28,github:icelam/mark-six-data-visualization
15/140,2015-12-03,4,11,14,41,42,44,10,github:icelam/mark-six-data-visualization
15/141,2015-12-05,6,16,19,34,35,46,9,github:icelam/mark-six-data-visualization
15/142,2015-12-08,9,10,25,40,48,49,32,github:icelam/mark-six-data-visualization
15/143,2015-12-10,9,24,29,32,34,47,42,github:icelam/mark-six-data-visualization
15/144,2015-12-12,16,18,27,35,42,44,33,github:icelam/mark-six-data-visualization
15/145,2015-12-15,18,22,40,41,48,49,42,github:icelam/mark-six-data-visualization
15/146,2015-12-17,18,20,24,36,44,45,39,github:icelam/mark-six-data-visualization
15/147,2015-12-20,6,11,16,20,43,45,21,github:icelam/mark-six-data-visualization
15/148,2015-12-22,11,28,36,38,44,48,26,github:icelam/mark-six-data-visualization
15/149,2015-12-24,12,18,20,28,33,47,25,github:icelam/mark-six-data-visualization
15/150,2015-12-26,1,8,33,37,42,47,7,github:icelam/mark-six-data-visualization
15/151,2015-12-29,3,5,20,30,33,38,28,github:icelam/mark-six-data-visualization
15/152,2015-12-31,2,11,12,22,24,25,3,github:icelam/mark-six-data-visualization
16/001,2016-01-02,6,8,11,32,34,41,47,github:icelam/mark-six-data-visualization
16/002,2016-01-05,2,5,7,18,30,45,11,github:icelam/mark-six-data-visualization
16/003,2016-01-07,6,9,11,29,43,47,8,github:icelam/mark-six-data-visualization
16/004,2016-01-10,4,8,15,18,30,45,38,github:icelam/mark-six-data-visualization
16/005,2016-01-12,8,13,15,35,44,45,47,github:icelam/mark-six-data-visualization
16/006,2016-01-14,1,2,10,23,32,49,26,github:icelam/mark-six-data-visualization
16/007,2016-01-16,1,2,6,37,40,43,24,github:icelam/mark-six-data-visualization
16/008,2016-01-19,8,18,20,25,30,39,13,github:icelam/mark-six-data-visualization
16/009,2016-01-21,2,12,33,40,45,47,9,github:icelam/mark-six-data-visualization
16/010,2016-01-23,7,8,12,14,23,32,5,github:icelam/mark-six-data-visualization
16/011,2016-01-26,5,9,22,26,27,40,13,github:icelam/mark-six-data-visualization
16/012,2016-01-28,8,20,30,34,42,48,36,github:icelam/mark-six-data-visualization
16/013,2016-01-30,1,5,29,32,39,44,4,github:icelam/mark-six-data-visualization
16/014,2016-02-02,18,28,30,33,34,36,2,github:icelam/mark-six-data-visualization
16/015,2016-02-04,7,13,15,35,38,45,32,github:icelam/mark-six-data-visualization
16/016,2016-02-07,11,13,15,19,21,29,41,github:icelam/mark-six-data-visualization
16/017,2016-02-11,3,4,17,30,35,47,10,github:icelam/mark-six-data-visualization
16/018,2016-02-13,8,14,24,29,36,43,31,github:icelam/mark-six-data-visualization
16/019,2016-02-16,18,21,22,34,42,43,24,github:icelam/mark-six-data-visualization
16/020,2016-02-18,13,20,38,39,41,45,46,github:icelam/mark-six-data-visualization
16/021,2016-02-20,12,20,39,44,47,49,45,github:icelam/mark-six-data-visualization
16/022,2016-02-23,9,15,24,27,44,45,47,github:icelam/mark-six-data-visualization
16/023,2016-02-25,3,6,22,24,45,47,7,github:icelam/mark-six-data-visualization
16/024,2016-02-27,6,9,11,20,27,44,42,github:icelam/mark-six-data-visualization
16/025,2016-03-01,11,16,19,21,30,33,31,github:icelam/mark-six-data-visualization
16/026,2016-03-03,1,2,5,7,16,45,33,github:icelam/mark-six-data-visualization
16/027,2016-03-05,17,26,29,32,48,49,40,github:icelam/mark-six-data-visualization
16/028,2016-03-08,3,4,16,30,34,39,14,github:icelam/mark-six-data-visualization
16/029,2016-03-10,9,14,24,30,33,48,43,github:icelam/mark-six-data-visualization
16/030,2016-03-12,3,23,33,36,41,49,2,github:icelam/mark-six-data-visualization
16/031,2016-03-15,1,6,19,26,28,41,39,github:icelam/mark-six-data-visualization
16/032,2016-03-17,3,8,15,16,17,38,35,github:icelam/mark-six-data-visualization
16/033,2016-03-19,23,25,35,39,42,43,14,github:icelam/mark-six-data-visualization
16/034,2016-03-22,5,10,18,24,27,49,39,github:icelam/mark-six-data-visualization
16/035,2016-03-24,16,18,21,25,35,46,13,github:icelam/mark-six-data-visualization
16/036,2016-03-26,17,24,38,44,46,47,27,github:icelam/mark-six-data-visualization
16/037,2016-03-29,9,12,13,22,30,31,28,github:icelam/mark-six-data-visualization
16/038,2016-04-02,4,6,29,34,36,45,47,github:icelam/mark-six-data-visualization
16/039,2016-04-05,4,10,21,30,35,43,7,github:icelam/mark-six-data-visualization
16/040,2016-04-07,8,21,25,32,34,45,31,github:icelam/mark-six-data-visualization
16/041,2016-04-09,3,6,13,38,43,44,31,github:icelam/mark-six-data-visualization
16/042,2016-04-12,21,25,28,33,46,48,10,github:icelam/mark-six-data-visualization
16/043,2016-04-14,14,21,25,27,44,46,3,github:icelam/mark-six-data-visualization
16/044,2016-04-17,16,24,28,35,45,46,38,github:icelam/mark-six-data-visualization
16/045,2016-04-19,5,8,30,34,45,48,3,github:icelam/mark-six-data-visualization
16/046,2016-04-21,3,5,14,15,39,41,21,github:icelam/mark-six-data-visualization
16/047,2016-04-23,2,10,16,35,46,47,49,github:icelam/mark-six-data-visualization
16/048,2016-04-26,1,3,25,27,28,45,12,github:icelam/mark-six-data-visualization
16/049,2016-04-30,11,20,28,29,44,49,40,github:icelam/mark-six-data-visualization
16/050,2016-05-05,6,7,12,15,27,36,29,github:icelam/mark-six-data-visualization
16/051,2016-05-10,20,26,28,32,40,45,43,github:icelam/mark-six-data-visualization
16/052,2016-05-12,4,12,19,20,27,49,21,github:icelam/mark-six-data-visualization
16/053,2016-05-15,2,11,25,28,36,46,42,github:icelam/mark-six-data-visualization
16/054,2016-05-17,1,19,23,24,32,40,35,github:icelam/mark-six-data-visualization
16/055,2016-05-19,2,8,20,24,37,39,18,github:icelam/mark-six-data-visualization
16/056,2016-05-21,6,13,23,25,44,48,11,github:icelam/mark-six-data-visualization
16/057,2016-05-24,14,18,33,34,35,46,42,github:icelam/mark-six-data-visualization
16/058,2016-05-26,9,15,36,38,46,48,22,github:icelam/mark-six-data-visualization
16/059,2016-05-28,21,23,32,33,36,42,20,github:icelam/mark-six-data-visualization
16/060,2016-05-31,21,24,36,38,39,44,49,github:icelam/mark-six-data-visualization
16/061,2016-06-02,3,4,19,24,26,34,38,github:icelam/mark-six-data-visualization
16/062,2016-06-04,8,16,21,32,38,48,11,github:icelam/mark-six-data-visualization
16/063,2016-06-06,2,5,8,12,20,49,47,github:icelam/mark-six-data-visualization
16/064,2016-06-08,4,13,34,36,42,48,19,github:icelam/mark-six-data-visualization
16/065,2016-06-11,10,14,23,29,40,42,11,github:icelam/mark-six-data-visualization
16/066,2016-06-14,13,15,30,36,44,49,37,github:icelam/mark-six-data-visualization
16/067,2016-06-16,19,22,27,29,45,48,4,github:icelam/mark-six-data-visualization
16/068,2016-06-18,4,5,8,12,34,37,24,github:icelam/mark-six-data-visualization
16/069,2016-06-21,9,10,20,21,38,39,49,github:icelam/mark-six-data-visualization
16/070,2016-06-23,6,9,21,35,48,49,29,github:icelam/mark-six-data-visualization
16/071,2016-06-25,10,15,22,38,42,43,18,github:icelam/mark-six-data-visualization
16/072,2016-06-28,7,13,23,30,32,48,36,github:icelam/mark-six-data-visualization
16/073,2016-06-30,2,5,6,7,16,29,35,github:icelam/mark-six-data-visualization
16/074,2016-07-02,2,8,16,32,33,37,5,github:icelam/mark-six-data-visualization
16/075,2016-07-05,1,6,13,17,34,44,38,github:icelam/mark-six-data-visualization
16/076,2016-07-07,13,14,21,31,38,44,22,github:icelam/mark-six-data-visualization
16/077,2016-07-09,7,19,20,28,30,31,29,github:icelam/mark-six-data-visualization
16/078,2016-07-12,12,20,31,32,35,45,18,github:icelam/mark-six-data-visualization
16/079,2016-07-14,16,21,30,36,38,47,48,github:icelam/mark-six-data-visualization
16/080,2016-07-16,1,2,7,16,24,34,36,github:icelam/mark-six-data-visualization
16/081,2016-07-19,7,21,27,33,46,47,4,github:icelam/mark-six-data-visualization
16/082,2016-07-22,10,11,22,41,44,46,35,github:icelam/mark-six-data-visualization
16/083,2016-07-24,11,18,26,31,39,44,24,github:icelam/mark-six-data-visualization
16/084,2016-07-26,3,14,17,21,28,49,12,github:icelam/mark-six-data-visualization
16/085,2016-07-28,12,20,24,35,39,47,15,github:icelam/mark-six-data-visualization
16/086,2016-07-30,9,21,29,33,35,48,28,github:icelam/mark-six-data-visualization
16/087,2016-08-02,7,11,12,19,21,39,49,github:icelam/mark-six-data-visualization
16/088,2016-08-04,10,16,34,41,45,47,7,github:icelam/mark-six-data-visualization
16/089,2016-08-06,2,17,23,32,36,40,3,github:icelam/mark-six-data-visualization
16/090,2016-08-09,5,9,13,22,34,39,40,github:icelam/mark-six-data-visualization
16/091,2016-08-11,10,11,19,23,30,38,13,github:icelam/mark-six-data-visualization
16/092,2016-08-13,3,4,11,23,44,47,24,github:icelam/mark-six-data-visualization
16/093,2016-08-16,5,12,14,20,27,46,26,github:icelam/mark-six-data-visualization
16/094,2016-08-18,3,17,20,22,45,46,30,github:icelam/mark-six-data-visualization
16/095,2016-08-20,2,3,15,28,46,48,33,github:icelam/mark-six-data-visualization
16/096,2016-08-23,14,16,24,25,43,44,3,github:icelam/mark-six-data-visualization
16/097,2016-08-25,4,20,34,35,40,47,3,github:icelam/mark-six-data-visualization
16/098,2016-08-27,3,6,13,24,37,43,30,github:icelam/mark-six-data-visualization
16/099,2016-08-30,14,20,21,31,34,42,25,github:icelam/mark-six-data-visualization
16/100,2016-09-01,8,11,13,30,34,49,2,github:icelam/mark-six-data-visualization
16/101,2016-09-04,8,25,26,28,38,43,22,github:icelam/mark-six-data-visualization
16/102,2016-09-06,11,15,33,41,43,48,27,github:icelam/mark-six-data-visualization
16/103,2016-09-08,3,4,5,26,45,48,14,github:icelam/mark-six-data-visualization
16/104,2016-09-10,7,16,32,37,38,46,22,github:icelam/mark-six-data-visualization
16/105,2016-09-13,1,13,19,21,38,49,23,github:icelam/mark-six-data-visualization
16/106,2016-09-15,24,25,34,35,44,49,30,github:icelam/mark-six-data-visualization
16/107,2016-09-17,3,18,21,25,31,42,26,github:icelam/mark-six-data-visualization
16/108,2016-09-20,4,16,19,27,41,44,25,github:icelam/mark-six-data-visualization
16/109,2016-09-22,5,30,38,43,44,47,14,github:icelam/mark-six-data-visualization
16/110,2016-09-24,1,17,20,34,43,44,42,github:icelam/mark-six-data-visualization
16/111,2016-09-27,12,16,19,23,28,32,27,github:icelam/mark-six-data-visualization
16/112,2016-09-29,14,20,28,33,41,48,40,github:icelam/mark-six-data-visualization
16/113,2016-10-02,7,8,21,22,34,46,6,github:icelam/mark-six-data-visualization
16/114,2016-10-04,2,6,10,28,38,40,30,github:icelam/mark-six-data-visualization
16/115,2016-10-06,5,11,13,19,33,48,34,github:icelam/mark-six-data-visualization
16/116,2016-10-09,12,26,28,36,45,49,9,github:icelam/mark-six-data-visualization
16/117,2016-10-11,16,19,24,28,36,42,13,github:icelam/mark-six-data-visualization
16/118,2016-10-13,2,9,16,27,32,40,46,github:icelam/mark-six-data-visualization
16/119,2016-10-15,7,12,18,27,28,40,10,github:icelam/mark-six-data-visualization
16/120,2016-10-18,8,27,28,30,38,41,12,github:icelam/mark-six-data-visualization
16/121,2016-10-20,2,4,7,15,28,45,19,github:icelam/mark-six-data-visualization
16/122,2016-10-22,3,12,13,20,33,43,35,github:icelam/mark-six-data-visualization
16/123,2016-10-25,7,8,12,17,22,29,14,github:icelam/mark-six-data-visualization
16/124,2016-10-27,8,16,17,34,35,44,41,github:icelam/mark-six-data-visualization
16/125,2016-10-29,22,26,32,38,43,47,42,github:icelam/mark-six-data-visualization
16/126,2016-11-01,1,2,21,31,33,36,8,github:icelam/mark-six-data-visualization
16/127,2016-11-03,6,14,18,22,30,38,47,github:icelam/mark-six-data-visualization
16/128,2016-11-05,9,12,31,39,42,46,48,github:icelam/mark-six-data-visualization
16/129,2016-11-08,3,5,6,11,34,42,28,github:icelam/mark-six-data-visualization
16/130,2016-11-10,3,17,38,39,46,49,37,github:icelam/mark-six-data-visualization
16/131,2016-11-13,2,16,27,29,34,41,42,github:icelam/mark-six-data-visualization
16/132,2016-11-15,10,15,17,18,27,40,26,github:icelam/mark-six-data-visualization
16/133,2016-11-17,5,18,26,28,30,45,33,github:icelam/mark-six-data-visualization
16/134,2016-11-19,2,6,23,24,37,42,32,github:icelam/mark-six-data-visualization
16/135,2016-11-22,12,13,16,18,38,40,5,github:icelam/mark-six-data-visualization
16/136,2016-11-24,3,9,24,31,38,49,41,github:icelam/mark-six-data-visualization
16/137,2016-11-26,1,2,3,4,7,10,33,github:icelam/mark-six-data-visualization
16/138,2016-11-29,4,11,18,22,24,49,25,github:icelam/mark-six-data-visualization
16/139,2016-12-01,9,15,18,21,24,37,16,github:icelam/mark-six-data-visualization
16/140,2016-12-03,8,13,23,30,47,48,7,github:icelam/mark-six-data-visualization
16/141,2016-12-06,3,7,17,29,32,49,11,github:icelam/mark-six-data-visualization
16/142,2016-12-08,9,24,26,28,37,39,29,github:icelam/mark-six-data-visualization
16/143,2016-12-10,7,22,32,33,34,39,45,github:icelam/mark-six-data-visualization
16/144,2016-12-13,7,14,26,31,38,44,37,github:icelam/mark-six-data-visualization
16/145,2016-12-15,15,19,20,32,33,34,23,github:icelam/mark-six-data-visualization
16/146,2016-12-18,3,10,21,26,28,38,29,github:icelam/mark-six-data-visualization
16/147,2016-12-20,5,28,32,34,37,48,39,github:icelam/mark-six-data-visualization
16/148,2016-12-23,4,14,16,25,32,35,47,github:icelam/mark-six-data-visualization
16/149,2016-12-25,3,4,10,26,37,43,41,github:icelam/mark-six-data-visualization
16/150,2016-12-29,2,11,13,15,17,21,26,github:icelam/mark-six-data-visualization
16/151,2016-12-31,8,9,12,15,17,28,33,github:icelam/mark-six-data-visualization
17/001,2017-01-03,4,11,22,29,37,46,18,github:icelam/mark-six-data-visualization
17/002,2017-01-05,5,14,20,21,36,49,39,github:icelam/mark-six-data-visualization
17/003,2017-01-07,7,10,14,29,45,46,19,github:icelam/mark-six-data-visualization
17/004,2017-01-10,2,7,14,26,38,39,12,github:icelam/mark-six-data-visualization
17/005,2017-01-12,18,25,27,30,40,43,6,github:icelam/mark-six-data-visualization
17/006,2017-01-15,1,6,22,37,44,48,35,github:icelam/mark-six-data-visualization
17/007,2017-01-17,26,27,28,36,42,47,33,github:icelam/mark-six-data-visualization
17/008,2017-01-19,1,2,13,23,35,43,18,github:icelam/mark-six-data-visualization
17/009,2017-01-21,8,27,28,37,38,49,33,github:icelam/mark-six-data-visualization
17/010,2017-01-24,2,5,23,27,36,43,20,github:icelam/mark-six-data-visualization
17/011,2017-01-26,13,24,28,29,31,44,10,github:icelam/mark-six-data-visualization
17/012,2017-01-28,8,15,25,30,34,40,42,github:icelam/mark-six-data-visualization
17/013,2017-02-01,13,14,18,23,29,35,45,github:icelam/mark-six-data-visualization
17/014,2017-02-04,7,14,25,28,33,40,26,github:icelam/mark-six-data-visualization
17/015,2017-02-07,6,11,22,25,32,33,24,github:icelam/mark-six-data-visualization
17/016,2017-02-09,3,12,13,19,24,45,40,github:icelam/mark-six-data-visualization
17/017,2017-02-12,7,21,26,30,38,47,15,github:icelam/mark-six-data-visualization
17/018,2017-02-14,14,16,21,28,43,46,26,github:icelam/mark-six-data-visualization
17/019,2017-02-16,5,8,23,34,41,44,7,github:icelam/mark-six-data-visualization
17/020,2017-02-18,5,8,12,17,20,37,45,github:icelam/mark-six-data-visualization
17/021,2017-02-21,1,7,13,29,32,44,20,github:icelam/mark-six-data-visualization
17/022,2017-02-23,13,15,16,32,34,46,10,github:icelam/mark-six-data-visualization
17/023,2017-02-25,4,12,19,20,25,26,8,github:icelam/mark-six-data-visualization
17/024,2017-02-28,15,20,24,34,42,44,7,github:icelam/mark-six-data-visualization
17/025,2017-03-02,6,13,31,42,43,45,34,github:icelam/mark-six-data-visualization
17/026,2017-03-04,10,18,22,23,29,32,45,github:icelam/mark-six-data-visualization
17/027,2017-03-07,2,14,18,19,40,43,42,github:icelam/mark-six-data-visualization
17/028,2017-03-09,17,19,25,35,41,44,26,github:icelam/mark-six-data-visualization
17/029,2017-03-11,1,4,20,27,32,39,15,github:icelam/mark-six-data-visualization
17/030,2017-03-14,2,32,33,35,36,44,48,github:icelam/mark-six-data-visualization
17/031,2017-03-16,1,2,11,19,40,48,4,github:icelam/mark-six-data-visualization
17/032,2017-03-18,2,13,17,23,30,46,8,github:icelam/mark-six-data-visualization
17/033,2017-03-21,8,12,20,25,37,46,2,github:icelam/mark-six-data-visualization
17/034,2017-03-23,5,14,17,33,41,47,16,github:icelam/mark-six-data-visualization
17/035,2017-03-25,9,10,23,30,38,48,16,github:icelam/mark-six-data-visualization
17/036,2017-03-28,2,9,21,35,36,40,44,github:icelam/mark-six-data-visualization
17/037,2017-03-30,18,19,21,30,38,48,7,github:icelam/mark-six-data-visualization
17/038,2017-04-01,7,17,20,34,36,44,23,github:icelam/mark-six-data-visualization
17/039,2017-04-04,3,9,19,33,40,41,26,github:icelam/mark-six-data-visualization
17/040,2017-04-06,4,21,24,39,45,46,40,github:icelam/mark-six-data-visualization
17/041,2017-04-08,2,11,14,20,27,30,19,github:icelam/mark-six-data-visualization
17/042,2017-04-11,14,17,22,29,30,31,38,github:icelam/mark-six-data-visualization
17/043,2017-04-13,4,10,25,26,38,49,34,github:icelam/mark-six-data-visualization
17/044,2017-04-15,1,4,5,29,33,44,39,github:icelam/mark-six-data-visualization
17/045,2017-04-18,4,10,11,18,29,38,28,github:icelam/mark-six-data-visualization
17/046,2017-04-22,1,9,11,23,29,34,6,github:icelam/mark-six-data-visualization
17/047,2017-04-25,1,21,22,45,46,49,14,github:icelam/mark-six-data-visualization
17/048,2017-04-27,16,17,21,42,48,49,37,github:icelam/mark-six-data-visualization
17/049,2017-04-29,5,8,14,22,31,48,33,github:icelam/mark-six-data-visualization
17/050,2017-05-02,1,20,22,27,31,41,2,github:icelam/mark-six-data-visualization
17/051,2017-05-04,4,17,21,32,36,46,27,github:icelam/mark-six-data-visualization
17/052,2017-05-06,1,3,9,13,34,35,27,github:icelam/mark-six-data-visualization
17/053,2017-05-09,6,22,23,31,36,45,12,github:icelam/mark-six-data-visualization
17/054,2017-05-11,9,16,22,38,40,46,11,github:icelam/mark-six-data-visualization
17/055,2017-05-14,1,7,12,18,27,33,20,github:icelam/mark-six-data-visualization
17/056,2017-05-16,1,5,7,9,10,15,3,github:icelam/mark-six-data-visualization
17/057,2017-05-18,7,11,20,28,41,49,32,github:icelam/mark-six-data-visualization
17/058,2017-05-20,2,3,17,34,38,48,14,github:icelam/mark-six-data-visualization
17/059,2017-05-23,7,13,17,23,29,46,49,github:icelam/mark-six-data-visualization
17/060,2017-05-25,23,26,27,39,40,48,7,github:icelam/mark-six-data-visualization
17/061,2017-05-27,5,7,18,22,33,43,27,github:icelam/mark-six-data-visualization
17/062,2017-05-30,14,18,27,32,37,38,1,github:icelam/mark-six-data-visualization
17/063,2017-06-01,4,18,23,28,36,45,33,github:icelam/mark-six-data-visualization
17/064,2017-06-03,11,15,24,25,33,40,42,github:icelam/mark-six-data-visualization
17/065,2017-06-06,8,24,26,30,47,49,35,github:icelam/mark-six-data-visualization
17/066,2017-06-08,8,11,15,23,24,29,6,github:icelam/mark-six-data-visualization
17/067,2017-06-10,1,13,18,23,30,44,42,github:icelam/mark-six-data-visualization
17/068,2017-06-13,21,23,27,34,46,49,44,github:icelam/mark-six-data-visualization
17/069,2017-06-15,1,2,5,12,18,19,44,github:icelam/mark-six-data-visualization
17/070,2017-06-17,9,34,39,42,46,49,32,github:icelam/mark-six-data-visualization
17/071,2017-06-20,15,18,20,25,35,45,34,github:icelam/mark-six-data-visualization
17/072,2017-06-22,18,20,21,27,31,49,45,github:icelam/mark-six-data-visualization
17/073,2017-06-24,3,28,30,32,37,42,11,github:icelam/mark-six-data-visualization
17/074,2017-06-27,12,24,30,40,44,48,8,github:icelam/mark-six-data-visualization
17/075,2017-06-29,11,16,26,27,29,37,19,github:icelam/mark-six-data-visualization
17/076,2017-07-02,4,9,27,33,39,42,35,github:icelam/mark-six-data-visualization
17/077,2017-07-04,2,5,15,26,27,38,18,github:icelam/mark-six-data-visualization
17/078,2017-07-06,2,6,7,8,10,30,28,github:icelam/mark-six-data-visualization
17/079,2017-07-08,3,8,11,21,36,48,37,github:icelam/mark-six-data-visualization
17/080,2017-07-11,1,11,20,22,43,45,35,github:icelam/mark-six-data-visualization
17/081,2017-07-13,4,5,25,27,29,41,18,github:icelam/mark-six-data-visualization
17/082,2017-07-15,29,34,35,42,43,48,26,github:icelam/mark-six-data-visualization
17/083,2017-07-18,6,14,32,33,40,46,10,github:icelam/mark-six-data-visualization
17/084,2017-07-20,5,9,12,25,26,34,21,github:icelam/mark-six-data-visualization
17/085,2017-07-22,4,6,27,36,47,49,3,github:icelam/mark-six-data-visualization
17/086,2017-07-25,8,9,15,33,37,47,1,github:icelam/mark-six-data-visualization
17/087,2017-07-27,3,4,31,37,42,44,40,github:icelam/mark-six-data-visualization
17/088,2017-07-30,11,15,25,30,37,43,17,github:icelam/mark-six-data-visualization
17/089,2017-08-01,10,25,26,32,36,37,46,github:icelam/mark-six-data-visualization
17/090,2017-08-03,6,18,22,24,35,40,36,github:icelam/mark-six-data-visualization
17/091,2017-08-05,14,25,32,35,39,48,31,github:icelam/mark-six-data-visualization
17/092,2017-08-08,8,10,25,28,33,37,7,github:icelam/mark-six-data-visualization
17/093,2017-08-10,18,22,25,32,33,42,29,github:icelam/mark-six-data-visualization
17/094,2017-08-12,3,4,15,25,38,45,28,github:icelam/mark-six-data-visualization
17/095,2017-08-15,3,4,7,19,20,23,27,github:icelam/mark-six-data-visualization
17/096,2017-08-17,5,21,24,29,43,44,42,github:icelam/mark-six-data-visualization
17/097,2017-08-19,2,23,32,34,43,45,22,github:icelam/mark-six-data-visualization
17/098,2017-08-22,4,23,24,33,40,43,15,github:icelam/mark-six-data-visualization
17/099,2017-08-24,4,7,10,21,28,47,17,github:icelam/mark-six-data-visualization
17/100,2017-08-26,16,34,35,36,40,46,31,github:icelam/mark-six-data-visualization
17/101,2017-08-29,12,24,26,34,44,48,4,github:icelam/mark-six-data-visualization
17/102,2017-08-31,12,17,18,25,33,37,29,github:icelam/mark-six-data-visualization
17/103,2017-09-02,1,5,11,23,24,27,15,github:icelam/mark-six-data-visualization
17/104,2017-09-05,1,2,8,30,39,43,19,github:icelam/mark-six-data-visualization
17/105,2017-09-07,10,19,27,29,41,46,17,github:icelam/mark-six-data-visualization
17/106,2017-09-09,4,7,18,23,29,39,49,github:icelam/mark-six-data-visualization
17/107,2017-09-12,21,23,30,38,44,49,37,github:icelam/mark-six-data-visualization
17/108,2017-09-14,25,26,34,41,42,49,1,github:icelam/mark-six-data-visualization
17/109,2017-09-17,3,12,16,23,36,47,33,github:icelam/mark-six-data-visualization
17/110,2017-09-19,7,11,12,30,34,36,17,github:icelam/mark-six-data-visualization
17/111,2017-09-21,1,3,4,5,32,39,10,github:icelam/mark-six-data-visualization
17/112,2017-09-23,1,13,22,25,30,36,4,github:icelam/mark-six-data-visualization
17/113,2017-09-26,2,10,19,27,31,33,16,github:icelam/mark-six-data-visualization
17/114,2017-09-28,7,18,24,26,39,45,44,github:icelam/mark-six-data-visualization
17/115,2017-09-30,2,11,19,20,33,49,6,github:icelam/mark-six-data-visualization
17/116,2017-10-02,1,8,19,22,35,46,30,github:icelam/mark-six-data-visualization
17/117,2017-10-04,10,16,22,23,26,46,25,github:icelam/mark-six-data-visualization
17/118,2017-10-07,3,6,24,38,45,48,5,github:icelam/mark-six-data-visualization
17/119,2017-10-10,6,17,22,26,32,45,24,github:icelam/mark-six-data-visualization
17/120,2017-10-12,1,6,8,11,12,16,41,github:icelam/mark-six-data-visualization
17/121,2017-10-17,2,4,19,30,35,47,25,github:icelam/mark-six-data-visualization
17/122,2017-10-19,8,12,19,24,28,49,37,github:icelam/mark-six-data-visualization
17/123,2017-10-21,8,16,18,30,43,45,27,github:icelam/mark-six-data-visualization
17/124,2017-10-24,1,8,9,16,29,42,49,github:icelam/mark-six-data-visualization
17/125,2017-10-26,4,5,20,29,35,38,36,github:icelam/mark-six-data-visualization
17/126,2017-10-28,7,16,18,22,26,44,9,github:icelam/mark-six-data-visualization
17/127,2017-10-31,21,26,29,35,45,49,41,github:icelam/mark-six-data-visualization
17/128,2017-11-02,5,18,20,32,36,40,7,github:icelam/mark-six-data-visualization
17/129,2017-11-04,23,30,32,33,43,44,28,github:icelam/mark-six-data-visualization
17/130,2017-11-07,3,18,19,35,38,40,48,github:icelam/mark-six-data-visualization
17/131,2017-11-09,3,32,36,46,48,49,29,github:icelam/mark-six-data-visualization
17/132,2017-11-12,12,16,22,28,36,37,45,github:icelam/mark-six-data-visualization
17/133,2017-11-14,1,15,20,28,33,43,18,github:icelam/mark-six-data-visualization
17/134,2017-11-16,3,8,20,34,40,46,24,github:icelam/mark-six-data-visualization
17/135,2017-11-18,19,24,26,30,36,41,43,github:icelam/mark-six-data-visualization
17/136,2017-11-21,8,27,30,35,36,43,31,github:icelam/mark-six-data-visualization
17/137,2017-11-23,3,4,30,37,39,42,32,github:icelam/mark-six-data-visualization
17/138,2017-11-25,5,13,16,28,40,41,2,github:icelam/mark-six-data-visualization
17/139,2017-11-28,6,8,9,23,36,40,19,github:icelam/mark-six-data-visualization
17/140,2017-11-30,4,10,32,35,38,47,49,github:icelam/mark-six-data-visualization
17/141,2017-12-02,7,14,19,27,28,38,46,github:icelam/mark-six-data-visualization
17/142,2017-12-05,7,9,14,18,20,44,29,github:icelam/mark-six-data-visualization
17/143,2017-12-07,1,25,34,37,39,47,18,github:icelam/mark-six-data-visualization
17/144,2017-12-09,22,24,29,35,38,48,30,github:icelam/mark-six-data-visualization
17/145,2017-12-12,4,15,29,34,38,48,30,github:icelam/mark-six-data-visualization
17/146,2017-12-14,7,10,20,25,34,35,8,github:icelam/mark-six-data-visualization
17/147,2017-12-16,1,3,6,9,24,28,36,github:icelam/mark-six-data-visualization
17/148,2017-12-19,3,9,33,38,44,49,24,github:icelam/mark-six-data-visualization
17/149,2017-12-21,14,21,22,28,30,47,3,github:icelam/mark-six-data-visualization
17/150,2017-12-24,1,16,26,34,39,47,11,github:icelam/mark-six-data-visualization
17/151,2017-12-26,2,7,16,28,30,37,12,github:icelam/mark-six-data-visualization
17/152,2017-12-28,15,17,23,40,44,46,11,github:icelam/mark-six-data-visualization
17/153,2017-12-30,1,13,22,25,36,38,37,github:icelam/mark-six-data-visualization
18/001,2018-01-02,12,18,28,35,39,42,36,github:icelam/mark-six-data-visualization
18/002,2018-01-06,1,12,21,31,36,49,23,github:icelam/mark-six-data-visualization
18/003,2018-01-11,3,29,31,43,47,49,19,github:icelam/mark-six-data-visualization
18/004,2018-01-16,2,21,27,30,36,37,4,github:icelam/mark-six-data-visualization
18/005,2018-01-20,2,5,23,24,27,34,8,github:icelam/mark-six-data-visualization
18/006,2018-01-23,3,20,27,32,37,41,44,github:icelam/mark-six-data-visualization
18/007,2018-01-25,3,14,23,36,40,47,20,github:icelam/mark-six-data-visualization
18/008,2018-01-27,8,17,26,33,43,45,40,github:icelam/mark-six-data-visualization
18/009,2018-01-30,4,7,11,12,40,49,25,github:icelam/mark-six-data-visualization
18/010,2018-02-01,20,23,26,29,47,49,39,github:icelam/mark-six-data-visualization
18/011,2018-02-03,2,4,12,25,40,49,8,github:icelam/mark-six-data-visualization
18/012,2018-02-06,3,19,26,28,35,48,32,github:icelam/mark-six-data-visualization
18/013,2018-02-08,13,16,22,28,37,41,34,github:icelam/mark-six-data-visualization
18/014,2018-02-11,1,2,9,27,33,45,38,github:icelam/mark-six-data-visualization
18/015,2018-02-13,2,9,18,27,32,42,12,github:icelam/mark-six-data-visualization
18/016,2018-02-15,1,19,21,32,43,45,34,github:icelam/mark-six-data-visualization
18/017,2018-02-20,3,5,25,42,43,44,2,github:icelam/mark-six-data-visualization
18/018,2018-02-22,4,12,19,20,30,39,5,github:icelam/mark-six-data-visualization
18/019,2018-02-24,17,20,34,38,42,45,5,github:icelam/mark-six-data-visualization
18/020,2018-02-27,13,24,28,31,41,43,16,github:icelam/mark-six-data-visualization
18/021,2018-03-01,2,14,15,17,18,29,1,github:icelam/mark-six-data-visualization
18/022,2018-03-04,6,10,11,23,28,43,21,github:icelam/mark-six-data-visualization
18/023,2018-03-06,2,11,17,19,35,37,20,github:icelam/mark-six-data-visualization
18/024,2018-03-08,1,6,30,43,44,48,7,github:icelam/mark-six-data-visualization
18/025,2018-03-10,7,18,19,26,27,39,2,github:icelam/mark-six-data-visualization
18/026,2018-03-13,5,16,20,25,34,42,2,github:icelam/mark-six-data-visualization
18/027,2018-03-15,13,16,25,35,38,49,33,github:icelam/mark-six-data-visualization
18/028,2018-03-17,4,6,23,33,40,47,30,github:icelam/mark-six-data-visualization
18/029,2018-03-20,3,22,27,29,42,45,10,github:icelam/mark-six-data-visualization
18/030,2018-03-22,10,18,21,29,33,46,36,github:icelam/mark-six-data-visualization
18/031,2018-03-24,12,19,23,28,35,45,6,github:icelam/mark-six-data-visualization
18/032,2018-03-29,5,12,24,27,30,47,43,github:icelam/mark-six-data-visualization
18/033,2018-03-31,9,13,16,18,19,34,21,github:icelam/mark-six-data-visualization
18/034,2018-04-03,21,29,31,41,46,49,36,github:icelam/mark-six-data-visualization
18/035,2018-04-05,19,24,29,39,40,42,30,github:icelam/mark-six-data-visualization
18/036,2018-04-07,4,20,23,27,31,43,3,github:icelam/mark-six-data-visualization
18/037,2018-04-10,1,15,23,34,43,48,25,github:icelam/mark-six-data-visualization
18/038,2018-04-12,1,2,9,11,37,41,18,github:icelam/mark-six-data-visualization
18/039,2018-04-14,12,14,15,36,38,40,42,github:icelam/mark-six-data-visualization
18/040,2018-04-17,3,8,16,22,28,32,24,github:icelam/mark-six-data-visualization
18/041,2018-04-19,20,21,33,40,45,49,43,github:icelam/mark-six-data-visualization
18/042,2018-04-22,10,14,28,30,42,44,35,github:icelam/mark-six-data-visualization
18/043,2018-04-24,12,20,21,28,33,41,9,github:icelam/mark-six-data-visualization
18/044,2018-04-26,8,12,20,33,35,45,42,github:icelam/mark-six-data-visualization
18/045,2018-04-28,2,15,17,18,21,44,14,github:icelam/mark-six-data-visualization
18/046,2018-05-01,1,5,10,20,21,25,43,github:icelam/mark-six-data-visualization
18/047,2018-05-03,12,24,30,31,32,34,41,github:icelam/mark-six-data-visualization
18/048,2018-05-05,3,24,40,44,45,49,8,github:icelam/mark-six-data-visualization
18/049,2018-05-08,3,14,18,28,31,40,38,github:icelam/mark-six-data-visualization
18/050,2018-05-10,12,19,25,31,36,49,11,github:icelam/mark-six-data-visualization
18/051,2018-05-13,1,6,9,19,21,23,43,github:icelam/mark-six-data-visualization
18/052,2018-05-15,5,8,9,19,32,44,39,github:icelam/mark-six-data-visualization
18/053,2018-05-17,3,16,23,30,43,46,26,github:icelam/mark-six-data-visualization
18/054,2018-05-19,14,23,29,36,37,47,25,github:icelam/mark-six-data-visualization
18/055,2018-05-22,7,12,14,22,31,33,38,github:icelam/mark-six-data-visualization
18/056,2018-05-24,4,5,7,11,12,13,18,github:icelam/mark-six-data-visualization
18/057,2018-05-26,1,12,22,40,42,44,28,github:icelam/mark-six-data-visualization
18/058,2018-05-29,3,6,11,22,45,46,1,github:icelam/mark-six-data-visualization
18/059,2018-05-31,3,5,28,33,40,49,32,github:icelam/mark-six-data-visualization
18/060,2018-06-02,4,15,30,33,38,41,16,github:icelam/mark-six-data-visualization
18/061,2018-06-05,6,10,24,34,40,45,9,github:icelam/mark-six-data-visualization
18/062,2018-06-07,5,32,34,36,38,43,25,github:icelam/mark-six-data-visualization
18/063,2018-06-09,11,23,35,41,46,49,47,github:icelam/mark-six-data-visualization
18/064,2018-06-12,30,31,34,40,41,42,33,github:icelam/mark-six-data-visualization
18/065,2018-06-14,2,10,24,28,35,39,27,github:icelam/mark-six-data-visualization
18/066,2018-06-17,1,7,20,21,35,48,22,github:icelam/mark-six-data-visualization
18/067,2018-06-19,2,7,21,31,33,42,24,github:icelam/mark-six-data-visualization
18/068,2018-06-21,16,23,24,31,33,34,18,github:icelam/mark-six-data-visualization
18/069,2018-06-23,2,9,16,18,24,46,47,github:icelam/mark-six-data-visualization
18/070,2018-06-26,7,8,12,17,33,42,26,github:icelam/mark-six-data-visualization
18/071,2018-06-28,6,13,23,29,38,45,41,github:icelam/mark-six-data-visualization
18/072,2018-06-30,5,6,16,18,30,32,27,github:icelam/mark-six-data-visualization
18/073,2018-07-03,3,21,22,41,45,49,10,github:icelam/mark-six-data-visualization
18/074,2018-07-05,1,13,20,34,38,40,29,github:icelam/mark-six-data-visualization
18/075,2018-07-07,8,17,20,26,40,46,19,github:icelam/mark-six-data-visualization
18/076,2018-07-10,6,8,29,38,41,49,2,github:icelam/mark-six-data-visualization
18/077,2018-07-12,1,5,7,8,30,33,22,github:icelam/mark-six-data-visualization
18/078,2018-07-14,7,13,22,27,33,36,45,github:icelam/mark-six-data-visualization
18/079,2018-07-17,6,10,32,36,41,48,47,github:icelam/mark-six-data-visualization
18/080,2018-07-19,12,16,23,25,40,42,20,github:icelam/mark-six-data-visualization
18/081,2018-07-21,13,14,15,37,38,44,40,github:icelam/mark-six-data-visualization
18/082,2018-07-24,2,16,17,27,32,37,12,github:icelam/mark-six-data-visualization
18/083,2018-07-26,22,32,37,44,46,49,38,github:icelam/mark-six-data-visualization
18/084,2018-07-28,5,7,11,26,30,43,17,github:icelam/mark-six-data-visualization
18/085,2018-07-31,24,27,36,43,44,46,30,github:icelam/mark-six-data-visualization
18/086,2018-08-02,3,5,11,34,35,45,28,github:icelam/mark-six-data-visualization
18/087,2018-08-04,4,15,23,34,37,48,30,github:icelam/mark-six-data-visualization
18/088,2018-08-07,4,21,25,39,46,47,12,github:icelam/mark-six-data-visualization
18/089,2018-08-09,8,10,11,20,21,34,13,github:icelam/mark-six-data-visualization
18/090,2018-08-11,1,11,25,38,47,49,37,github:icelam/mark-six-data-visualization
18/091,2018-08-14,32,37,38,42,43,49,24,github:icelam/mark-six-data-visualization
18/092,2018-08-16,9,13,16,27,29,41,37,github:icelam/mark-six-data-visualization
18/093,2018-08-18,2,14,24,37,42,47,20,github:icelam/mark-six-data-visualization
18/094,2018-08-21,3,10,18,28,40,47,4,github:icelam/mark-six-data-visualization
18/095,2018-08-23,12,14,22,30,38,44,34,github:icelam/mark-six-data-visualization
18/096,2018-08-25,3,4,19,28,31,48,27,github:icelam/mark-six-data-visualization
18/097,2018-08-28,9,18,26,30,36,46,2,github:icelam/mark-six-data-visualization
18/098,2018-08-30,4,15,21,23,44,46,13,github:icelam/mark-six-data-visualization
18/099,2018-09-01,10,13,20,26,35,45,37,github:icelam/mark-six-data-visualization
18/100,2018-09-04,4,5,33,36,44,47,13,github:icelam/mark-six-data-visualization
18/101,2018-09-06,17,26,30,33,38,49,47,github:icelam/mark-six-data-visualization
18/102,2018-09-08,7,9,12,18,41,46,33,github:icelam/mark-six-data-visualization
18/103,2018-09-11,31,36,38,45,47,49,37,github:icelam/mark-six-data-visualization
18/104,2018-09-13,14,20,22,39,41,48,35,github:icelam/mark-six-data-visualization
18/105,2018-09-15,4,6,11,33,37,48,41,github:icelam/mark-six-data-visualization
18/106,2018-09-18,9,11,18,23,32,48,26,github:icelam/mark-six-data-visualization
18/107,2018-09-20,5,6,17,26,40,41,46,github:icelam/mark-six-data-visualization
18/108,2018-09-23,2,13,21,23,32,40,30,github:icelam/mark-six-data-visualization
18/109,2018-09-25,5,14,20,22,24,48,4,github:icelam/mark-six-data-visualization
18/110,2018-09-27,14,17,30,46,48,49,36,github:icelam/mark-six-data-visualization
18/111,2018-09-29,9,31,34,35,37,38,16,github:icelam/mark-six-data-visualization
18/112,2018-10-02,13,18,23,28,33,49,19,github:icelam/mark-six-data-visualization
18/113,2018-10-04,13,19,34,35,45,46,27,github:icelam/mark-six-data-visualization
18/114,2018-10-06,2,10,35,39,44,49,8,github:icelam/mark-six-data-visualization
18/115,2018-10-09,7,9,18,27,44,45,15,github:icelam/mark-six-data-visualization
18/116,2018-10-11,7,9,19,29,39,42,41,github:icelam/mark-six-data-visualization
18/117,2018-10-14,8,14,21,24,34,43,1,github:icelam/mark-six-data-visualization
18/118,2018-10-16,7,11,19,32,45,46,37,github:icelam/mark-six-data-visualization
18/119,2018-10-20,10,13,22,25,40,42,5,github:icelam/mark-six-data-visualization
18/120,2018-10-23,6,17,20,34,36,44,15,github:icelam/mark-six-data-visualization
18/121,2018-10-25,6,13,20,25,27,29,21,github:icelam/mark-six-data-visualization
18/122,2018-10-27,1,5,15,39,45,47,43,github:icelam/mark-six-data-visualization
18/123,2018-10-30,4,7,10,22,34,42,38,github:icelam/mark-six-data-visualization
18/124,2018-11-01,9,13,15,16,20,32,12,github:icelam/mark-six-data-visualization
18/125,2018-11-03,4,19,24,38,39,44,46,github:icelam/mark-six-data-visualization
18/126,2018-11-06,1,8,22,23,46,47,12,github:icelam/mark-six-data-visualization
18/127,2018-11-08,9,16,22,24,40,47,17,github:icelam/mark-six-data-visualization
18/128,2018-11-11,6,24,26,36,44,49,8,github:icelam/mark-six-data-visualization
18/129,2018-11-13,8,22,30,34,35,37,29,github:icelam/mark-six-data-visualization
18/130,2018-11-15,2,10,29,32,40,41,44,github:icelam/mark-six-data-visualization
18/131,2018-11-17,5,9,12,14,42,43,45,github:icelam/mark-six-data-visualization
18/132,2018-11-20,4,12,14,17,29,35,38,github:icelam/mark-six-data-visualization
18/133,2018-11-22,15,16,18,22,26,48,34,github:icelam/mark-six-data-visualization
18/134,2018-11-24,3,8,13,25,30,34,32,github:icelam/mark-six-data-visualization
18/135,2018-11-27,7,8,15,27,29,38,39,github:icelam/mark-six-data-visualization
18/136,2018-11-29,14,25,31,34,36,43,35,github:icelam/mark-six-data-visualization
18/137,2018-12-01,2,20,29,32,38,39,47,github:icelam/mark-six-data-visualization
18/138,2018-12-04,8,11,14,20,22,31,19,github:icelam/mark-six-data-visualization
18/139,2018-12-06,8,20,32,40,44,46,34,github:icelam/mark-six-data-visualization
18/140,2018-12-08,20,27,29,40,45,48,43,github:icelam/mark-six-data-visualization
18/141,2018-12-11,7,8,10,20,33,42,22,github:icelam/mark-six-data-visualization
18/142,2018-12-13,1,15,21,23,24,33,39,github:icelam/mark-six-data-visualization
18/143,2018-12-15,5,10,30,33,36,37,22,github:icelam/mark-six-data-visualization
18/144,2018-12-18,1,10,11,13,30,33,45,github:icelam/mark-six-data-visualization
18/145,2018-12-20,4,7,8,12,13,26,42,github:icelam/mark-six-data-visualization
18/146,2018-12-22,7,20,33,46,48,49,4,github:icelam/mark-six-data-visualization
18/147,2018-12-25,2,14,16,32,41,47,23,github:icelam/mark-six-data-visualization
18/148,2018-12-27,1,4,17,22,23,35,37,github:icelam/mark-six-data-visualization
18/149,2018-12-30,6,7,13,33,35,46,43,github:icelam/mark-six-data-visualization
19/001,2019-01-03,8,23,25,30,32,45,24,github:icelam/mark-six-data-visualization
19/002,2019-01-05,12,13,16,19,23,45,2,github:icelam/mark-six-data-visualization
19/003,2019-01-08,4,5,12,23,30,40,10,github:icelam/mark-six-data-visualization
19/004,2019-01-10,6,7,28,31,36,43,23,github:icelam/mark-six-data-visualization
19/005,2019-01-13,10,18,35,37,48,49,27,github:icelam/mark-six-data-visualization
19/006,2019-01-15,10,16,17,33,44,48,7,github:icelam/mark-six-data-visualization
19/007,2019-01-17,16,18,28,35,36,41,37,github:icelam/mark-six-data-visualization
19/008,2019-01-19,13,24,31,34,44,47,8,github:icelam/mark-six-data-visualization
19/009,2019-01-22,3,19,25,30,33,48,44,github:icelam/mark-six-data-visualization
19/010,2019-01-24,11,18,33,41,43,46,36,github:icelam/mark-six-data-visualization
19/011,2019-01-26,14,27,29,41,45,46,21,github:icelam/mark-six-data-visualization
19/012,2019-01-29,3,10,14,24,32,45,29,github:icelam/mark-six-data-visualization
19/013,2019-01-31,18,22,26,31,33,41,27,github:icelam/mark-six-data-visualization
19/014,2019-02-03,5,6,13,19,34,35,39,github:icelam/mark-six-data-visualization
19/015,2019-02-06,2,4,11,15,19,29,1,github:icelam/mark-six-data-visualization
19/016,2019-02-09,1,19,29,34,39,49,43,github:icelam/mark-six-data-visualization
19/017,2019-02-12,9,17,26,31,32,40,27,github:icelam/mark-six-data-visualization
19/018,2019-02-14,5,8,16,20,43,46,11,github:icelam/mark-six-data-visualization
19/019,2019-02-16,3,7,8,17,19,23,12,github:icelam/mark-six-data-visualization
19/020,2019-02-19,2,5,8,13,16,33,41,github:icelam/mark-six-data-visualization
19/021,2019-02-21,16,29,36,39,42,49,34,github:icelam/mark-six-data-visualization
19/022,2019-02-23,13,14,15,21,33,49,1,github:icelam/mark-six-data-visualization
19/023,2019-02-26,9,12,13,19,21,46,15,github:icelam/mark-six-data-visualization
19/024,2019-02-28,22,24,25,30,32,43,11,github:icelam/mark-six-data-visualization
19/025,2019-03-03,21,24,26,35,44,47,8,github:icelam/mark-six-data-visualization
19/026,2019-03-05,10,16,28,32,34,49,45,github:icelam/mark-six-data-visualization
19/027,2019-03-07,8,15,17,23,39,44,40,github:icelam/mark-six-data-visualization
19/028,2019-03-09,13,32,34,35,41,46,30,github:icelam/mark-six-data-visualization
19/029,2019-03-12,6,21,27,33,38,47,46,github:icelam/mark-six-data-visualization
19/030,2019-03-14,4,10,25,28,40,43,39,github:icelam/mark-six-data-visualization
19/031,2019-03-16,5,9,12,23,31,43,29,github:icelam/mark-six-data-visualization
19/032,2019-03-19,4,18,23,38,40,46,15,github:icelam/mark-six-data-visualization
19/033,2019-03-21,7,12,22,32,37,45,47,github:icelam/mark-six-data-visualization
19/034,2019-03-23,10,11,15,39,46,49,21,github:icelam/mark-six-data-visualization
19/035,2019-03-26,2,3,10,21,31,35,11,github:icelam/mark-six-data-visualization
19/036,2019-03-28,3,5,17,23,41,44,40,github:icelam/mark-six-data-visualization
19/037,2019-03-30,15,17,18,37,39,49,31,github:icelam/mark-six-data-visualization
19/038,2019-04-02,6,10,15,21,24,28,49,github:icelam/mark-six-data-visualization
19/039,2019-04-04,29,34,38,42,44,47,36,github:icelam/mark-six-data-visualization
19/040,2019-04-06,8,21,34,37,41,45,49,github:icelam/mark-six-data-visualization
19/041,2019-04-09,3,14,17,23,32,43,36,github:icelam/mark-six-data-visualization
19/042,2019-04-11,6,18,32,38,41,45,33,github:icelam/mark-six-data-visualization
19/043,2019-04-13,3,15,22,35,40,49,39,github:icelam/mark-six-data-visualization
19/044,2019-04-16,11,20,30,32,33,43,34,github:icelam/mark-six-data-visualization
19/045,2019-04-20,28,30,32,37,39,47,23,github:icelam/mark-six-data-visualization
19/046,2019-04-25,11,13,18,21,28,34,19,github:icelam/mark-six-data-visualization
19/047,2019-04-27,2,8,14,21,32,35,4,github:icelam/mark-six-data-visualization
19/048,2019-04-30,1,29,32,43,45,49,5,github:icelam/mark-six-data-visualization
19/049,2019-05-02,1,6,19,23,45,47,49,github:icelam/mark-six-data-visualization
19/050,2019-05-04,6,13,19,20,24,35,43,github:icelam/mark-six-data-visualization
19/051,2019-05-07,6,12,35,39,42,44,22,github:icelam/mark-six-data-visualization
19/052,2019-05-09,3,4,5,24,29,32,2,github:icelam/mark-six-data-visualization
19/053,2019-05-14,10,12,14,30,37,41,5,github:icelam/mark-six-data-visualization
19/054,2019-05-16,1,4,7,23,37,38,34,github:icelam/mark-six-data-visualization
19/055,2019-05-19,1,2,9,16,30,41,35,github:icelam/mark-six-data-visualization
19/056,2019-05-21,4,7,21,24,35,41,18,github:icelam/mark-six-data-visualization
19/057,2019-05-23,11,13,14,17,33,43,27,github:icelam/mark-six-data-visualization
19/058,2019-05-25,12,14,23,30,40,48,1,github:icelam/mark-six-data-visualization
19/059,2019-05-28,22,29,37,42,45,49,47,github:icelam/mark-six-data-visualization
19/060,2019-05-30,12,15,16,31,36,46,3,github:icelam/mark-six-data-visualization
19/061,2019-06-01,3,13,19,23,35,43,26,github:icelam/mark-six-data-visualization
19/062,2019-06-04,16,21,24,28,37,40,48,github:icelam/mark-six-data-visualization
19/063,2019-06-06,6,13,21,24,32,47,38,github:icelam/mark-six-data-visualization
19/064,2019-06-09,3,8,24,27,28,49,44,github:icelam/mark-six-data-visualization
19/065,2019-06-11,8,19,20,21,25,37,13,github:icelam/mark-six-data-visualization
19/066,2019-06-13,3,6,21,31,33,38,45,github:icelam/mark-six-data-visualization
19/067,2019-06-15,7,8,17,30,42,44,24,github:icelam/mark-six-data-visualization
19/068,2019-06-18,18,23,26,29,35,48,36,github:icelam/mark-six-data-visualization
19/069,2019-06-20,9,11,15,21,25,33,46,github:icelam/mark-six-data-visualization
19/070,2019-06-22,13,29,30,33,43,47,16,github:icelam/mark-six-data-visualization
19/071,2019-06-25,23,25,29,32,40,46,13,github:icelam/mark-six-data-visualization
19/072,2019-06-27,12,20,33,42,46,47,27,github:icelam/mark-six-data-visualization
19/073,2019-06-29,9,13,22,29,31,46,45,github:icelam/mark-six-data-visualization
19/074,2019-07-02,13,14,15,42,45,48,2,github:icelam/mark-six-data-visualization
19/075,2019-07-04,1,2,12,15,24,44,14,github:icelam/mark-six-data-visualization
19/076,2019-07-06,7,8,10,11,28,42,29,github:icelam/mark-six-data-visualization
19/077,2019-07-09,3,5,20,31,39,42,25,github:icelam/mark-six-data-visualization
19/078,2019-07-11,3,6,26,27,32,49,29,github:icelam/mark-six-data-visualization
19/079,2019-07-13,12,14,32,35,38,46,16,github:icelam/mark-six-data-visualization
19/080,2019-07-16,6,16,22,28,37,45,13,github:icelam/mark-six-data-visualization
19/081,2019-07-18,2,4,8,11,17,31,19,github:icelam/mark-six-data-visualization
19/082,2019-07-20,26,27,30,33,44,47,37,github:icelam/mark-six-data-visualization
19/083,2019-07-23,14,19,25,38,39,42,46,github:icelam/mark-six-data-visualization
19/084,2019-07-25,7,10,11,16,18,35,43,github:icelam/mark-six-data-visualization
19/085,2019-07-27,4,14,19,24,39,45,8,github:icelam/mark-six-data-visualization
19/086,2019-07-30,3,16,19,22,41,44,29,github:icelam/mark-six-data-visualization
19/087,2019-08-01,13,18,20,21,43,49,30,github:icelam/mark-six-data-visualization
19/088,2019-08-03,23,24,27,28,37,43,16,github:icelam/mark-six-data-visualization
19/089,2019-08-06,5,6,15,21,22,37,36,github:icelam/mark-six-data-visualization
19/090,2019-08-08,8,9,19,25,30,44,37,github:icelam/mark-six-data-visualization
19/091,2019-08-10,15,22,42,44,48,49,6,github:icelam/mark-six-data-visualization
19/092,2019-08-13,10,14,16,29,30,43,11,github:icelam/mark-six-data-visualization
19/093,2019-08-15,2,13,23,35,38,46,17,github:icelam/mark-six-data-visualization
19/094,2019-08-17,4,9,20,26,32,44,11,github:icelam/mark-six-data-visualization
19/095,2019-08-20,12,15,16,23,32,35,2,github:icelam/mark-six-data-visualization
19/096,2019-08-22,1,4,5,6,42,43,8,github:icelam/mark-six-data-visualization
19/097,2019-08-24,1,10,21,31,47,49,13,github:icelam/mark-six-data-visualization
19/098,2019-08-27,6,18,29,33,43,46,16,github:icelam/mark-six-data-visualization
19/099,2019-08-29,8,24,26,37,38,44,18,github:icelam/mark-six-data-visualization
19/100,2019-08-31,1,6,14,24,32,44,5,github:icelam/mark-six-data-visualization
19/101,2019-09-03,2,8,17,24,27,39,10,github:icelam/mark-six-data-visualization
19/102,2019-09-05,3,4,18,29,41,44,39,github:icelam/mark-six-data-visualization
19/103,2019-09-07,7,8,12,25,43,45,13,github:icelam/mark-six-data-visualization
19/104,2019-09-10,11,12,13,28,43,49,47,github:icelam/mark-six-data-visualization
19/105,2019-09-12,5,23,24,25,31,33,7,github:icelam/mark-six-data-visualization
19/106,2019-09-14,1,4,7,12,19,28,43,github:icelam/mark-six-data-visualization
19/107,2019-09-17,12,20,22,26,30,36,2,github:icelam/mark-six-data-visualization
19/108,2019-09-19,8,17,34,39,42,44,7,github:icelam/mark-six-data-visualization
19/109,2019-09-22,3,28,39,40,42,44,37,github:icelam/mark-six-data-visualization
19/110,2019-09-24,6,17,44,45,46,49,41,github:icelam/mark-six-data-visualization
19/111,2019-09-26,2,3,11,20,27,46,4,github:icelam/mark-six-data-visualization
19/112,2019-09-29,2,3,7,10,18,48,33,github:icelam/mark-six-data-visualization
19/113,2019-10-03,1,12,13,15,19,45,44,github:icelam/mark-six-data-visualization
19/114,2019-10-08,13,23,35,36,43,47,16,github:icelam/mark-six-data-visualization
19/115,2019-10-13,10,16,27,29,37,42,44,github:icelam/mark-six-data-visualization
19/116,2019-10-17,14,18,19,21,45,47,49,github:icelam/mark-six-data-visualization
19/117,2019-10-19,1,6,19,22,42,44,25,github:icelam/mark-six-data-visualization
19/118,2019-10-22,1,6,11,31,41,47,32,github:icelam/mark-six-data-visualization
19/119,2019-10-24,7,10,16,23,27,34,24,github:icelam/mark-six-data-visualization
19/120,2019-10-26,1,17,24,30,40,49,48,github:icelam/mark-six-data-visualization
19/121,2019-10-29,2,10,13,19,20,24,17,github:icelam/mark-six-data-visualization
19/122,2019-11-02,13,15,25,30,40,46,26,github:icelam/mark-six-data-visualization
19/123,2019-11-07,7,20,30,33,34,44,46,github:icelam/mark-six-data-visualization
19/124,2019-11-10,6,17,18,23,31,46,44,github:icelam/mark-six-data-visualization
19/125,2019-11-14,2,3,13,18,31,49,14,github:icelam/mark-six-data-visualization
19/126,2019-11-16,10,23,28,39,44,47,13,github:icelam/mark-six-data-visualization
19/127,2019-11-19,1,4,12,13,24,42,48,github:icelam/mark-six-data-visualization
19/128,2019-11-21,3,4,5,10,35,38,7,github:icelam/mark-six-data-visualization
19/129,2019-11-24,1,20,28,30,35,46,15,github:icelam/mark-six-data-visualization
19/130,2019-11-26,5,9,15,25,42,45,38,github:icelam/mark-six-data-visualization
19/131,2019-11-28,22,23,29,36,41,44,2,github:icelam/mark-six-data-visualization
19/132,2019-11-30,1,10,18,24,40,49,7,github:icelam/mark-six-data-visualization
19/133,2019-12-03,1,15,23,29,45,47,6,github:icelam/mark-six-data-visualization
19/134,2019-12-05,2,6,8,16,23,31,1,github:icelam/mark-six-data-visualization
19/135,2019-12-07,14,25,26,30,32,47,4,github:icelam/mark-six-data-visualization
19/136,2019-12-10,5,6,11,12,28,35,17,github:icelam/mark-six-data-visualization
19/137,2019-12-12,6,21,32,35,39,49,15,github:icelam/mark-six-data-visualization
19/138,2019-12-14,2,4,6,8,28,29,5,github:icelam/mark-six-data-visualization
19/139,2019-12-17,3,20,23,30,34,41,47,github:icelam/mark-six-data-visualization
19/140,2019-12-19,22,24,28,31,35,39,12,github:icelam/mark-six-data-visualization
19/141,2019-12-22,11,22,24,26,41,42,2,github:icelam/mark-six-data-visualization
19/142,2019-12-24,5,11,14,23,30,32,20,github:icelam/mark-six-data-visualization
19/143,2019-12-28,1,22,25,27,31,36,47,github:icelam/mark-six-data-visualization
19/144,2019-12-31,5,10,18,20,28,33,17,github:icelam/mark-six-data-visualization
20/001,2020-01-02,15,17,29,30,34,37,40,github:icelam/mark-six-data-visualization
20/002,2020-01-07,1,24,25,27,31,37,8,github:icelam/mark-six-data-visualization
20/003,2020-01-12,5,17,35,37,42,49,39,github:icelam/mark-six-data-visualization
20/004,2020-01-16,2,20,24,30,32,46,1,github:icelam/mark-six-data-visualization
20/005,2020-01-18,18,29,32,33,36,40,38,github:icelam/mark-six-data-visualization
20/006,2020-01-21,11,14,21,28,37,44,36,github:icelam/mark-six-data-visualization
20/007,2020-01-23,2,11,13,45,46,49,42,github:icelam/mark-six-data-visualization
20/008,2020-02-01,3,5,30,31,43,48,13,github:icelam/mark-six-data-visualization
20/009,2020-09-24,11,24,26,35,42,44,20,github:icelam/mark-six-data-visualization
20/010,2020-09-29,9,21,26,27,28,48,45,github:icelam/mark-six-data-visualization
20/011,2020-10-08,21,28,33,34,40,47,49,github:icelam/mark-six-data-visualization
20/012,2020-10-15,9,26,28,33,38,46,44,github:icelam/mark-six-data-visualization
20/013,2020-10-22,1,13,19,24,29,45,26,github:icelam/mark-six-data-visualization
20/014,2020-10-29,6,11,33,38,40,43,2,github:icelam/mark-six-data-visualization
20/015,2020-11-06,11,17,35,36,38,40,6,github:icelam/mark-six-data-visualization
20/016,2020-11-10,13,15,25,28,45,49,24,github:icelam/mark-six-data-visualization
20/017,2020-11-13,6,15,17,18,28,47,32,github:icelam/mark-six-data-visualization
20/018,2020-11-17,13,19,20,21,33,49,45,github:icelam/mark-six-data-visualization
20/019,2020-11-20,22,25,30,33,34,43,24,github:icelam/mark-six-data-visualization
20/020,2020-11-24,7,12,16,22,45,47,25,github:icelam/mark-six-data-visualization
20/021,2020-11-27,5,12,13,23,27,38,39,github:icelam/mark-six-data-visualization
20/022,2020-12-01,24,27,29,31,42,47,22,github:icelam/mark-six-data-visualization
20/023,2020-12-04,11,13,19,38,39,41,47,github:icelam/mark-six-data-visualization
20/024,2020-12-08,7,32,34,35,48,49,23,github:icelam/mark-six-data-visualization
20/025,2020-12-11,1,11,23,29,41,46,44,github:icelam/mark-six-data-visualization
20/026,2020-12-15,2,11,13,20,21,33,14,github:icelam/mark-six-data-visualization
20/027,2020-12-18,8,11,12,23,34,49,28,github:icelam/mark-six-data-visualization
20/028,2020-12-22,11,20,36,37,39,48,21,github:icelam/mark-six-data-visualization
20/029,2020-12-25,14,18,24,27,28,41,45,github:icelam/mark-six-data-visualization
20/030,2020-12-29,10,11,24,39,41,42,22,github:icelam/mark-six-data-visualization
21/001,2021-01-02,3,9,14,21,45,46,34,github:icelam/mark-six-data-visualization
21/002,2021-01-05,22,24,30,36,38,46,33,github:icelam/mark-six-data-visualization
21/003,2021-01-08,5,19,29,32,33,34,43,github:icelam/mark-six-data-visualization
21/004,2021-01-12,5,19,22,26,35,40,2,github:icelam/mark-six-data-visualization
21/005,2021-01-15,4,24,39,41,42,45,6,github:icelam/mark-six-data-visualization
21/006,2021-01-19,14,21,22,38,40,45,17,github:icelam/mark-six-data-visualization
21/007,2021-01-22,15,16,18,21,24,31,22,github:icelam/mark-six-data-visualization
21/008,2021-01-26,5,9,16,21,44,49,15,github:icelam/mark-six-data-visualization
21/009,2021-01-29,2,10,30,31,35,46,3,github:icelam/mark-six-data-visualization
21/010,2021-02-02,18,21,24,26,30,35,48,github:icelam/mark-six-data-visualization
21/011,2021-02-05,10,16,22,40,44,45,49,github:icelam/mark-six-data-visualization
21/012,2021-02-09,1,2,16,20,31,38,7,github:icelam/mark-six-data-visualization
21/013,2021-02-12,6,25,31,36,41,47,10,github:icelam/mark-six-data-visualization
21/014,2021-02-16,3,13,28,30,31,45,22,github:icelam/mark-six-data-visualization
21/015,2021-02-19,4,5,13,14,25,44,16,github:icelam/mark-six-data-visualization
21/016,2021-02-23,2,14,18,28,34,44,21,github:icelam/mark-six-data-visualization
21/017,2021-02-26,14,17,35,37,39,46,2,github:icelam/mark-six-data-visualization
21/018,2021-03-02,6,15,16,21,27,28,43,github:icelam/mark-six-data-visualization
21/019,2021-03-05,1,23,32,38,43,46,5,github:icelam/mark-six-data-visualization
21/020,2021-03-12,16,17,21,24,43,47,30,github:icelam/mark-six-data-visualization
21/021,2021-03-19,3,8,9,14,23,25,35,github:icelam/mark-six-data-visualization
21/022,2021-03-23,11,14,16,19,38,41,6,github:icelam/mark-six-data-visualization
21/023,2021-03-26,6,12,24,26,30,43,20,github:icelam/mark-six-data-visualization
21/024,2021-03-30,24,26,36,37,41,43,31,github:icelam/mark-six-data-visualization
21/025,2021-04-02,1,2,33,34,42,49,39,github:icelam/mark-six-data-visualization
21/026,2021-04-06,4,7,8,20,22,41,21,github:icelam/mark-six-data-visualization
21/027,2021-04-09,7,9,12,13,14,16,23,github:icelam/mark-six-data-visualization
21/028,2021-04-13,7,10,13,14,20,35,49,github:icelam/mark-six-data-visualization
21/029,2021-04-16,5,6,17,23,29,38,24,github:icelam/mark-six-data-visualization
21/030,2021-04-20,12,32,40,42,48,49,27,github:icelam/mark-six-data-visualization
21/031,2021-04-23,15,18,20,23,31,47,12,github:icelam/mark-six-data-visualization
21/032,2021-04-27,2,13,15,19,38,41,30,github:icelam/mark-six-data-visualization
21/033,2021-04-30,7,9,29,33,36,49,41,github:icelam/mark-six-data-visualization
21/034,2021-05-04,8,9,10,19,38,45,6,github:icelam/mark-six-data-visualization
21/035,2021-05-07,5,8,22,26,40,41,46,github:icelam/mark-six-data-visualization
21/036,2021-05-11,15,22,30,31,35,45,6,github:icelam/mark-six-data-visualization
21/037,2021-05-14,5,14,28,29,31,37,11,github:icelam/mark-six-data-visualization
21/038,2021-05-18,2,9,26,34,35,36,4,github:icelam/mark-six-data-visualization
21/039,2021-05-21,8,14,31,37,44,47,38,github:icelam/mark-six-data-visualization
21/040,2021-05-25,1,7,19,22,27,49,20,github:icelam/mark-six-data-visualization
21/041,2021-05-28,5,12,30,43,44,45,21,github:icelam/mark-six-data-visualization
21/042,2021-06-01,1,6,16,28,33,36,8,github:icelam/mark-six-data-visualization
21/043,2021-06-04,2,6,16,22,34,49,45,github:icelam/mark-six-data-visualization
21/044,2021-06-08,7,13,21,24,28,30,10,github:icelam/mark-six-data-visualization
21/045,2021-06-11,2,3,15,29,41,43,7,github:icelam/mark-six-data-visualization
21/046,2021-06-15,3,11,13,22,44,45,4,github:icelam/mark-six-data-visualization
21/047,2021-06-17,1,25,31,34,42,48,20,github:icelam/mark-six-data-visualization
21/048,2021-06-19,4,15,17,32,38,43,30,github:icelam/mark-six-data-visualization
21/049,2021-06-22,1,5,7,24,26,30,8,github:icelam/mark-six-data-visualization
21/050,2021-06-24,4,11,14,21,38,48,31,github:icelam/mark-six-data-visualization
21/051,2021-06-27,2,7,11,27,37,42,28,github:icelam/mark-six-data-visualization
21/052,2021-06-29,10,16,24,39,44,47,28,github:icelam/mark-six-data-visualization
21/053,2021-07-03,7,9,24,29,37,48,17,github:icelam/mark-six-data-visualization
21/054,2021-07-06,2,6,15,16,26,34,14,github:icelam/mark-six-data-visualization
21/055,2021-07-08,7,9,13,27,39,43,42,github:icelam/mark-six-data-visualization
21/056,2021-07-10,25,28,34,37,40,49,33,github:icelam/mark-six-data-visualization
21/057,2021-07-13,9,13,21,35,38,48,20,github:icelam/mark-six-data-visualization
21/058,2021-07-15,6,19,22,23,28,49,20,github:icelam/mark-six-data-visualization
21/059,2021-07-17,1,6,16,30,32,47,12,github:icelam/mark-six-data-visualization
21/060,2021-07-20,2,7,15,19,31,49,46,github:icelam/mark-six-data-visualization
21/061,2021-07-22,2,3,4,5,8,23,27,github:icelam/mark-six-data-visualization
21/062,2021-07-24,11,12,25,27,28,34,46,github:icelam/mark-six-data-visualization
21/063,2021-07-27,8,11,19,22,29,44,14,github:icelam/mark-six-data-visualization
21/064,2021-08-01,1,4,9,21,36,42,3,github:icelam/mark-six-data-visualization
21/065,2021-08-03,10,13,15,29,31,39,47,github:icelam/mark-six-data-visualization
21/066,2021-08-05,10,17,19,25,36,39,31,github:icelam/mark-six-data-visualization
21/067,2021-08-07,13,14,26,34,35,44,12,github:icelam/mark-six-data-visualization
21/068,2021-08-10,4,12,14,17,22,32,41,github:icelam/mark-six-data-visualization
21/069,2021-08-12,20,21,30,34,36,37,29,github:icelam/mark-six-data-visualization
21/070,2021-08-14,11,12,19,38,39,41,6,github:icelam/mark-six-data-visualization
21/071,2021-08-19,4,26,28,31,32,33,8,github:icelam/mark-six-data-visualization
21/072,2021-08-21,2,5,18,21,42,48,46,github:icelam/mark-six-data-visualization
21/073,2021-08-26,5,10,17,30,43,44,40,github:icelam/mark-six-data-visualization
21/074,2021-08-28,2,14,15,16,33,45,19,github:icelam/mark-six-data-visualization
21/075,2021-08-31,1,12,23,29,45,46,48,github:icelam/mark-six-data-visualization
21/076,2021-09-02,10,28,39,45,48,49,15,github:icelam/mark-six-data-visualization
21/077,2021-09-04,5,8,29,31,32,36,12,github:icelam/mark-six-data-visualization
21/078,2021-09-07,2,7,21,23,27,36,40,github:icelam/mark-six-data-visualization
21/079,2021-09-09,7,22,24,31,33,37,39,github:icelam/mark-six-data-visualization
21/080,2021-09-11,12,26,31,37,38,44,16,github:icelam/mark-six-data-visualization
21/081,2021-09-14,7,8,32,33,39,49,23,github:icelam/mark-six-data-visualization
21/082,2021-09-16,1,6,11,20,32,35,22,github:icelam/mark-six-data-visualization
21/083,2021-09-21,14,15,25,26,32,45,2,github:icelam/mark-six-data-visualization
21/084,2021-09-23,2,4,10,17,38,41,47,github:icelam/mark-six-data-visualization
21/085,2021-09-25,15,18,32,43,45,47,12,github:icelam/mark-six-data-visualization
21/086,2021-09-28,2,23,31,38,43,45,40,github:icelam/mark-six-data-visualization
21/087,2021-09-30,2,3,11,20,24,47,48,github:icelam/mark-six-data-visualization
21/088,2021-10-02,6,12,19,31,47,48,41,github:icelam/mark-six-data-visualization
21/089,2021-10-05,19,20,26,29,32,48,38,github:icelam/mark-six-data-visualization
21/090,2021-10-07,8,11,19,21,24,47,23,github:icelam/mark-six-data-visualization
21/091,2021-10-14,2,6,9,27,43,45,35,github:icelam/mark-six-data-visualization
21/092,2021-10-16,3,14,16,23,38,46,2,github:icelam/mark-six-data-visualization
21/093,2021-10-19,7,13,15,19,24,37,2,github:icelam/mark-six-data-visualization
21/094,2021-10-21,6,9,11,13,15,47,38,github:icelam/mark-six-data-visualization
21/095,2021-10-26,9,14,23,28,34,48,36,github:icelam/mark-six-data-visualization
21/096,2021-10-28,1,5,17,26,34,48,42,github:icelam/mark-six-data-visualization
21/097,2021-10-30,3,14,37,41,42,45,4,github:icelam/mark-six-data-visualization
21/098,2021-11-02,4,5,24,33,44,49,41,github:icelam/mark-six-data-visualization
21/099,2021-11-04,3,22,30,32,40,43,5,github:icelam/mark-six-data-visualization
21/100,2021-11-06,13,15,40,41,42,49,21,github:icelam/mark-six-data-visualization
21/101,2021-11-09,3,11,15,25,30,45,33,github:icelam/mark-six-data-visualization
21/102,2021-11-11,10,13,31,37,40,46,15,github:icelam/mark-six-data-visualization
21/103,2021-11-14,1,11,15,21,24,28,8,github:icelam/mark-six-data-visualization
21/104,2021-11-16,9,13,25,27,33,36,35,github:icelam/mark-six-data-visualization
21/105,2021-11-18,2,16,23,25,29,38,18,github:icelam/mark-six-data-visualization
21/106,2021-11-20,18,19,24,38,39,42,41,github:icelam/mark-six-data-visualization
21/107,2021-11-23,2,6,11,22,34,38,7,github:icelam/mark-six-data-visualization
21/108,2021-11-25,10,28,36,39,47,48,44,github:icelam/mark-six-data-visualization
21/109,2021-11-27,2,14,30,41,42,44,22,github:icelam/mark-six-data-visualization
21/110,2021-11-30,1,17,22,26,38,44,8,github:icelam/mark-six-data-visualization
21/111,2021-12-02,3,21,26,36,38,49,9,github:icelam/mark-six-data-visualization
21/112,2021-12-04,1,21,24,29,44,46,19,github:icelam/mark-six-data-visualization
21/113,2021-12-07,4,13,19,21,35,43,27,github:icelam/mark-six-data-visualization
21/114,2021-12-09,4,7,9,13,15,43,1,github:icelam/mark-six-data-visualization
21/115,2021-12-11,7,21,34,35,42,48,41,github:icelam/mark-six-data-visualization
21/116,2021-12-14,7,24,29,36,41,43,35,github:icelam/mark-six-data-visualization
21/117,2021-12-16,5,6,19,43,47,49,39,github:icelam/mark-six-data-visualization
21/118,2021-12-19,12,20,21,26,33,42,9,github:icelam/mark-six-data-visualization
21/119,2021-12-21,11,12,16,32,43,44,41,github:icelam/mark-six-data-visualization
21/120,2021-12-23,3,9,11,17,22,44,23,github:icelam/mark-six-data-visualization
21/121,2021-12-25,8,11,20,30,35,40,27,github:icelam/mark-six-data-visualization
21/122,2021-12-28,21,25,30,33,36,49,3,github:icelam/mark-six-data-visualization
21/123,2021-12-30,20,21,22,29,34,35,7,github:icelam/mark-six-data-visualization
22/001,2022-01-04,2,8,12,14,20,47,36,github:icelam/mark-six-data-visualization
22/002,2022-01-20,1,3,10,11,30,42,39,github:icelam/mark-six-data-visualization
22/003,2022-01-27,10,18,20,29,32,33,2,github:icelam/mark-six-data-visualization
22/004,2022-02-05,15,18,21,25,39,43,33,github:icelam/mark-six-data-visualization
22/005,2022-02-10,6,13,17,28,35,44,5,github:icelam/mark-six-data-visualization
22/006,2022-02-17,6,7,22,34,35,46,8,github:icelam/mark-six-data-visualization
22/007,2022-02-24,2,9,11,12,16,24,43,github:icelam/mark-six-data-visualization
22/008,2022-03-03,12,19,21,22,40,43,46,github:icelam/mark-six-data-visualization
22/009,2022-03-08,1,5,23,42,46,49,11,github:icelam/mark-six-data-visualization
22/010,2022-03-11,11,20,23,29,38,47,12,github:icelam/mark-six-data-visualization
22/011,2022-03-15,3,10,12,28,39,48,17,github:icelam/mark-six-data-visualization
22/012,2022-03-18,12,18,22,30,40,49,15,github:icelam/mark-six-data-visualization
22/013,2022-03-22,6,28,32,33,40,45,1,github:icelam/mark-six-data-visualization
22/014,2022-03-25,15,20,26,28,29,46,12,github:icelam/mark-six-data-visualization
22/015,2022-03-29,8,18,21,35,37,38,10,github:icelam/mark-six-data-visualization
22/016,2022-04-01,4,8,21,40,46,49,34,github:icelam/mark-six-data-visualization
22/017,2022-04-05,9,11,12,22,29,42,3,github:icelam/mark-six-data-visualization
22/018,2022-04-08,10,20,36,38,43,48,30,github:icelam/mark-six-data-visualization
22/019,2022-04-12,8,11,12,20,26,30,28,github:icelam/mark-six-data-visualization
22/020,2022-04-15,21,25,30,36,37,47,42,github:icelam/mark-six-data-visualization
22/021,2022-04-19,12,23,28,34,39,46,44,github:icelam/mark-six-data-visualization
22/022,2022-04-22,8,11,15,19,34,37,25,github:icelam/mark-six-data-visualization
22/023,2022-04-26,9,23,30,32,34,40,25,github:icelam/mark-six-data-visualization
22/024,2022-04-29,1,7,16,28,31,48,18,github:icelam/mark-six-data-visualization
22/025,2022-05-03,3,8,11,15,18,40,41,github:icelam/mark-six-data-visualization
22/026,2022-05-06,2,15,41,42,44,46,40,github:icelam/mark-six-data-visualization
22/027,2022-05-10,12,14,19,39,41,48,33,github:icelam/mark-six-data-visualization
22/028,2022-05-13,1,5,10,22,30,34,42,github:icelam/mark-six-data-visualization
22/029,2022-05-17,4,7,29,35,40,46,17,github:icelam/mark-six-data-visualization
22/030,2022-05-20,27,30,36,38,45,46,34,github:icelam/mark-six-data-visualization
22/031,2022-05-24,5,7,8,17,47,49,34,github:icelam/mark-six-data-visualization
22/032,2022-05-27,1,17,25,29,42,46,8,github:icelam/mark-six-data-visualization
22/033,2022-05-31,2,13,35,39,43,48,9,github:icelam/mark-six-data-visualization
22/034,2022-06-03,1,27,32,35,38,44,24,github:icelam/mark-six-data-visualization
22/035,2022-06-07,9,16,21,35,47,48,36,github:icelam/mark-six-data-visualization
22/036,2022-06-10,11,17,24,26,37,41,34,github:icelam/mark-six-data-visualization
22/037,2022-06-14,7,16,21,30,34,38,41,github:icelam/mark-six-data-visualization
22/038,2022-06-17,9,17,24,27,33,39,48,github:icelam/mark-six-data-visualization
22/039,2022-06-21,2,15,20,30,47,48,44,github:icelam/mark-six-data-visualization
22/040,2022-06-27,1,13,19,26,29,37,15,github:icelam/mark-six-data-visualization
22/041,2022-07-03,19,21,23,26,37,39,13,github:icelam/mark-six-data-visualization
22/042,2022-07-05,9,30,31,32,37,40,25,github:icelam/mark-six-data-visualization
22/043,2022-07-08,7,10,28,30,32,36,27,github:icelam/mark-six-data-visualization
22/044,2022-07-12,4,13,22,27,43,47,23,github:icelam/mark-six-data-visualization
22/045,2022-07-15,19,20,25,29,46,47,35,github:icelam/mark-six-data-visualization
22/046,2022-07-22,5,12,21,30,34,38,3,github:icelam/mark-six-data-visualization
22/047,2022-07-26,6,14,23,31,38,48,1,github:icelam/mark-six-data-visualization
22/048,2022-07-28,8,13,16,21,23,49,44,github:icelam/mark-six-data-visualization
22/049,2022-07-30,21,25,34,37,41,46,14,github:icelam/mark-six-data-visualization
22/050,2022-08-02,4,8,9,11,42,46,47,github:icelam/mark-six-data-visualization
22/051,2022-08-04,13,24,30,35,36,39,29,github:icelam/mark-six-data-visualization
22/052,2022-08-09,1,12,25,28,36,46,13,github:icelam/mark-six-data-visualization
22/053,2022-08-11,7,12,22,26,43,49,5,github:icelam/mark-six-data-visualization
22/054,2022-08-13,6,22,25,33,38,47,10,github:icelam/mark-six-data-visualization
22/055,2022-08-16,7,20,31,35,41,47,42,github:icelam/mark-six-data-visualization
22/056,2022-08-18,2,8,19,21,24,47,4,github:icelam/mark-six-data-visualization
22/057,2022-08-20,8,17,19,28,31,35,46,github:icelam/mark-six-data-visualization
22/058,2022-08-23,4,8,9,10,30,42,22,github:icelam/mark-six-data-visualization
22/059,2022-08-25,16,19,32,33,42,46,34,github:icelam/mark-six-data-visualization
22/060,2022-08-27,12,22,34,35,39,45,7,github:icelam/mark-six-data-visualization
22/061,2022-08-30,7,8,9,17,24,25,20,github:icelam/mark-six-data-visualization
22/062,2022-09-01,23,24,30,31,45,46,26,github:icelam/mark-six-data-visualization
22/063,2022-09-03,2,8,12,19,35,45,33,github:icelam/mark-six-data-visualization
22/064,2022-09-06,14,22,35,37,42,46,24,github:icelam/mark-six-data-visualization
22/065,2022-09-08,8,14,15,20,41,44,3,github:icelam/mark-six-data-visualization
22/066,2022-09-13,2,4,20,38,40,46,11,github:icelam/mark-six-data-visualization
22/067,2022-09-15,21,23,29,30,33,49,40,github:icelam/mark-six-data-visualization
22/068,2022-09-17,5,17,22,24,34,38,13,github:icelam/mark-six-data-visualization
22/069,2022-09-20,4,7,14,18,27,31,48,github:icelam/mark-six-data-visualization
22/070,2022-09-22,8,11,31,32,33,36,46,github:icelam/mark-six-data-visualization
22/071,2022-09-24,4,6,10,27,29,46,17,github:icelam/mark-six-data-visualization
22/072,2022-09-27,2,18,29,30,32,47,46,github:icelam/mark-six-data-visualization
22/073,2022-09-29,6,8,18,36,37,44,30,github:icelam/mark-six-data-visualization
22/074,2022-10-02,1,7,11,24,27,38,17,github:icelam/mark-six-data-visualization
22/075,2022-10-04,7,8,12,13,26,43,3,github:icelam/mark-six-data-visualization
22/076,2022-10-06,4,11,21,28,31,47,5,github:icelam/mark-six-data-visualization
22/077,2022-10-08,7,11,28,31,43,48,42,github:icelam/mark-six-data-visualization
22/078,2022-10-11,1,5,10,25,36,47,23,github:icelam/mark-six-data-visualization
22/079,2022-10-13,1,10,14,38,47,48,40,github:icelam/mark-six-data-visualization
22/080,2022-10-15,18,21,25,28,38,44,45,github:icelam/mark-six-data-visualization
22/081,2022-10-18,7,25,26,39,44,45,46,github:icelam/mark-six-data-visualization
22/082,2022-10-20,20,24,27,31,32,49,36,github:icelam/mark-six-data-visualization
22/083,2022-10-22,12,15,16,42,44,45,4,github:icelam/mark-six-data-visualization
22/084,2022-10-25,27,28,30,34,35,48,11,github:icelam/mark-six-data-visualization
22/085,2022-10-29,4,5,12,15,28,29,20,github:icelam/mark-six-data-visualization
22/086,2022-11-01,2,12,14,32,41,46,20,github:icelam/mark-six-data-visualization
22/087,2022-11-03,10,13,19,21,27,49,35,github:icelam/mark-six-data-visualization
22/088,2022-11-05,7,11,22,23,28,32,29,github:icelam/mark-six-data-visualization
22/089,2022-11-08,10,20,27,32,38,46,4,github:icelam/mark-six-data-visualization
22/090,2022-11-10,11,12,14,18,29,30,31,github:icelam/mark-six-data-visualization
22/091,2022-11-13,5,12,18,19,26,33,46,github:icelam/mark-six-data-visualization
22/092,2022-11-15,17,18,32,38,44,49,19,github:icelam/mark-six-data-visualization
22/093,2022-11-17,1,9,27,32,33,35,45,github:icelam/mark-six-data-visualization
22/094,2022-11-19,6,11,27,39,46,47,15,github:icelam/mark-six-data-visualization
22/095,2022-11-22,6,10,11,13,32,46,39,github:icelam/mark-six-data-visualization
22/096,2022-11-24,3,12,14,19,25,28,11,github:icelam/mark-six-data-visualization
22/097,2022-11-26,14,25,28,29,43,44,10,github:icelam/mark-six-data-visualization
22/098,2022-11-29,12,18,22,28,31,40,7,github:icelam/mark-six-data-visualization
22/099,2022-12-01,14,18,27,32,39,42,43,github:icelam/mark-six-data-visualization
22/100,2022-12-03,2,15,31,34,38,41,21,github:icelam/mark-six-data-visualization
22/101,2022-12-06,6,11,17,30,44,46,5,github:icelam/mark-six-data-visualization
22/102,2022-12-08,17,19,35,39,44,46,21,github:icelam/mark-six-data-visualization
22/103,2022-12-10,6,12,20,25,39,49,7,github:icelam/mark-six-data-visualization
22/104,2022-12-13,12,38,39,40,45,49,10,github:icelam/mark-six-data-visualization
22/105,2022-12-15,5,7,18,26,31,45,30,github:icelam/mark-six-data-visualization
22/106,2022-12-17,6,14,15,26,35,40,8,github:icelam/mark-six-data-visualization
22/107,2022-12-20,28,36,37,38,41,45,42,github:icelam/mark-six-data-visualization
22/108,2022-12-22,16,18,19,33,41,46,37,github:icelam/mark-six-data-visualization
22/109,2022-12-25,2,7,11,14,18,39,29,github:icelam/mark-six-data-visualization
22/110,2022-12-27,5,13,18,32,39,45,44,github:icelam/mark-six-data-visualization
22/111,2022-12-29,1,2,21,33,41,45,4,github:icelam/mark-six-data-visualization
23/001,2023-01-03,7,20,25,27,35,43,1,github:icelam/mark-six-data-visualization
23/002,2023-01-05,5,9,19,34,36,49,23,github:icelam/mark-six-data-visualization
23/003,2023-01-07,10,31,33,34,43,49,40,github:icelam/mark-six-data-visualization
23/004,2023-01-10,2,21,24,29,35,47,18,github:icelam/mark-six-data-visualization
23/005,2023-01-12,6,22,26,27,40,45,13,github:icelam/mark-six-data-visualization
23/006,2023-01-14,3,5,16,26,35,38,9,github:icelam/mark-six-data-visualization
23/007,2023-01-17,10,15,29,34,38,47,18,github:icelam/mark-six-data-visualization
23/008,2023-01-19,17,25,27,29,36,49,23,github:icelam/mark-six-data-visualization
23/009,2023-01-26,2,3,23,31,32,43,40,github:icelam/mark-six-data-visualization
23/010,2023-01-28,2,12,16,38,45,46,14,github:icelam/mark-six-data-visualization
23/011,2023-02-02,2,8,23,33,34,35,43,github:icelam/mark-six-data-visualization
23/012,2023-02-04,14,18,25,29,31,42,6,github:icelam/mark-six-data-visualization
23/013,2023-02-07,4,11,13,14,30,37,20,github:icelam/mark-six-data-visualization
23/014,2023-02-09,1,9,13,27,29,40,20,github:icelam/mark-six-data-visualization
23/015,2023-02-11,13,18,22,29,34,41,23,github:icelam/mark-six-data-visualization
23/016,2023-02-14,3,13,19,32,33,39,24,github:icelam/mark-six-data-visualization
23/017,2023-02-16,8,9,13,22,38,39,11,github:icelam/mark-six-data-visualization
23/018,2023-02-18,4,12,20,28,34,49,43,github:icelam/mark-six-data-visualization
23/019,2023-02-21,8,19,29,30,33,41,4,github:icelam/mark-six-data-visualization
23/020,2023-02-23,8,16,32,42,47,48,35,github:icelam/mark-six-data-visualization
23/021,2023-02-25,14,25,27,28,44,47,4,github:icelam/mark-six-data-visualization
23/022,2023-02-28,8,13,29,33,40,42,3,github:icelam/mark-six-data-visualization
23/023,2023-03-02,14,17,19,32,39,46,36,github:icelam/mark-six-data-visualization
23/024,2023-03-04,1,9,15,26,42,44,25,github:icelam/mark-six-data-visualization
23/025,2023-03-07,4,11,12,26,37,40,7,github:icelam/mark-six-data-visualization
23/026,2023-03-09,1,4,7,14,31,37,11,github:icelam/mark-six-data-visualization
23/027,2023-03-12,11,12,13,20,35,43,44,github:icelam/mark-six-data-visualization
23/028,2023-03-14,1,2,10,12,18,37,43,github:icelam/mark-six-data-visualization
23/029,2023-03-16,18,21,28,30,34,40,14,github:icelam/mark-six-data-visualization
23/030,2023-03-18,4,7,17,34,42,48,3,github:icelam/mark-six-data-visualization
23/031,2023-03-21,8,13,18,30,33,41,20,github:icelam/mark-six-data-visualization
23/032,2023-03-23,5,14,17,20,22,32,33,github:icelam/mark-six-data-visualization
23/033,2023-03-25,11,15,18,26,31,37,10,github:icelam/mark-six-data-visualization
23/034,2023-03-28,9,10,16,41,44,46,39,github:icelam/mark-six-data-visualization
23/035,2023-03-30,1,8,12,36,42,47,40,github:icelam/mark-six-data-visualization
23/036,2023-04-01,8,9,12,19,21,40,24,github:icelam/mark-six-data-visualization
23/037,2023-04-04,15,19,20,24,36,47,4,github:icelam/mark-six-data-visualization
23/038,2023-04-08,1,13,17,18,33,36,22,github:icelam/mark-six-data-visualization
23/039,2023-04-11,12,23,29,40,42,43,20,github:icelam/mark-six-data-visualization
23/040,2023-04-13,9,14,15,32,36,48,25,github:icelam/mark-six-data-visualization
23/041,2023-04-16,10,12,18,20,23,36,6,github:icelam/mark-six-data-visualization
23/042,2023-04-18,20,23,27,28,30,46,29,github:icelam/mark-six-data-visualization
23/043,2023-04-20,1,20,24,28,38,46,40,github:icelam/mark-six-data-visualization
23/044,2023-04-22,2,6,7,9,17,19,26,github:icelam/mark-six-data-visualization
23/045,2023-04-25,20,26,38,43,46,47,35,github:icelam/mark-six-data-visualization
23/046,2023-04-27,8,12,21,43,44,49,27,github:icelam/mark-six-data-visualization
23/047,2023-04-29,7,8,17,19,27,40,2,github:icelam/mark-six-data-visualization
23/048,2023-05-02,4,10,20,32,38,49,7,github:icelam/mark-six-data-visualization
23/049,2023-05-04,2,10,28,37,47,49,7,github:icelam/mark-six-data-visualization
23/050,2023-05-06,1,5,14,15,21,25,31,github:icelam/mark-six-data-visualization
23/051,2023-05-09,7,10,22,25,32,35,27,github:icelam/mark-six-data-visualization
23/052,2023-05-11,17,18,28,30,32,33,1,github:icelam/mark-six-data-visualization
23/053,2023-05-14,1,4,9,35,37,48,43,github:icelam/mark-six-data-visualization
23/054,2023-05-16,2,18,27,31,32,46,44,github:icelam/mark-six-data-visualization
23/055,2023-05-18,5,6,12,16,41,47,7,github:icelam/mark-six-data-visualization
23/056,2023-05-20,1,19,22,26,46,47,39,github:icelam/mark-six-data-visualization
23/057,2023-05-23,4,14,15,37,41,49,38,github:icelam/mark-six-data-visualization
23/058,2023-05-25,3,14,18,26,40,43,15,github:icelam/mark-six-data-visualization
23/059,2023-05-27,11,20,21,22,27,32,12,github:icelam/mark-six-data-visualization
23/060,2023-05-30,3,9,15,30,32,41,26,github:icelam/mark-six-data-visualization
23/061,2023-06-01,14,30,32,42,45,47,4,github:icelam/mark-six-data-visualization
23/062,2023-06-03,2,16,24,25,47,48,40,github:icelam/mark-six-data-visualization
23/063,2023-06-06,6,12,34,42,45,48,2,github:icelam/mark-six-data-visualization
23/064,2023-06-08,4,22,24,28,45,46,7,github:icelam/mark-six-data-visualization
23/065,2023-06-11,14,16,18,22,30,47,11,github:icelam/mark-six-data-visualization
23/066,2023-06-13,14,16,22,26,36,42,19,github:icelam/mark-six-data-visualization
23/067,2023-06-15,5,13,17,20,33,38,14,github:icelam/mark-six-data-visualization
23/068,2023-06-17,18,22,31,35,44,48,6,github:icelam/mark-six-data-visualization
23/069,2023-06-20,8,18,31,34,35,47,39,github:icelam/mark-six-data-visualization
23/070,2023-06-22,14,15,24,30,37,39,26,github:icelam/mark-six-data-visualization
23/071,2023-06-24,1,11,14,16,26,36,39,github:icelam/mark-six-data-visualization
23/072,2023-06-27,7,10,16,18,29,45,1,github:icelam/mark-six-data-visualization
23/073,2023-06-29,6,10,18,21,22,33,4,github:icelam/mark-six-data-visualization
23/074,2023-07-02,3,6,25,29,35,42,36,github:icelam/mark-six-data-visualization
23/075,2023-07-04,5,15,20,29,32,37,18,github:icelam/mark-six-data-visualization
23/076,2023-07-08,1,11,22,26,38,39,27,github:icelam/mark-six-data-visualization
23/077,2023-07-11,7,19,22,27,40,47,13,github:icelam/mark-six-data-visualization
23/078,2023-07-13,3,8,11,23,36,38,33,github:icelam/mark-six-data-visualization
23/079,2023-07-15,4,9,12,33,37,42,3,github:icelam/mark-six-data-visualization
23/080,2023-07-18,15,16,34,36,39,40,42,github:icelam/mark-six-data-visualization
23/081,2023-07-20,4,16,18,34,35,46,47,github:icelam/mark-six-data-visualization
23/082,2023-07-25,1,2,10,13,29,47,9,github:icelam/mark-six-data-visualization
23/083,2023-07-27,13,15,17,18,20,43,39,github:icelam/mark-six-data-visualization
23/084,2023-07-29,13,23,26,40,41,43,14,github:icelam/mark-six-data-visualization
23/085,2023-08-01,2,7,25,28,31,35,11,github:icelam/mark-six-data-visualization
23/086,2023-08-03,3,14,23,30,33,44,21,github:icelam/mark-six-data-visualization
23/087,2023-08-05,2,8,24,39,41,44,40,github:icelam/mark-six-data-visualization
23/088,2023-08-08,4,7,18,28,30,40,29,github:icelam/mark-six-data-visualization
23/089,2023-08-10,2,3,4,13,18,42,12,github:icelam/mark-six-data-visualization
23/090,2023-08-12,3,12,13,17,24,36,16,github:icelam/mark-six-data-visualization
23/091,2023-08-15,4,12,17,37,38,39,41,github:icelam/mark-six-data-visualization
23/092,2023-08-17,3,9,15,18,21,37,42,github:icelam/mark-six-data-visualization
23/093,2023-08-19,8,14,18,20,23,25,44,github:icelam/mark-six-data-visualization
23/094,2023-08-22,1,5,7,12,48,49,16,github:icelam/mark-six-data-visualization
23/095,2023-08-24,6,18,29,31,44,46,8,github:icelam/mark-six-data-visualization
23/096,2023-08-26,16,26,31,35,39,46,3,github:icelam/mark-six-data-visualization
23/097,2023-08-29,3,6,7,33,36,46,4,github:icelam/mark-six-data-visualization
23/098,2023-08-31,10,15,17,21,40,44,12,github:icelam/mark-six-data-visualization
23/099,2023-09-03,15,20,25,39,45,48,28,github:icelam/mark-six-data-visualization
23/100,2023-09-05,2,5,20,24,27,32,12,github:icelam/mark-six-data-visualization
23/101,2023-09-07,20,22,24,25,29,49,36,github:icelam/mark-six-data-visualization
23/102,2023-09-09,4,6,19,32,39,42,34,github:icelam/mark-six-data-visualization
23/103,2023-09-12,4,10,12,16,30,32,14,github:icelam/mark-six-data-visualization
23/104,2023-09-14,17,27,30,31,32,38,11,github:icelam/mark-six-data-visualization
23/105,2023-09-16,10,24,34,40,41,45,35,github:icelam/mark-six-data-visualization
23/106,2023-09-19,8,9,10,27,35,38,46,github:icelam/mark-six-data-visualization
23/107,2023-09-21,1,10,22,28,33,46,37,github:icelam/mark-six-data-visualization
23/108,2023-09-23,3,27,28,35,44,46,12,github:icelam/mark-six-data-visualization
23/109,2023-09-28,9,12,30,31,45,48,46,github:icelam/mark-six-data-visualization
23/110,2023-09-30,6,8,11,26,35,47,1,github:icelam/mark-six-data-visualization
23/111,2023-10-03,8,16,32,39,40,43,29,github:icelam/mark-six-data-visualization
23/112,2023-10-05,2,11,20,29,41,49,45,github:icelam/mark-six-data-visualization
23/113,2023-10-07,4,9,12,36,43,47,26,github:icelam/mark-six-data-visualization
23/114,2023-10-10,1,12,22,23,34,39,30,github:icelam/mark-six-data-visualization
23/115,2023-10-12,2,13,23,28,30,31,3,github:icelam/mark-six-data-visualization
23/116,2023-10-14,1,29,31,42,47,48,40,github:icelam/mark-six-data-visualization
23/117,2023-10-17,8,18,24,34,41,42,31,github:icelam/mark-six-data-visualization
23/118,2023-10-19,1,13,18,32,34,49,44,github:icelam/mark-six-data-visualization
23/119,2023-10-21,6,8,12,31,32,46,4,github:icelam/mark-six-data-visualization
23/120,2023-10-24,19,20,29,45,48,49,8,github:icelam/mark-six-data-visualization
23/121,2023-10-26,11,16,27,32,33,37,24,github:icelam/mark-six-data-visualization
23/122,2023-10-31,4,33,35,36,41,49,1,github:icelam/mark-six-data-visualization
23/123,2023-11-02,3,14,32,37,43,47,26,github:icelam/mark-six-data-visualization
23/124,2023-11-04,2,13,16,28,40,44,46,github:icelam/mark-six-data-visualization
23/125,2023-11-07,7,16,26,31,47,49,44,github:icelam/mark-six-data-visualization
23/126,2023-11-09,1,4,18,25,30,49,15,github:icelam/mark-six-data-visualization
23/127,2023-11-12,19,26,32,34,37,44,11,github:icelam/mark-six-data-visualization
23/128,2023-11-14,2,15,27,36,37,48,23,github:icelam/mark-six-data-visualization
23/129,2023-11-16,3,5,8,16,26,33,24,github:icelam/mark-six-data-visualization
23/130,2023-11-18,6,25,29,30,34,35,20,github:icelam/mark-six-data-visualization
23/131,2023-11-21,9,11,15,17,19,44,7,github:icelam/mark-six-data-visualization
23/132,2023-11-23,11,16,24,27,28,32,48,github:icelam/mark-six-data-visualization
23/133,2023-11-25,2,8,12,28,34,47,7,github:icelam/mark-six-data-visualization
23/134,2023-11-28,3,14,20,30,38,42,13,github:icelam/mark-six-data-visualization
23/135,2023-11-30,7,12,32,34,36,39,5,github:icelam/mark-six-data-visualization
23/136,2023-12-02,3,17,30,36,38,45,8,github:icelam/mark-six-data-visualization
23/137,2023-12-05,9,16,23,38,39,41,19,github:icelam/mark-six-data-visualization
23/138,2023-12-07,27,28,37,38,43,45,40,github:icelam/mark-six-data-visualization
23/139,2023-12-09,2,3,4,31,46,49,34,github:icelam/mark-six-data-visualization
23/140,2023-12-12,3,10,20,24,27,42,45,github:icelam/mark-six-data-visualization
23/141,2023-12-14,3,4,11,37,44,48,36,github:icelam/mark-six-data-visualization
23/142,2023-12-19,4,9,13,33,35,46,6,github:icelam/mark-six-data-visualization
23/143,2023-12-21,1,10,12,33,46,49,32,github:icelam/mark-six-data-visualization
23/144,2023-12-24,2,8,16,19,37,49,20,github:icelam/mark-six-data-visualization
23/145,2023-12-28,11,18,27,29,34,45,28,github:icelam/mark-six-data-visualization
23/146,2023-12-30,5,8,19,25,41,48,24,github:icelam/mark-six-data-visualization
24/001,2024-01-03,2,3,19,34,37,46,32,github:icelam/mark-six-data-visualization
24/002,2024-01-06,1,4,24,31,33,34,2,github:icelam/mark-six-data-visualization
24/003,2024-01-09,3,9,16,19,33,35,39,github:icelam/mark-six-data-visualization
24/004,2024-01-11,3,6,8,26,29,38,1,github:icelam/mark-six-data-visualization
24/005,2024-01-14,3,17,18,36,38,39,21,github:icelam/mark-six-data-visualization
24/006,2024-01-16,1,6,8,27,41,47,29,github:icelam/mark-six-data-visualization
24/007,2024-01-18,2,10,17,46,47,49,3,github:icelam/mark-six-data-visualization
24/008,2024-01-20,3,25,31,40,43,48,45,github:icelam/mark-six-data-visualization
24/009,2024-01-23,2,6,7,14,30,43,15,github:icelam/mark-six-data-visualization
24/010,2024-01-25,2,5,15,32,45,49,19,github:icelam/mark-six-data-visualization
24/011,2024-01-27,1,8,13,19,34,47,12,github:icelam/mark-six-data-visualization
24/012,2024-01-30,8,20,21,29,30,49,32,github:icelam/mark-six-data-visualization
24/013,2024-02-01,4,12,15,23,24,31,43,github:icelam/mark-six-data-visualization
24/014,2024-02-03,3,7,21,32,36,47,23,github:icelam/mark-six-data-visualization
24/015,2024-02-06,15,18,19,38,41,49,22,github:icelam/mark-six-data-visualization
24/016,2024-02-08,5,7,9,20,22,25,13,github:icelam/mark-six-data-visualization
24/017,2024-02-14,10,12,13,24,25,48,15,github:icelam/mark-six-data-visualization
24/018,2024-02-17,9,23,26,27,36,41,24,github:icelam/mark-six-data-visualization
24/019,2024-02-20,10,26,27,29,30,45,37,github:icelam/mark-six-data-visualization
24/020,2024-02-22,22,25,33,34,35,39,5,github:icelam/mark-six-data-visualization
24/021,2024-02-24,2,7,24,29,30,36,6,github:icelam/mark-six-data-visualization
24/022,2024-02-27,3,11,12,22,24,26,21,github:icelam/mark-six-data-visualization
24/023,2024-02-29,5,13,16,36,39,41,38,github:icelam/mark-six-data-visualization
24/024,2024-03-02,7,23,31,35,43,46,10,github:icelam/mark-six-data-visualization
24/025,2024-03-05,11,24,34,36,39,42,38,github:icelam/mark-six-data-visualization
24/026,2024-03-07,5,22,30,31,32,39,44,github:icelam/mark-six-data-visualization
24/027,2024-03-09,4,5,8,21,32,42,45,github:icelam/mark-six-data-visualization
24/028,2024-03-12,13,16,18,24,32,43,44,github:icelam/mark-six-data-visualization
24/029,2024-03-14,6,23,24,31,34,49,1,github:icelam/mark-six-data-visualization
24/030,2024-03-17,1,8,13,23,40,44,15,github:icelam/mark-six-data-visualization
24/031,2024-03-19,7,8,29,30,36,48,28,github:icelam/mark-six-data-visualization
24/032,2024-03-21,6,19,20,34,39,42,44,github:icelam/mark-six-data-visualization
24/033,2024-03-23,11,18,24,35,42,46,3,github:icelam/mark-six-data-visualization
24/034,2024-03-26,6,11,12,18,24,42,38,github:icelam/mark-six-data-visualization
24/035,2024-03-28,2,9,15,20,39,48,43,github:icelam/mark-six-data-visualization
24/036,2024-03-30,2,6,18,22,36,39,21,github:icelam/mark-six-data-visualization
24/037,2024-04-02,16,25,31,42,43,44,7,github:icelam/mark-six-data-visualization
24/038,2024-04-04,4,8,12,22,24,26,1,github:icelam/mark-six-data-visualization
24/039,2024-04-06,15,16,17,30,34,35,25,github:icelam/mark-six-data-visualization
24/040,2024-04-09,13,20,29,30,34,48,3,github:icelam/mark-six-data-visualization
24/041,2024-04-11,2,7,9,13,33,35,49,github:icelam/mark-six-data-visualization
24/042,2024-04-13,6,10,12,14,17,41,47,github:icelam/mark-six-data-visualization
24/043,2024-04-16,12,14,17,18,23,44,27,github:icelam/mark-six-data-visualization
24/044,2024-04-18,17,25,26,30,38,48,28,github:icelam/mark-six-data-visualization
24/045,2024-04-21,7,8,10,12,17,27,25,github:icelam/mark-six-data-visualization
24/046,2024-04-23,5,6,16,27,37,47,24,github:icelam/mark-six-data-visualization
24/047,2024-04-25,3,17,25,32,36,38,46,github:icelam/mark-six-data-visualization
24/048,2024-04-27,9,18,28,40,47,48,23,github:icelam/mark-six-data-visualization
24/049,2024-04-30,11,12,28,35,37,39,30,github:icelam/mark-six-data-visualization
24/050,2024-05-02,6,18,21,39,42,46,17,github:icelam/mark-six-data-visualization
24/051,2024-05-04,1,3,7,21,28,30,45,github:icelam/mark-six-data-visualization
24/052,2024-05-07,8,19,27,30,36,42,2,github:icelam/mark-six-data-visualization
24/053,2024-05-09,5,14,15,18,23,48,13,github:icelam/mark-six-data-visualization
24/054,2024-05-12,3,9,25,30,36,41,19,github:icelam/mark-six-data-visualization
24/055,2024-05-14,14,37,38,41,45,49,5,github:icelam/mark-six-data-visualization
24/056,2024-05-16,21,32,40,43,44,49,1,github:icelam/mark-six-data-visualization
24/057,2024-05-18,8,17,19,27,33,45,37,github:icelam/mark-six-data-visualization
24/058,2024-05-21,2,3,4,15,37,40,8,github:icelam/mark-six-data-visualization
24/059,2024-05-23,5,9,18,21,36,40,13,github:icelam/mark-six-data-visualization
24/060,2024-05-25,7,26,30,37,46,49,25,github:icelam/mark-six-data-visualization
24/061,2024-05-28,33,37,38,43,44,46,32,github:icelam/mark-six-data-visualization
24/062,2024-05-30,1,24,25,27,30,32,13,github:icelam/mark-six-data-visualization
24/063,2024-06-01,6,18,28,33,36,48,11,github:icelam/mark-six-data-visualization
24/064,2024-06-04,6,11,19,21,27,43,44,github:icelam/mark-six-data-visualization
24/065,2024-06-09,6,9,12,17,19,42,13,github:icelam/mark-six-data-visualization
24/066,2024-06-13,1,5,15,19,25,39,46,github:icelam/mark-six-data-visualization
24/067,2024-06-16,3,7,13,17,21,49,4,github:icelam/mark-six-data-visualization
24/068,2024-06-18,9,16,31,33,38,48,23,github:icelam/mark-six-data-visualization
24/069,2024-06-20,14,21,26,27,42,46,45,github:icelam/mark-six-data-visualization
24/070,2024-06-22,18,25,28,34,42,49,14,github:icelam/mark-six-data-visualization
24/071,2024-06-25,21,30,34,40,48,49,16,github:icelam/mark-six-data-visualization
24/072,2024-06-27,2,17,24,30,32,40,16,github:icelam/mark-six-data-visualization
24/073,2024-06-29,7,21,29,30,36,46,42,github:icelam/mark-six-data-visualization
24/074,2024-07-02,5,8,15,21,27,37,2,github:icelam/mark-six-data-visualization
24/075,2024-07-07,1,2,17,27,34,41,22,github:icelam/mark-six-data-visualization
24/076,2024-07-09,18,25,30,35,36,40,44,github:icelam/mark-six-data-visualization
24/077,2024-07-11,8,20,29,33,34,44,12,github:icelam/mark-six-data-visualization
24/078,2024-07-13,17,21,24,27,29,48,8,github:icelam/mark-six-data-visualization
24/079,2024-07-16,11,13,17,34,40,47,21,github:icelam/mark-six-data-visualization
24/080,2024-07-18,11,12,18,28,29,30,39,github:icelam/mark-six-data-visualization
24/081,2024-07-20,17,18,31,33,39,41,14,github:icelam/mark-six-data-visualization
24/082,2024-07-23,12,13,24,25,27,34,4,github:icelam/mark-six-data-visualization
24/083,2024-07-25,3,16,18,26,43,45,9,github:icelam/mark-six-data-visualization
24/084,2024-07-30,6,7,17,20,21,25,26,github:icelam/mark-six-data-visualization
24/085,2024-08-01,2,9,16,39,43,46,20,github:icelam/mark-six-data-visualization
24/086,2024-08-03,5,6,8,22,26,44,40,github:icelam/mark-six-data-visualization
24/087,2024-08-06,3,4,7,13,27,41,38,github:icelam/mark-six-data-visualization
24/088,2024-08-08,3,6,7,8,11,29,49,github:icelam/mark-six-data-visualization
24/089,2024-08-10,8,12,21,35,44,45,2,github:icelam/mark-six-data-visualization
24/090,2024-08-13,7,9,20,21,30,35,26,github:icelam/mark-six-data-visualization
24/091,2024-08-15,3,16,33,35,39,44,8,github:icelam/mark-six-data-visualization
24/092,2024-08-17,6,13,19,21,26,28,9,github:icelam/mark-six-data-visualization
24/093,2024-08-20,1,4,16,26,39,49,7,github:icelam/mark-six-data-visualization
24/094,2024-08-22,8,9,16,21,32,33,34,github:icelam/mark-six-data-visualization
24/095,2024-08-24,9,15,19,28,31,41,42,github:icelam/mark-six-data-visualization
24/096,2024-08-27,2,15,23,33,34,39,19,github:icelam/mark-six-data-visualization
24/097,2024-08-29,6,7,18,24,28,29,1,github:icelam/mark-six-data-visualization
24/098,2024-08-31,2,21,34,36,41,47,31,github:icelam/mark-six-data-visualization
24/099,2024-09-03,2,3,7,25,46,48,13,github:icelam/mark-six-data-visualization
24/100,2024-09-07,5,24,26,32,35,40,16,github:icelam/mark-six-data-visualization
24/101,2024-09-10,1,12,16,20,21,30,27,github:icelam/mark-six-data-visualization
24/102,2024-09-12,14,18,20,25,32,43,45,github:icelam/mark-six-data-visualization
24/103,2024-09-17,5,18,21,24,27,44,10,github:icelam/mark-six-data-visualization
24/104,2024-09-19,5,18,21,24,44,47,20,github:icelam/mark-six-data-visualization
24/105,2024-09-21,2,3,14,25,27,36,45,github:icelam/mark-six-data-visualization
24/106,2024-09-24,9,17,28,31,40,49,25,github:icelam/mark-six-data-visualization
24/107,2024-09-26,2,4,29,35,38,49,14,github:icelam/mark-six-data-visualization
24/108,2024-10-02,8,15,21,32,43,47,41,github:icelam/mark-six-data-visualization
24/109,2024-10-08,10,16,24,32,37,40,19,github:icelam/mark-six-data-visualization
24/110,2024-10-10,10,33,35,40,44,48,6,github:icelam/mark-six-data-visualization
24/111,2024-10-12,4,8,9,19,20,48,21,github:icelam/mark-six-data-visualization
24/112,2024-10-15,19,36,37,43,44,49,8,github:icelam/mark-six-data-visualization
24/113,2024-10-17,11,17,22,26,33,46,35,github:icelam/mark-six-data-visualization
24/114,2024-10-22,13,21,28,30,41,49,3,github:icelam/mark-six-data-visualization
24/115,2024-10-28,5,6,13,15,36,49,23,github:icelam/mark-six-data-visualization
24/116,2024-10-31,7,13,16,22,23,31,6,github:icelam/mark-six-data-visualization
24/117,2024-11-02,14,16,25,40,41,45,27,github:icelam/mark-six-data-visualization
24/118,2024-11-05,7,11,13,24,27,31,35,github:icelam/mark-six-data-visualization
24/119,2024-11-07,11,17,33,36,40,44,2,github:icelam/mark-six-data-visualization
24/120,2024-11-10,3,20,24,27,30,42,17,github:icelam/mark-six-data-visualization
24/121,2024-11-12,5,13,22,27,45,46,7,github:icelam/mark-six-data-visualization
24/122,2024-11-14,8,14,20,28,36,39,30,github:icelam/mark-six-data-visualization
24/123,2024-11-16,1,3,7,19,31,38,23,github:icelam/mark-six-data-visualization
24/124,2024-11-19,19,32,36,38,39,47,29,github:icelam/mark-six-data-visualization
24/125,2024-11-21,1,3,6,14,32,34,12,github:icelam/mark-six-data-visualization
24/126,2024-11-23,1,2,7,14,15,25,35,github:icelam/mark-six-data-visualization
24/127,2024-11-26,8,11,12,28,29,44,34,github:icelam/mark-six-data-visualization
24/128,2024-11-28,9,15,26,32,33,44,1,github:icelam/mark-six-data-visualization
24/129,2024-11-30,10,14,23,24,33,41,38,github:icelam/mark-six-data-visualization
24/130,2024-12-03,2,13,15,17,22,28,23,github:icelam/mark-six-data-visualization
24/131,2024-12-05,5,12,27,29,38,40,22,github:icelam/mark-six-data-visualization
24/132,2024-12-07,1,15,18,33,34,39,22,github:icelam/mark-six-data-visualization
24/133,2024-12-10,3,18,24,33,43,44,4,github:icelam/mark-six-data-visualization
24/134,2024-12-12,10,14,16,21,37,49,22,github:icelam/mark-six-data-visualization
24/135,2024-12-14,1,16,18,36,37,46,38,github:icelam/mark-six-data-visualization
24/136,2024-12-17,9,11,23,26,30,48,28,github:icelam/mark-six-data-visualization
24/137,2024-12-19,1,2,3,36,37,41,10,github:icelam/mark-six-data-visualization
24/138,2024-12-21,14,20,21,22,23,30,18,github:icelam/mark-six-data-visualization
24/139,2024-12-24,8,11,18,23,25,41,45,github:icelam/mark-six-data-visualization
24/140,2024-12-28,1,3,5,18,26,35,14,github:icelam/mark-six-data-visualization
25/001,2025-01-02,9,23,42,44,45,46,22,github:icelam/mark-six-data-visualization
25/002,2025-01-07,8,13,18,23,31,47,16,github:icelam/mark-six-data-visualization
25/003,2025-01-09,1,19,28,33,35,41,11,github:icelam/mark-six-data-visualization
25/004,2025-01-11,8,15,26,27,30,35,2,github:icelam/mark-six-data-visualization
25/005,2025-01-14,3,5,11,12,18,48,6,github:icelam/mark-six-data-visualization
25/006,2025-01-16,1,3,4,19,38,45,39,github:icelam/mark-six-data-visualization
25/007,2025-01-18,3,4,6,12,18,32,28,github:icelam/mark-six-data-visualization
25/008,2025-01-21,16,22,33,43,48,49,8,github:icelam/mark-six-data-visualization
25/009,2025-01-23,3,6,24,25,34,37,45,github:icelam/mark-six-data-visualization
25/010,2025-01-25,7,14,19,31,36,45,24,github:icelam/mark-six-data-visualization
25/011,2025-02-02,14,18,30,36,40,42,1,github:icelam/mark-six-data-visualization
25/012,2025-02-04,3,13,15,18,19,24,37,github:icelam/mark-six-data-visualization
25/013,2025-02-06,1,4,18,25,38,45,23,github:icelam/mark-six-data-visualization
25/014,2025-02-08,1,7,21,27,33,45,17,github:icelam/mark-six-data-visualization
25/015,2025-02-11,5,15,20,26,30,40,39,github:icelam/mark-six-data-visualization
25/016,2025-02-13,5,26,29,32,42,45,36,github:icelam/mark-six-data-visualization
25/017,2025-02-15,1,8,21,25,29,34,4,github:icelam/mark-six-data-visualization
25/018,2025-02-18,3,7,13,35,37,39,23,github:icelam/mark-six-data-visualization
25/019,2025-02-20,13,20,22,27,41,44,36,github:icelam/mark-six-data-visualization
25/020,2025-02-22,14,15,20,27,41,44,33,github:icelam/mark-six-data-visualization
25/021,2025-02-25,1,2,6,11,40,47,32,github:icelam/mark-six-data-visualization
25/022,2025-02-27,7,11,15,17,25,28,9,github:icelam/mark-six-data-visualization
25/023,2025-03-01,4,15,22,25,29,42,1,github:icelam/mark-six-data-visualization
25/024,2025-03-04,1,9,14,38,42,43,23,github:icelam/mark-six-data-visualization
25/025,2025-03-06,4,11,19,20,30,39,45,github:icelam/mark-six-data-visualization
25/026,2025-03-08,19,25,26,29,32,39,4,github:icelam/mark-six-data-visualization
25/027,2025-03-11,1,4,9,14,21,37,45,github:icelam/mark-six-data-visualization
25/028,2025-03-13,4,16,19,21,26,29,13,github:icelam/mark-six-data-visualization
25/029,2025-03-16,29,30,36,41,48,49,14,github:icelam/mark-six-data-visualization
25/030,2025-03-18,6,8,24,26,29,45,39,github:icelam/mark-six-data-visualization
25/031,2025-03-20,16,20,21,24,39,43,34,github:icelam/mark-six-data-visualization
25/032,2025-03-22,12,23,24,27,36,46,43,github:icelam/mark-six-data-visualization
25/033,2025-03-25,8,11,17,36,43,48,25,github:icelam/mark-six-data-visualization
25/034,2025-03-27,10,19,35,44,47,49,15,github:icelam/mark-six-data-visualization
25/035,2025-03-29,3,5,12,13,45,47,46,github:icelam/mark-six-data-visualization
25/036,2025-04-01,6,14,17,30,35,42,49,github:icelam/mark-six-data-visualization
25/037,2025-04-03,2,4,7,29,32,40,44,github:icelam/mark-six-data-visualization
25/038,2025-04-05,7,11,22,26,39,44,8,github:icelam/mark-six-data-visualization
25/039,2025-04-08,11,17,20,27,36,48,21,github:icelam/mark-six-data-visualization
25/040,2025-04-10,11,22,23,26,32,35,2,github:icelam/mark-six-data-visualization
25/041,2025-04-12,19,21,34,36,47,49,14,github:icelam/mark-six-data-visualization
25/042,2025-04-15,10,20,21,22,23,42,49,github:icelam/mark-six-data-visualization
25/043,2025-04-19,1,11,24,37,45,49,22,github:icelam/mark-six-data-visualization
25/044,2025-04-22,3,7,11,20,23,27,29,github:icelam/mark-six-data-visualization
25/045,2025-04-24,12,16,21,35,44,48,32,github:icelam/mark-six-data-visualization
25/046,2025-04-26,11,15,18,21,29,40,8,github:icelam/mark-six-data-visualization
25/047,2025-04-29,20,21,24,30,32,38,47,github:icelam/mark-six-data-visualization
25/048,2025-05-01,4,7,21,32,41,47,28,github:icelam/mark-six-data-visualization
25/049,2025-05-03,18,20,30,35,47,49,44,github:icelam/mark-six-data-visualization
25/050,2025-05-06,12,15,25,26,29,41,42,github:icelam/mark-six-data-visualization
25/051,2025-05-08,6,11,17,22,27,43,24,github:icelam/mark-six-data-visualization
25/052,2025-05-11,19,26,28,29,46,49,32,github:icelam/mark-six-data-visualization
25/053,2025-05-13,13,26,27,41,45,49,46,github:icelam/mark-six-data-visualization
25/054,2025-05-15,6,12,29,32,34,46,16,github:icelam/mark-six-data-visualization
25/055,2025-05-17,12,22,27,29,32,34,9,github:icelam/mark-six-data-visualization
25/056,2025-05-20,10,15,28,31,34,40,48,github:icelam/mark-six-data-visualization
25/057,2025-05-22,4,11,26,29,34,35,18,github:icelam/mark-six-data-visualization
25/058,2025-05-24,6,14,15,19,45,47,17,github:icelam/mark-six-data-visualization
25/059,2025-05-29,5,6,16,21,24,35,33,github:icelam/mark-six-data-visualization
25/060,2025-06-01,12,16,28,29,38,47,26,github:icelam/mark-six-data-visualization
25/061,2025-06-03,1,2,13,15,41,46,27,github:icelam/mark-six-data-visualization
25/062,2025-06-05,18,22,24,33,39,44,3,github:icelam/mark-six-data-visualization
25/063,2025-06-07,9,15,27,30,34,39,19,github:icelam/mark-six-data-visualization
25/064,2025-06-10,9,13,35,40,45,46,26,github:icelam/mark-six-data-visualization
25/065,2025-06-12,6,25,32,36,39,45,13,github:icelam/mark-six-data-visualization
25/066,2025-06-17,5,19,30,40,44,45,26,github:icelam/mark-six-data-visualization
25/067,2025-06-19,7,12,13,18,34,35,6,github:icelam/mark-six-data-visualization
25/068,2025-06-21,2,4,19,27,31,39,13,github:icelam/mark-six-data-visualization
25/069,2025-06-24,3,21,28,33,45,49,29,github:icelam/mark-six-data-visualization
25/070,2025-06-26,9,11,23,24,29,49,30,github:icelam/mark-six-data-visualization
25/071,2025-06-29,19,29,32,34,42,46,20,github:icelam/mark-six-data-visualization
25/072,2025-07-03,7,17,24,35,37,45,30,github:icelam/mark-six-data-visualization
25/073,2025-07-06,5,9,22,33,46,47,36,github:icelam/mark-six-data-visualization
25/074,2025-07-08,13,16,17,22,23,35,41,github:icelam/mark-six-data-visualization
25/075,2025-07-10,6,13,23,25,32,39,34,github:icelam/mark-six-data-visualization
25/076,2025-07-12,5,17,20,24,27,35,38,github:icelam/mark-six-data-visualization
25/077,2025-07-15,9,12,23,30,31,44,5,github:icelam/mark-six-data-visualization
25/078,2025-07-17,12,19,31,37,42,45,15,github:icelam/mark-six-data-visualization
25/079,2025-07-19,6,25,29,40,48,49,42,github:icelam/mark-six-data-visualization
25/080,2025-07-21,17,20,28,31,35,48,32,github:icelam/mark-six-data-visualization
25/081,2025-07-26,19,22,25,32,33,45,36,github:icelam/mark-six-data-visualization
25/082,2025-07-29,9,11,17,28,35,43,42,github:icelam/mark-six-data-visualization
25/083,2025-07-31,10,21,23,27,35,47,39,github:icelam/mark-six-data-visualization
25/084,2025-08-02,10,14,18,21,34,44,24,github:icelam/mark-six-data-visualization
25/085,2025-08-07,3,7,25,29,37,39,8,github:icelam/mark-six-data-visualization
25/086,2025-08-09,25,36,44,45,48,49,13,github:icelam/mark-six-data-visualization
25/087,2025-08-12,8,16,18,28,29,32,20,github:icelam/mark-six-data-visualization
25/088,2025-08-14,1,13,25,27,31,34,33,github:icelam/mark-six-data-visualization
25/089,2025-08-16,4,10,15,20,32,38,26,github:icelam/mark-six-data-visualization
25/090,2025-08-19,28,32,34,37,45,49,7,github:icelam/mark-six-data-visualization
25/091,2025-08-21,6,8,10,23,32,45,3,github:icelam/mark-six-data-visualization
25/092,2025-08-23,17,22,26,36,39,45,14,github:icelam/mark-six-data-visualization
25/093,2025-08-26,2,3,16,25,38,48,6,github:icelam/mark-six-data-visualization
25/094,2025-08-28,5,36,39,44,48,49,32,github:icelam/mark-six-data-visualization
25/095,2025-08-30,6,18,31,33,44,49,2,github:icelam/mark-six-data-visualization
25/096,2025-09-02,5,18,23,24,29,49,11,github:icelam/mark-six-data-visualization
25/097,2025-09-06,6,19,22,23,34,43,11,github:icelam/mark-six-data-visualization
25/098,2025-09-09,7,15,32,40,42,44,9,github:icelam/mark-six-data-visualization
25/099,2025-09-11,11,21,22,25,32,44,38,github:icelam/mark-six-data-visualization
25/100,2025-09-13,15,21,23,37,47,49,30,github:icelam/mark-six-data-visualization
25/101,2025-09-16,14,21,22,28,32,33,25,github:icelam/mark-six-data-visualization
25/102,2025-09-18,22,33,35,36,37,48,30,github:icelam/mark-six-data-visualization
25/103,2025-09-20,8,13,17,24,36,43,41,github:icelam/mark-six-data-visualization
25/104,2025-09-25,2,11,22,27,46,47,32,github:icelam/mark-six-data-visualization
25/105,2025-09-27,8,14,16,18,26,48,44,github:icelam/mark-six-data-visualization
25/106,2025-09-30,13,21,33,41,44,46,43,github:icelam/mark-six-data-visualization
25/107,2025-10-06,15,17,19,23,24,34,33,github:icelam/mark-six-data-visualization
25/108,2025-10-09,1,3,24,31,39,45,7,github:icelam/mark-six-data-visualization
25/109,2025-10-11,5,6,18,19,30,39,7,github:icelam/mark-six-data-visualization
25/110,2025-10-14,3,15,17,24,32,44,20,github:icelam/mark-six-data-visualization
25/111,2025-10-16,2,11,32,40,43,48,12,github:icelam/mark-six-data-visualization
25/112,2025-10-18,5,13,17,18,31,44,2,github:icelam/mark-six-data-visualization
25/113,2025-10-21,1,8,9,11,18,32,13,github:icelam/mark-six-data-visualization
25/114,2025-10-23,4,19,24,25,26,46,39,github:icelam/mark-six-data-visualization
25/115,2025-10-25,6,7,27,36,39,43,1,github:icelam/mark-six-data-visualization
25/116,2025-10-28,4,7,15,21,45,46,24,github:icelam/mark-six-data-visualization
25/117,2025-11-04,19,20,26,28,39,44,4,github:icelam/mark-six-data-visualization
25/118,2025-11-06,10,17,22,33,40,41,31,github:icelam/mark-six-data-visualization
25/119,2025-11-08,7,9,16,17,33,46,49,github:icelam/mark-six-data-visualization
25/120,2025-11-11,18,20,28,37,38,40,41,github:icelam/mark-six-data-visualization
25/121,2025-11-13,10,11,28,30,37,39,15,github:icelam/mark-six-data-visualization
25/122,2025-11-16,2,11,13,28,38,47,7,github:icelam/mark-six-data-visualization
25/123,2025-11-18,2,4,10,26,28,36,23,github:icelam/mark-six-data-visualization
25/124,2025-11-20,19,26,33,35,36,39,5,github:icelam/mark-six-data-visualization
25/125,2025-11-25,1,2,17,35,37,48,8,github:icelam/mark-six-data-visualization
25/126,2025-12-02,6,18,29,34,37,38,39,github:icelam/mark-six-data-visualization
25/127,2025-12-06,4,6,26,28,34,40,25,github:icelam/mark-six-data-visualization
25/128,2025-12-11,1,5,6,25,30,42,43,github:icelam/mark-six-data-visualization
25/129,2025-12-13,10,17,19,28,45,49,1,github:icelam/mark-six-data-visualization
25/130,2025-12-16,3,12,23,28,35,38,24,github:icelam/mark-six-data-visualization
25/131,2025-12-18,6,23,28,31,33,34,11,github:icelam/mark-six-data-visualization
25/132,2025-12-21,9,17,27,34,39,47,46,github:icelam/mark-six-data-visualization
25/133,2025-12-25,1,2,4,30,41,43,13,github:icelam/mark-six-data-visualization
25/134,2025-12-28,7,10,11,19,25,30,45,github:icelam/mark-six-data-visualization
